-3.405 -1.9729 -3.4331 -2.0608 -3.3991 -1.8986 -3.4765 -2.0169 -3.4795 -1.8966 -3.4136 -2.0787 -0.6296 0.6862 -0.619 0.5896 -0.7018 0.7136 -0.6967 0.6211 -0.7093 0.7487 -0.6949 0.6907 1.9605 3.4097 1.9988 3.3916 2.1202 3.3995 2.0583 3.3861 2.1146 3.5501 2.0453 3.3468 -3.3298 -2.0187 -3.392 -2.0296 -3.4614 -2.0102 -3.3386 -2.1002 -3.4037 -1.9454 -3.4887 -2.0524 -0.6428 0.6725 -0.6311 0.6484 -0.746 0.7142 -0.714 0.6025 -0.6748 0.7833 -0.6837 0.6302 1.9534 3.4859 1.9986 3.3019 1.9639 3.4934 2.0641 3.424 1.941 3.4683 2.0121 3.3197 -3.386 -2.0235 -3.4084 -2.053 -3.4175 -2.0025 -3.3931 -2.0392 -3.4256 -1.9905 -3.3779 -2.0344 -0.7072 0.7026 -0.6874 0.6231 -0.6813 0.7238 -0.8599 0.6202 -0.6969 0.734 -0.6402 0.6002 2.0899 3.5716 2.0539 3.3475 2.108 3.488 1.9272 3.3611 1.9862 3.4519 1.9904 3.3819 
-3.399 -1.9376 -3.4381 -2.0599 -3.3987 -1.8707 -3.4956 -2.0016 -3.5106 -1.8679 -3.4081 -2.0877 -0.6076 0.6632 -0.582 0.5625 -0.7081 0.7014 -0.6901 0.6064 -0.7185 0.7502 -0.6877 0.7032 1.9338 3.3902 1.9979 3.3989 2.1561 3.376 2.0807 3.3912 2.1483 3.5858 2.0627 3.3365 -3.3022 -2.0379 -3.378 -2.0194 -3.4854 -2.0261 -3.3036 -2.1176 -3.4051 -1.9358 -3.5126 -2.0511 -0.6259 0.6442 -0.5989 0.6445 -0.7696 0.7023 -0.7143 0.5804 -0.6704 0.7985 -0.6721 0.6191 1.9238 3.4965 1.9976 3.2741 1.9385 3.5069 2.0888 3.444 1.9066 3.4719 2.0164 3.2988 -3.3805 -2.0447 -3.4008 -2.0519 -3.4243 -2.0153 -3.3795 -2.0327 -3.4356 -1.9987 -3.3583 -2.026 -0.7156 0.6861 -0.6772 0.6091 -0.6795 0.7156 -0.9174 0.6051 -0.7012 0.7298 -0.6114 0.5772 2.1139 3.6157 2.0746 3.3375 2.1392 3.4994 1.8983 3.3564 1.9696 3.4491 1.9863 3.3854 
-3.393 -1.9022 -3.4432 -2.0591 -3.3983 -1.8427 -3.5148 -1.9862 -3.5418 -1.8392 -3.4026 -2.0967 -0.5855 0.6402 -0.545 0.5354 -0.7143 0.6892 -0.6836 0.5917 -0.7277 0.7518 -0.6805 0.7158 1.907 3.3708 1.997 3.4062 2.192 3.3526 2.1031 3.3963 2.182 3.6215 2.0801 3.3262 -3.2746 -2.0572 -3.3639 -2.0091 -3.5095 -2.042 -3.2686 -2.135 -3.4065 -1.9262 -3.5365 -2.0498 -0.609 0.6159 -0.5666 0.6404 -0.7933 0.6903 -0.7146 0.5584 -0.6661 0.8137 -0.6605 0.608 1.8943 3.507 1.9966 3.2462 1.9132 3.5204 2.1135 3.464 1.8722 3.4755 2.0208 3.2779 -3.3749 -2.0658 -3.3932 -2.0507 -3.4311 -2.0282 -3.3659 -2.0262 -3.4456 -2.0069 -3.3387 -2.0175 -0.724 0.6696 -0.667 0.5951 -0.6778 0.7074 -0.975 0.5901 -0.7056 0.7256 -0.5827 0.5543 2.1379 3.6599 2.0954 3.3275 2.1704 3.5107 1.8693 3.3517 1.9529 3.4462 1.982 3.3889 
-3.387 -1.8668 -3.4482 -2.0582 -3.3979 -1.8148 -3.534 -1.9709 -3.5731 -1.8104 -3.3971 -2.1057 -0.5633 0.6172 -0.5079 0.5082 -0.7206 0.6769 -0.677 0.577 -0.737 0.7534 -0.6733 0.7284 1.8802 3.3514 1.996 3.4135 2.228 3.3291 2.1256 3.4015 2.2157 3.6574 2.0975 3.316 -3.247 -2.0765 -3.3498 -1.9988 -3.5336 -2.058 -3.2336 -2.1524 -3.4079 -1.9165 -3.5605 -2.0484 -0.592 0.5875 -0.5342 0.6364 -0.817 0.6783 -0.7149 0.5363 -0.6618 0.8289 -0.649 0.5968 1.8647 3.5176 1.9956 3.2183 1.8878 3.5339 2.1383 3.484 1.8377 3.4792 2.0251 3.257 -3.3694 -2.087 -3.3856 -2.0496 -3.4379 -2.041 -3.3522 -2.0197 -3.4556 -2.015 -3.3192 -2.0091 -0.7324 0.653 -0.6568 0.5811 -0.676 0.6992 -1.0327 0.5751 -0.71 0.7214 -0.5538 0.5313 2.162 3.7042 2.1161 3.3175 2.2016 3.5221 1.8402 3.347 1.9363 3.4434 1.9778 3.3924 
-3.3811 -1.8313 -3.4533 -2.0573 -3.3975 -1.7867 -3.5534 -1.9554 -3.6044 -1.7816 -3.3916 -2.1147 -0.5411 0.5941 -0.4707 0.4809 -0.727 0.6647 -0.6705 0.5623 -0.7462 0.7549 -0.6661 0.741 1.8534 3.332 1.9951 3.4208 2.264 3.3057 2.148 3.4067 2.2495 3.6933 2.1149 3.3057 -3.2193 -2.0958 -3.3357 -1.9886 -3.5578 -2.074 -3.1985 -2.1698 -3.4093 -1.9068 -3.5846 -2.0471 -0.5749 0.5592 -0.5019 0.6322 -0.8407 0.6664 -0.7153 0.5142 -0.6575 0.8441 -0.6374 0.5857 1.8351 3.5283 1.9946 3.1904 1.8624 3.5475 2.163 3.5041 1.8032 3.4828 2.0294 3.2361 -3.364 -2.1082 -3.378 -2.0485 -3.4447 -2.0538 -3.3386 -2.0132 -3.4656 -2.0231 -3.2996 -2.0006 -0.7407 0.6363 -0.6465 0.567 -0.6743 0.6911 -1.0904 0.5601 -0.7144 0.7172 -0.5249 0.5083 2.186 3.7487 2.1369 3.3074 2.2329 3.5334 1.8112 3.3423 1.9197 3.4406 1.9735 3.3959 
-3.3752 -1.7958 -3.4583 -2.0563 -3.3972 -1.7586 -3.5728 -1.9399 -3.6358 -1.7527 -3.3862 -2.1238 -0.5187 0.571 -0.4335 0.4534 -0.7333 0.6525 -0.6639 0.5476 -0.7555 0.7565 -0.659 0.7536 1.8265 3.3125 1.9941 3.4281 2.3 3.2822 2.1705 3.412 2.2833 3.7293 2.1323 3.2955 -3.1917 -2.1152 -3.3215 -1.9783 -3.582 -2.09 -3.1634 -2.1872 -3.4107 -1.8969 -3.6087 -2.0457 -0.5578 0.5308 -0.4694 0.628 -0.8645 0.6544 -0.7156 0.4921 -0.6532 0.8594 -0.6259 0.5745 1.8055 3.539 1.9935 3.1624 1.8371 3.5611 2.1878 3.5242 1.7685 3.4864 2.0338 3.2153 -3.3586 -2.1296 -3.3705 -2.0475 -3.4516 -2.0666 -3.325 -2.0067 -3.4756 -2.0312 -3.2801 -1.9921 -0.7491 0.6196 -0.6362 0.5529 -0.6725 0.6829 -1.1484 0.5451 -0.719 0.7129 -0.4959 0.4853 2.21 3.7935 2.1578 3.2973 2.2643 3.5448 1.782 3.3377 1.903 3.4378 1.9692 3.3994 
-3.3692 -1.7603 -3.4633 -2.0554 -3.3968 -1.7304 -3.5924 -1.9242 -3.6672 -1.7237 -3.3809 -2.1329 -0.4963 0.5478 -0.3961 0.4259 -0.7396 0.6403 -0.6573 0.5329 -0.7649 0.7581 -0.6519 0.7662 1.7996 3.2931 1.9931 3.4354 2.3361 3.2586 2.193 3.4173 2.3171 3.7655 2.1497 3.2852 -3.1639 -2.1346 -3.3073 -1.9681 -3.6063 -2.1062 -3.1282 -2.2046 -3.4122 -1.8869 -3.633 -2.0443 -0.5406 0.5024 -0.4368 0.6237 -0.8883 0.6424 -0.716 0.4699 -0.6489 0.8747 -0.6143 0.5633 1.7758 3.5498 1.9925 3.1344 1.8118 3.5749 2.2126 3.5443 1.7337 3.49 2.0382 3.1944 -3.3533 -2.151 -3.363 -2.0464 -3.4585 -2.0794 -3.3113 -2.0002 -3.4857 -2.0393 -3.2606 -1.9836 -0.7574 0.6028 -0.6259 0.5386 -0.6707 0.6749 -1.2065 0.5301 -0.7235 0.7086 -0.4667 0.4622 2.2341 3.8385 2.1787 3.2871 2.2957 3.5561 1.7529 3.333 1.8863 3.4351 1.9647 3.4029 
-3.3633 -1.7247 -3.4683 -2.0544 -3.3965 -1.7021 -3.6122 -1.9084 -3.6988 -1.6947 -3.3755 -2.142 -0.4736 0.5245 -0.3586 0.3981 -0.746 0.628 -0.6507 0.5181 -0.7743 0.7597 -0.6448 0.7787 1.7726 3.2736 1.9921 3.4427 2.3722 3.235 2.2156 3.4227 2.351 3.8018 2.1672 3.275 -3.1361 -2.1541 -3.293 -1.9579 -3.6306 -2.1224 -3.0929 -2.2221 -3.4136 -1.8768 -3.6574 -2.0429 -0.5232 0.4739 -0.4042 0.6192 -0.9122 0.6304 -0.7164 0.4477 -0.6445 0.8901 -0.6029 0.5521 1.7461 3.5607 1.9914 3.1064 1.7865 3.5887 2.2374 3.5645 1.6988 3.4936 2.0427 3.1735 -3.348 -2.1725 -3.3554 -2.0454 -3.4654 -2.0921 -3.2976 -1.9938 -3.4957 -2.0474 -3.2411 -1.9751 -0.7656 0.5858 -0.6154 0.5243 -0.6689 0.6668 -1.2648 0.5152 -0.7282 0.7043 -0.4373 0.439 2.2582 3.8837 2.1996 3.2769 2.3273 3.5675 1.7236 3.3283 1.8697 3.4323 1.9603 3.4064 
-3.3574 -1.6889 -3.4733 -2.0534 -3.3962 -1.6737 -3.6321 -1.8926 -3.7305 -1.6655 -3.3703 -2.1512 -0.4508 0.5011 -0.321 0.3701 -0.7523 0.6157 -0.6441 0.5034 -0.7837 0.7612 -0.6378 0.7913 1.7455 3.2542 1.9911 3.4499 2.4085 3.2113 2.2382 3.4283 2.385 3.8382 2.1847 3.2648 -3.1082 -2.1737 -3.2786 -1.9478 -3.6551 -2.1388 -3.0574 -2.2395 -3.415 -1.8666 -3.682 -2.0414 -0.5056 0.4454 -0.3713 0.6146 -0.9361 0.6183 -0.7169 0.4254 -0.6401 0.9056 -0.5914 0.5408 1.7163 3.5717 1.9903 3.0783 1.7612 3.6026 2.2623 3.5848 1.6638 3.4971 2.0471 3.1527 -3.3424 -2.1943 -3.3479 -2.0444 -3.4724 -2.1049 -3.2838 -1.9874 -3.5058 -2.0554 -3.2217 -1.9665 -0.7738 0.5687 -0.6049 0.5099 -0.6671 0.6589 -1.323 0.5003 -0.7329 0.6998 -0.4077 0.4158 2.2823 3.9288 2.2207 3.2666 2.359 3.5788 1.6943 3.3237 1.853 3.4295 1.9557 3.41 
-3.3515 -1.6531 -3.4783 -2.0524 -3.3959 -1.6451 -3.6523 -1.8776 -3.7623 -1.6362 -3.3651 -2.1604 -0.4277 0.4775 -0.2833 0.3419 -0.7587 0.6034 -0.6374 0.4886 -0.7933 0.7627 -0.6309 0.8039 1.7184 3.2347 1.99 3.4572 2.4448 3.1876 2.2609 3.434 2.419 3.8748 2.2022 3.2546 -3.0802 -2.1934 -3.2641 -1.9377 -3.6797 -2.1553 -3.0218 -2.2569 -3.4165 -1.8562 -3.7068 -2.0399 -0.4878 0.4167 -0.3383 0.6098 -0.9601 0.6062 -0.7174 0.4031 -0.6357 0.9211 -0.58 0.5295 1.6865 3.5829 1.9893 3.0502 1.736 3.6167 2.2873 3.6051 1.6286 3.5006 2.0516 3.1319 -3.3353 -2.2162 -3.3403 -2.0434 -3.4794 -2.1177 -3.27 -1.981 -3.516 -2.0634 -3.2023 -1.9578 -0.7818 0.5514 -0.5943 0.4953 -0.6653 0.6509 -1.3805 0.4854 -0.7378 0.6953 -0.3778 0.3925 2.3064 3.9729 2.2418 3.2561 2.3909 3.5902 1.6648 3.319 1.8364 3.4268 1.951 3.4135 
-3.3455 -1.6172 -3.4833 -2.0513 -3.3956 -1.6165 -3.6726 -1.8661 -3.794 -1.6068 -3.36 -2.1696 -0.4044 0.4537 -0.2454 0.3135 -0.7651 0.591 -0.6307 0.4739 -0.8029 0.7641 -0.624 0.8165 1.6912 3.2152 1.9888 3.4644 2.4812 3.1638 2.2837 3.4397 2.4531 3.9114 2.2198 3.2444 -3.0521 -2.2132 -3.2495 -1.9277 -3.7044 -2.172 -2.986 -2.2744 -3.4179 -1.8455 -3.7317 -2.0384 -0.4698 0.388 -0.3052 0.6047 -0.9841 0.5941 -0.7179 0.3806 -0.6313 0.9368 -0.5686 0.5182 1.6566 3.5941 1.9882 3.0221 1.7108 3.6308 2.3123 3.6255 1.5932 3.5039 2.0562 3.1112 -3.3241 -2.2385 -3.3328 -2.0425 -3.4866 -2.1304 -3.2561 -1.9746 -3.5261 -2.0714 -3.1829 -1.9491 -0.7898 0.5339 -0.5835 0.4805 -0.6634 0.6431 -1.4345 0.4705 -0.7427 0.6906 -0.3476 0.3691 2.3305 4.0131 2.263 3.2456 2.4229 3.6015 1.6352 3.3144 1.8197 3.4241 1.9463 3.4171 
-3.3396 -1.5812 -3.4882 -2.0501 -3.3954 -1.5877 -3.693 -1.8637 -3.8256 -1.5773 -3.355 -2.1789 -0.3809 0.4298 -0.2076 0.2849 -0.7715 0.5786 -0.6239 0.4591 -0.8126 0.7655 -0.6172 0.829 1.6639 3.1956 1.9876 3.4716 2.5177 3.1398 2.3066 3.4454 2.4873 3.9478 2.2374 3.2343 -3.0238 -2.2331 -3.2348 -1.9178 -3.7292 -2.1889 -2.9501 -2.2919 -3.4193 -1.8347 -3.7566 -2.0369 -0.4516 0.3591 -0.2718 0.5995 -1.0083 0.5819 -0.7185 0.3581 -0.6268 0.9524 -0.5572 0.5068 1.6266 3.6052 1.9871 2.9938 1.6857 3.6452 2.3374 3.646 1.5576 3.5072 2.0608 3.0905 -3.3028 -2.261 -3.3252 -2.0416 -3.4938 -2.1432 -3.2422 -1.9683 -3.5363 -2.0794 -3.1636 -1.9404 -0.7977 0.5161 -0.5726 0.4656 -0.6614 0.6354 -1.4794 0.4557 -0.7478 0.6858 -0.3171 0.3456 2.3547 4.0437 2.2843 3.2348 2.4552 3.6127 1.6055 3.3097 1.803 3.4213 1.9415 3.4206 
-3.3336 -1.5451 -3.4931 -2.0488 -3.3952 -1.5588 -3.713 -1.8741 -3.8569 -1.5477 -3.3501 -2.1882 -0.3574 0.4058 -0.17 0.2567 -0.7779 0.5661 -0.6171 0.4444 -0.8224 0.7668 -0.6104 0.8415 1.6365 3.1761 1.9864 3.4787 2.5543 3.1158 2.3296 3.4506 2.5215 3.9841 2.255 3.2242 -2.9954 -2.2532 -3.2198 -1.908 -3.7542 -2.2058 -2.9141 -2.3094 -3.4208 -1.8236 -3.7809 -2.0353 -0.4333 0.3303 -0.2384 0.5942 -1.0325 0.5697 -0.7191 0.3355 -0.6223 0.9682 -0.5459 0.4954 1.5966 3.6156 1.9859 2.9656 1.6606 3.6597 2.3627 3.6666 1.5217 3.5103 2.0655 3.0699 -3.2656 -2.2838 -3.3176 -2.0408 -3.5012 -2.156 -3.2282 -1.9621 -3.5464 -2.0874 -3.1444 -1.9315 -0.8054 0.4979 -0.5614 0.4505 -0.6595 0.6277 -1.5114 0.441 -0.7531 0.681 -0.2864 0.322 2.3789 4.0588 2.3058 3.2239 2.4877 3.6239 1.5757 3.3051 1.7864 3.4186 1.9365 3.4242 
-3.3276 -1.5088 -3.4979 -2.0476 -3.3951 -1.5297 -3.732 -1.8922 -3.8878 -1.5179 -3.3453 -2.1975 -0.3342 0.382 -0.1333 0.2292 -0.7842 0.5536 -0.6102 0.4296 -0.8323 0.768 -0.6037 0.854 1.609 3.1565 1.985 3.4859 2.591 3.0917 2.3527 3.4548 2.5559 4.0199 2.2727 3.2141 -2.9668 -2.2734 -3.2047 -1.8983 -3.7794 -2.2225 -2.8783 -2.3269 -3.4222 -1.8122 -3.8031 -2.0336 -0.4153 0.3016 -0.205 0.5893 -1.0567 0.5574 -0.7197 0.3128 -0.6179 0.984 -0.5344 0.4839 1.5665 3.6236 1.9848 2.9373 1.6356 3.6744 2.388 3.6873 1.4857 3.5133 2.0702 3.0493 -3.2142 -2.3065 -3.3099 -2.04 -3.5086 -2.1687 -3.2142 -1.9559 -3.5566 -2.0954 -3.1252 -1.9226 -0.813 0.4795 -0.5499 0.4352 -0.6574 0.6202 -1.5357 0.4262 -0.7585 0.6765 -0.2558 0.2983 2.4031 4.0597 2.3274 3.213 2.5203 3.6351 1.5456 3.3005 1.7697 3.4159 1.9314 3.4277 
-3.3216 -1.4722 -3.5027 -2.0464 -3.395 -1.5005 -3.7489 -1.9129 -3.9182 -1.4879 -3.3406 -2.2069 -0.3119 0.3588 -0.0981 0.2037 -0.7906 0.541 -0.6031 0.4148 -0.8424 0.7691 -0.5971 0.8665 1.5814 3.1369 1.9836 3.493 2.6278 3.0675 2.376 3.4566 2.5904 4.0554 2.2905 3.204 -2.938 -2.2938 -3.1894 -1.8888 -3.8047 -2.2382 -2.8436 -2.3445 -3.4236 -1.8006 -3.8195 -2.0319 -0.3982 0.2736 -0.1722 0.5852 -1.081 0.5451 -0.7204 0.29 -0.6138 0.9998 -0.5227 0.4724 1.5363 3.6258 1.9837 2.9089 1.6107 3.6892 2.4135 3.7082 1.4494 3.5161 2.075 3.0289 -3.1566 -2.3278 -3.3022 -2.0394 -3.5162 -2.1815 -3.2 -1.9497 -3.5669 -2.1034 -3.106 -1.9136 -0.8207 0.4608 -0.5381 0.4196 -0.6553 0.6128 -1.5575 0.4116 -0.7642 0.6732 -0.2261 0.2746 2.4273 4.053 2.3491 3.2022 2.5529 3.6462 1.5154 3.2959 1.7531 3.4132 1.9263 3.4313 
-3.3155 -1.435 -3.5075 -2.0455 -3.395 -1.4711 -3.762 -1.934 -3.9483 -1.4578 -3.3362 -2.2163 -0.2916 0.337 -0.0657 0.1815 -0.797 0.5284 -0.596 0.4001 -0.8526 0.77 -0.5906 0.8789 1.5537 3.1173 1.9821 3.5 2.6647 3.0432 2.3994 3.4547 2.625 -4.0528 2.3084 3.194 -2.909 -2.3143 -3.1739 -1.8794 -3.8301 -2.2514 -2.8115 -2.3621 -3.425 -1.7886 -3.8254 -2.0302 -0.383 0.247 -0.1407 0.5831 -1.1054 0.5327 -0.7212 0.267 -0.6105 1.0155 -0.5101 0.4608 1.506 3.6173 1.9825 2.8804 1.5858 3.7042 2.4391 3.7291 1.413 3.5187 2.0799 3.0085 -3.1032 -2.3421 -3.2943 -2.0388 -3.5239 -2.1943 -3.1858 -1.9436 -3.5771 -2.1113 -3.0869 -1.9045 -0.8287 0.4418 -0.5257 0.4038 -0.6531 0.6056 -1.5787 0.3969 -0.7701 0.6726 -0.1991 0.2509 2.4515 4.0435 2.3711 3.1922 2.5848 3.6572 1.485 3.2913 1.7364 3.4106 1.921 3.4349 
-3.3095 -1.3971 -3.5122 -2.0451 -3.3949 -1.4415 -3.7702 -1.9551 -3.9781 -1.4276 -3.3319 -2.2256 -0.2747 0.3176 -0.0371 0.1639 -0.8034 0.5157 -0.5888 0.3853 -0.8629 0.7707 -0.5841 0.8913 1.5258 3.0977 1.9805 3.507 2.7017 3.0188 2.423 3.4477 2.6598 -4.018 2.3263 3.184 -2.8797 -2.335 -3.1582 -1.8702 -3.8558 -2.2596 -2.7843 -2.3797 -3.4264 -1.7762 -3.8185 -2.0284 -0.3709 0.223 -0.1117 0.5842 -1.1298 0.5203 -0.7219 0.2439 -0.6086 1.0311 -0.496 0.4491 1.4757 3.5958 1.9814 2.8519 1.561 3.7193 2.4648 3.7502 1.3765 3.5213 2.0848 2.9883 -3.0691 -2.3362 -3.2863 -2.0384 -3.5316 -2.2071 -3.1716 -1.9375 -3.5874 -2.1193 -3.0677 -1.8953 -0.8376 0.4231 -0.5123 0.3876 -0.6509 0.5984 -1.6 0.3824 -0.7762 0.6775 -0.1775 0.2272 2.4758 4.0334 2.3932 3.1841 2.6148 3.6681 1.4544 3.2868 1.7198 3.4079 1.9155 3.4384 
-3.3033 -1.3578 -3.5168 -2.0458 -3.3949 -1.4119 -3.7733 -1.9761 -4.0078 -1.3972 -3.3277 -2.235 -0.2618 0.3013 -0.0128 0.1516 -0.8097 0.5029 -0.5815 0.3706 -0.8734 0.7713 -0.5777 0.9036 1.4977 3.078 1.9789 3.5139 2.739 2.9942 2.4466 3.4355 2.6947 -3.9832 2.3443 3.1741 -2.8502 -2.356 -3.1424 -1.861 -3.8816 -2.2609 -2.7641 -2.3974 -3.4278 -1.7634 -3.8023 -2.0266 -0.3631 0.2026 -0.0861 0.5896 -1.1541 0.5078 -0.7228 0.2208 -0.6083 1.0464 -0.4803 0.4373 1.4452 3.5648 1.9802 2.8233 1.5363 3.7342 2.4902 3.7714 1.34 3.524 2.0899 2.9682 -3.0625 -2.3028 -3.2782 -2.0381 -3.539 -2.2199 -3.1573 -1.9316 -3.5977 -2.1272 -3.0486 -1.886 -0.8487 0.4052 -0.4977 0.371 -0.6485 0.5913 -1.6214 0.3679 -0.7825 0.6908 -0.1642 0.2037 2.5001 4.0232 2.4156 3.1803 2.6406 3.6788 1.4236 3.2822 1.7031 3.4052 1.91 3.442 
-3.2971 -1.3168 -3.5214 -2.0481 -3.395 -1.3821 -3.7722 -1.997 -4.0375 -1.3665 -3.3238 -2.2444 -0.2526 0.2877 0.008 0.1437 -0.816 0.4901 -0.5741 0.3559 -0.884 0.7716 -0.5714 0.9159 1.4692 3.0583 1.9774 3.5207 2.7765 2.9696 2.4704 3.4191 2.7298 -3.9485 2.3624 3.1642 -2.8203 -2.377 -3.1267 -1.852 -3.9074 -2.2558 -2.7503 -2.415 -3.4291 -1.7503 -3.7815 -2.0246 -0.3599 0.1855 -0.0639 0.5996 -1.1785 0.4952 -0.7236 0.1975 -0.6093 1.0612 -0.4634 0.4254 1.4145 3.529 1.979 2.7946 1.5117 3.7485 2.515 3.7926 1.3038 3.5273 2.0949 2.9483 -3.0715 -2.2539 -3.2701 -2.038 -3.5457 -2.2328 -3.143 -1.9256 -3.608 -2.1351 -3.0295 -1.8765 -0.863 0.3896 -0.482 0.3541 -0.6459 0.5843 -1.6428 0.3535 -0.7892 0.7131 -0.1601 0.1804 2.5245 4.0133 2.4382 3.1833 2.6597 3.6895 1.3928 3.2777 1.6864 3.4026 1.9043 3.4455 
-3.2909 -1.2736 -3.5259 -2.0521 -3.3951 -1.3523 -3.7685 -2.0179 -4.0672 -1.3357 -3.3201 -2.2538 -0.2458 0.2759 0.0265 0.1386 -0.8223 0.4771 -0.5669 0.3411 -0.8947 0.7717 -0.5652 0.928 1.4401 3.0387 1.9761 3.5274 2.8145 2.9449 2.494 3.3999 2.7652 -3.9138 2.3806 3.1544 -2.79 -2.3981 -3.1113 -1.8428 -3.9334 -2.2466 -2.7407 -2.4328 -3.4304 -1.7367 -3.7591 -2.0227 -0.3604 0.1708 -0.0438 0.6135 -1.2027 0.4825 -0.7246 0.1743 -0.6109 1.0754 -0.4459 0.4133 1.3838 3.4915 1.9778 2.7659 1.4872 3.7612 2.5386 3.8139 1.2681 3.5318 2.1001 2.9284 -3.0851 -2.2004 -3.2619 -2.0381 -3.5508 -2.2456 -3.1285 -1.9198 -3.6183 -2.1431 -3.0103 -1.8669 -0.8808 0.3787 -0.4673 0.3367 -0.6433 0.577 -1.6643 0.3391 -0.7961 0.7423 -0.1632 0.1576 2.5488 4.0036 2.461 3.1937 2.6716 3.7 1.362 3.2732 1.6697 3.4 1.8985 3.4491 
-3.2846 -1.2285 -3.5304 -2.0579 -3.3954 -1.3223 -3.7635 -2.0387 4.0463 -1.3047 -3.3165 -2.2632 -0.2403 0.265 0.044 0.1349 -0.8285 0.4641 -0.5599 0.3264 -0.9055 0.7716 -0.559 0.9401 1.4102 3.019 1.9754 3.5341 2.8531 2.9201 2.5172 3.3792 2.8008 -3.879 2.3987 3.1446 -2.7592 -2.4192 -3.0968 -1.8333 -3.9593 -2.2357 -2.7328 -2.4505 -3.4317 -1.7229 -3.7362 -2.0207 -0.3634 0.1571 -0.0246 0.6299 -1.2268 0.4698 -0.7255 0.1513 -0.6127 1.089 -0.428 0.4007 1.3529 3.4533 1.9765 2.7371 1.4628 3.7709 2.56 3.8351 1.2331 3.5384 2.1053 2.9087 -3.0994 -2.1463 -3.2538 -2.0384 -3.5528 -2.2584 -3.1139 -1.914 -3.6287 -2.1513 -2.9911 -1.8569 -0.9015 0.3749 -0.4566 0.3187 -0.6405 0.5692 -1.6859 0.3248 -0.8034 0.7754 -0.1706 0.1353 2.5732 3.9942 2.4841 3.2095 2.6782 3.7103 1.3317 3.2688 1.6529 3.3973 1.8925 3.4526 
-3.2783 -1.1815 -3.5347 -2.0651 -3.3959 -1.2924 -3.7579 -2.0594 4.0166 -1.2734 -3.3132 -2.2726 -0.2355 0.2547 0.061 0.1317 -0.8347 0.451 -0.5534 0.3118 -0.9164 0.7712 -0.553 0.9522 1.3791 2.9993 1.9755 3.5406 2.893 2.8952 2.5394 3.3581 2.8369 -3.8444 2.4166 3.135 -2.7276 -2.4399 -3.0838 -1.8233 -3.985 -2.2242 -2.7257 -2.4683 -3.433 -1.709 -3.7135 -2.0186 -0.3677 0.1438 -0.0058 0.6476 -1.2507 0.457 -0.7265 0.1287 -0.6147 1.1019 -0.4096 0.3874 1.3218 3.4151 1.9753 2.7082 1.4385 3.7759 2.5783 3.8561 1.1993 3.5482 2.1106 2.889 -3.1135 -2.0923 -3.2459 -2.0389 -3.5501 -2.2713 -3.099 -1.9082 -3.6391 -2.1597 -2.9717 -1.8465 -0.9237 0.3793 -0.4522 0.3 -0.6375 0.5605 -1.7075 0.3107 -0.8112 0.8103 -0.1804 0.1138 2.5977 3.9852 2.5076 3.228 2.6822 3.7205 1.3022 3.2643 1.6361 3.3947 1.8864 3.4562 
-3.2718 -1.1332 -3.5389 -2.0734 -3.3969 -1.2623 -3.7523 -2.0802 3.9869 -1.2418 -3.3101 -2.282 -0.231 0.2446 0.0778 0.1287 -0.8408 0.4378 -0.5482 0.2971 -0.9274 0.7706 -0.5469 0.9643 1.3462 2.9796 1.977 3.547 2.9346 2.8703 2.5602 3.3368 2.8735 -3.8098 2.4342 3.1254 -2.6954 -2.46 -3.0731 -1.8124 -4.0105 -2.2126 -2.7187 -2.4861 -3.4342 -1.6953 -3.6909 -2.0165 -0.3726 0.1307 0.013 0.666 -1.2745 0.4441 -0.7275 0.1072 -0.6168 1.1144 -0.3905 0.3727 1.2906 3.3769 1.974 2.6793 1.4143 3.7749 2.5926 3.8767 1.1671 3.5618 2.116 2.8694 -3.1271 -2.0386 -3.2385 -2.0396 -3.5413 -2.2841 -3.0835 -1.9026 -3.6495 -2.1687 -2.952 -1.8354 -0.9467 0.3907 -0.4536 0.2805 -0.6344 0.5502 -1.7292 0.2966 -0.8194 0.8457 -0.1916 0.0932 2.6221 3.9765 2.5313 3.2477 2.6851 3.7305 1.2742 3.2599 1.6193 3.3921 1.8801 3.4597 
-3.2653 -1.084 -3.5431 -2.0823 -3.3988 -1.232 -3.7468 -2.1009 3.9572 -1.21 -3.3072 -2.2915 -0.2266 0.2349 0.0945 0.1255 -0.8468 0.4245 -0.5449 0.2824 -0.9385 0.7699 -0.541 0.9765 1.3114 2.9599 1.9802 3.5533 2.9784 2.8453 2.5791 3.316 2.9107 -3.7753 2.451 3.1159 -2.663 -2.4789 -3.0655 -1.7998 -4.0355 -2.2011 -2.7117 -2.5039 -3.4354 -1.6825 -3.6685 -2.0143 -0.3775 0.1176 0.0319 0.6844 -1.2981 0.4311 -0.7286 0.0874 -0.619 1.1266 -0.3701 0.3556 1.2593 3.339 1.9726 2.6502 1.3903 3.7679 2.603 3.897 1.1374 3.5794 2.1215 2.8498 -3.1401 -1.9851 -3.2314 -2.0404 -3.5264 -2.297 -3.0669 -1.897 -3.6599 -2.1785 -2.9322 -1.8234 -0.9699 0.4066 -0.4587 0.2602 -0.6311 0.5373 -1.7509 0.2826 -0.828 0.881 -0.2037 0.0735 2.6466 3.9681 2.5555 3.2677 2.6879 3.7403 1.2487 3.2556 1.6024 3.3895 1.8737 3.4633 
-3.2587 -1.0342 -3.5471 -2.0914 -3.402 -1.2016 -3.7415 -2.1216 3.9276 -1.1781 -3.3045 -2.3009 -0.2224 0.2255 0.1112 0.1222 -0.8527 0.4111 -0.5444 0.2678 -0.9496 0.769 -0.5351 0.989 1.2744 2.9402 1.9851 3.5595 3.0245 2.8203 2.5958 3.2959 2.9488 -3.7408 2.4666 3.1065 -2.6313 -2.4961 -3.0615 -1.7849 -4.0602 -2.1898 -2.7046 -2.5218 -3.4365 -1.6717 -3.6462 -2.0121 -0.3822 0.1046 0.0508 0.7026 -1.3218 0.418 -0.7298 0.0701 -0.6213 1.1387 -0.3479 0.3348 1.2278 3.3012 1.9713 2.6212 1.3664 3.7563 2.6101 3.9167 1.1113 3.6002 2.1271 2.8301 -3.1526 -1.9319 -3.2248 -2.0414 -3.5069 -2.3099 -3.0489 -1.8915 -3.6703 -2.1895 -2.9121 -1.8099 -0.9931 0.4248 -0.4656 0.2391 -0.6279 0.5212 -1.7726 0.2688 -0.8365 0.9159 -0.2164 0.0547 2.6711 3.9601 2.5799 3.2876 2.6908 3.7499 1.2263 3.2512 1.5854 3.387 1.8671 3.4668 
-3.2521 -0.9839 -3.551 -2.1006 -3.4069 -1.1708 -3.7366 -2.1424 3.8979 -1.1462 -3.3021 -2.3103 -0.2182 0.2165 0.1279 0.1186 -0.8585 0.3975 -0.5473 0.2532 -0.9608 0.7679 -0.5293 1.0017 1.2353 2.9206 1.9916 3.5654 3.0726 2.7952 2.6108 3.2771 2.9877 -3.7065 2.4805 3.0972 -2.6015 -2.511 -3.0615 -1.7668 4.0589 -2.1787 -2.6975 -2.5397 -3.4377 -1.6645 -3.6241 -2.0098 -0.3866 0.0917 0.0697 0.7205 -1.3454 0.4048 -0.7309 0.0558 -0.6235 1.1508 -0.3238 0.3097 1.1964 3.2639 1.9698 2.592 1.3427 3.7418 2.615 3.936 1.0897 3.6232 2.1327 2.81 -3.1649 -1.8787 -3.2183 -2.0422 -3.4844 -2.3228 -3.0291 -1.8861 -3.6807 -2.202 -2.8917 -1.7949 -1.0162 0.4439 -0.4733 0.2178 -0.6251 0.5014 -1.7944 0.255 -0.8433 0.9503 -0.2295 0.0365 2.6957 3.9525 2.6048 3.3075 2.694 3.7595 1.2074 3.2469 1.5684 3.3844 1.8604 3.4704 
-3.2452 -0.9335 -3.5548 -2.1098 -3.4133 -1.1397 -3.7318 -2.1632 3.8683 -1.1153 -3.2999 -2.3198 -0.2142 0.2078 0.1446 0.1149 -0.8642 0.3838 -0.5534 0.2387 -0.9721 0.7668 -0.5235 1.0146 1.1946 2.901 1.9994 3.571 3.122 2.7701 2.6245 3.2602 3.0272 -3.6721 2.4923 3.088 -2.5744 -2.5237 -3.0655 -1.7449 4.0349 -2.1678 -2.6903 -2.5576 -3.4387 -1.6624 -3.6021 -2.0075 -0.3908 0.0788 0.0887 0.7378 -1.3691 0.3916 -0.7322 0.0443 -0.6251 1.1629 -0.2981 0.2802 1.165 3.2271 1.9684 2.5627 1.3192 3.7257 2.6186 3.955 1.0728 3.6475 2.1384 2.7896 -3.1773 -1.8257 -3.2118 -2.0427 -3.4604 -2.3357 -3.0074 -1.8808 -3.6912 -2.2161 -2.8709 -1.7782 -1.0391 0.4631 -0.4809 0.1969 -0.6232 0.4783 -1.8162 0.2414 -0.8465 0.9843 -0.2429 0.0188 2.7204 3.9451 2.63 3.3272 2.6975 3.769 1.1918 3.2426 1.5512 3.3819 1.8536 3.4739 
-3.2382 -0.8831 -3.5584 -2.119 -3.4212 -1.1082 -3.7272 -2.1839 3.8387 -1.0872 -3.2979 -2.3294 -0.2102 0.1994 0.1613 0.1112 -0.8698 0.37 -0.5622 0.2242 -0.9834 0.7655 -0.5177 1.0277 1.1526 2.8814 2.0081 3.5761 3.1724 2.7451 2.6375 3.2454 3.0675 -3.6377 2.5018 3.0789 -2.5506 -2.5343 -3.0729 -1.7192 4.0111 -2.157 -2.683 -2.5756 -3.4397 -1.6664 -3.5802 -2.0052 -0.3946 0.066 0.1077 0.7545 -1.3928 0.3782 -0.7334 0.0351 -0.6245 1.1749 -0.2713 0.2474 1.1339 3.191 1.9669 2.5334 1.2958 3.709 2.6216 3.9738 1.0599 3.6725 2.1442 2.7683 -3.19 -1.7727 -3.2052 -2.0426 -3.4356 -2.3487 -2.9843 -1.8755 -3.7016 -2.2316 -2.8499 -1.7599 -1.0618 0.4821 -0.488 0.1772 -0.6232 0.4525 -1.8381 0.228 -0.845 1.0179 -0.2563 0.0013 2.7451 3.938 2.6556 3.3468 2.7013 3.7787 1.1787 3.2384 1.534 3.3794 1.8466 3.4774 
-3.2311 -0.8336 -3.562 -2.1283 -3.43 -1.0763 -3.7227 -2.2047 3.809 -1.0647 -3.2963 -2.339 -0.2064 0.1915 0.1781 0.1084 -0.8753 0.3561 -0.5727 0.2097 -0.9947 0.7641 -0.512 1.0407 1.1097 2.8618 2.0172 3.5805 3.2232 2.72 2.6502 3.2322 3.1088 -3.6033 2.5089 3.0699 -2.5298 -2.5436 -3.0829 -1.69 3.9873 -2.1464 -2.6758 -2.5937 -3.4407 -1.6759 -3.5583 -2.0027 -0.3983 0.0533 0.1268 0.7702 -1.4165 0.3647 -0.7347 0.0272 -0.6195 1.1869 -0.2437 0.2132 1.1034 3.156 1.9653 2.5039 1.2726 3.6921 2.6244 3.9926 1.0497 3.6977 2.15 2.7462 -3.2034 -1.7196 -3.1988 -2.0414 -3.4106 -2.3618 -2.9601 -1.8703 -3.712 -2.2482 -2.8284 -1.7403 -1.0843 0.5008 -0.494 0.1596 -0.6266 0.425 -1.8599 0.2147 -0.8386 1.0513 -0.2698 -0.0159 2.7698 3.9312 2.6815 3.3663 2.7054 3.7888 1.1673 3.2342 1.5166 3.3769 1.8395 3.481 
-3.2236 -0.7868 -3.5656 -2.1376 -3.4395 -1.0443 -3.7183 -2.2255 3.7793 -1.05 -3.2948 -2.3488 -0.2026 0.1838 0.195 0.1084 -0.8806 0.342 -0.5842 0.1952 -1.006 0.7625 -0.5063 1.0536 1.0661 2.8424 2.0265 3.5839 3.2742 2.6951 2.6628 3.2199 3.1514 -3.5689 2.5141 3.0611 -2.5114 -2.5516 -3.0942 -1.6582 3.9633 -2.1359 -2.6685 -2.6118 -3.4416 -1.6896 -3.5364 -2.0003 -0.4018 0.0407 0.1459 0.7849 -1.4402 0.3511 -0.7361 0.02 -0.609 1.1988 -0.2157 0.1797 1.0736 3.122 1.9637 2.4743 1.2495 3.6751 2.6271 4.0115 1.0411 3.7228 2.1559 2.7228 -3.218 -1.6665 -3.193 -2.0389 -3.3858 -2.3748 -2.9353 -1.8652 -3.7224 -2.2656 -2.8064 -1.7198 -1.1066 0.5191 -0.4985 0.1451 -0.6347 0.3964 -1.8818 0.2015 -0.8285 1.0847 -0.2832 -0.0331 2.7946 3.9247 2.7076 3.3859 2.7098 3.7997 1.1568 3.23 1.4991 3.3744 1.8322 3.4845 
-3.2156 -0.7469 -3.5694 -2.147 -3.4495 -1.0123 -3.7138 -2.2462 3.7496 -1.0419 -3.2936 -2.3587 -0.1988 0.1765 0.212 0.1153 -0.8857 0.3277 -0.5959 0.1807 -1.0173 0.7606 -0.5006 1.0663 1.0221 2.823 2.0357 3.5859 3.3255 2.6702 2.6755 3.2078 3.1955 -3.5343 2.5177 3.0524 -2.4945 -2.5579 -3.1055 -1.6246 3.9392 -2.1256 -2.6613 -2.63 -3.4425 -1.7056 -3.5145 -1.9978 -0.4051 0.0281 0.165 0.7982 -1.4638 0.3374 -0.7375 0.013 -0.5964 1.2107 -0.1877 0.1502 1.0448 3.0894 1.962 2.4444 1.2266 3.6582 2.63 4.0304 1.0333 3.748 2.1619 2.6982 -3.2346 -1.6133 -3.1887 -2.035 -3.3616 -2.388 -2.9102 -1.8601 -3.7328 -2.2836 -2.7841 -1.6987 -1.1288 0.5369 -0.5011 0.1339 -0.6478 0.3672 -1.9037 0.1885 -0.8162 1.1181 -0.2964 -0.0503 2.8195 3.9184 2.7338 3.4056 2.7144 3.8118 1.1466 3.2259 1.4814 3.372 1.8248 3.488 
-3.2071 -0.7195 -3.5734 -2.1565 -3.4596 -0.9806 -3.7093 -2.267 3.7197 -1.0375 -3.2926 -2.3687 -0.1952 0.1694 0.229 0.1348 -0.8906 0.3133 -0.6073 0.1663 -1.0286 0.7583 -0.4949 1.0788 0.9779 2.8037 2.0449 3.5864 3.3772 2.6456 2.6883 3.1954 3.2407 -3.4996 2.5204 3.0438 -2.4785 -2.561 -3.1151 -1.5901 3.9149 -2.1154 -2.654 -2.6482 -3.4433 -1.7228 -3.4926 -1.9952 -0.4082 0.0156 0.1843 0.8105 -1.4873 0.3236 -0.739 0.0058 -0.5882 1.2226 -0.1596 0.1285 1.0169 3.0579 1.9602 2.4143 1.2038 3.6415 2.6329 4.0495 1.0259 3.773 2.168 2.6724 -3.2544 -1.56 -3.187 -2.0296 -3.3384 -2.4012 -2.885 -1.8551 -3.7431 -2.3019 -2.7614 -1.6773 -1.1509 0.5543 -0.5024 0.1259 -0.6654 0.3379 -1.9257 0.1757 -0.8027 1.1516 -0.3096 -0.0674 2.8444 3.9123 2.7599 3.4256 2.7194 3.8251 1.1366 3.2218 1.4636 3.3696 1.8173 3.4915 
-3.1977 -0.7071 -3.5781 -2.1662 -3.4699 -0.9495 -3.7046 -2.2877 3.6898 -1.0345 -3.2918 -2.3789 -0.1916 0.1626 0.2459 0.1694 -0.8953 0.2987 -0.6179 0.1519 -1.0399 0.7556 -0.4893 1.0912 0.9333 2.7845 2.0539 3.5858 3.4295 2.6213 2.7014 3.1826 3.2866 -3.4648 2.5226 3.0353 -2.4629 -2.5598 -3.1215 -1.555 3.8905 -2.1053 -2.6468 -2.6666 -3.4441 -1.7404 -3.4707 -1.9927 -0.4112 0.0032 0.2036 0.8219 -1.5106 0.3096 -0.7406 -0.0015 -0.5893 1.2345 -0.1316 0.1177 0.9897 3.0273 1.9584 2.3838 1.1811 3.6248 2.636 4.0687 1.0185 3.7979 2.1741 2.6456 -3.2787 -1.5066 -3.1883 -2.0232 -3.3169 -2.4145 -2.8599 -1.85 -3.7534 -2.3203 -2.7384 -1.6557 -1.1728 0.5713 -0.5029 0.1202 -0.6863 0.3084 -1.9477 0.1631 -0.7887 1.1849 -0.3227 -0.0846 2.8694 3.9064 2.7856 3.4461 2.7246 3.8396 1.1264 3.2177 1.4456 3.3672 1.8097 3.4951 
-3.187 -0.7059 -3.5837 -2.176 -3.4803 -0.9195 -3.6998 -2.3084 3.6597 -1.0321 -3.2912 -2.3892 -0.188 0.156 0.2626 0.2152 -0.8998 0.284 -0.6272 0.1376 -1.0512 0.7525 -0.4836 1.1034 0.8886 2.7655 2.0626 3.5845 3.4825 2.5975 2.7146 3.169 3.333 -3.43 2.5246 3.0269 -2.4473 -2.5537 -3.1242 -1.5198 3.866 -2.0954 -2.6396 -2.6851 -3.4448 -1.7579 -3.4487 -1.9901 -0.4142 -0.0092 0.2231 0.8331 -1.5337 0.2955 -0.7422 -0.009 -0.5996 1.2464 -0.1038 0.1169 0.9631 2.9974 1.9566 2.3527 1.1585 3.6081 2.6391 -4.0552 1.011 3.8228 2.1803 2.6181 -3.3085 -1.4529 -3.1918 -2.0158 -3.2979 -2.4277 -2.835 -1.845 -3.7636 -2.3388 -2.7151 -1.6341 -1.1946 0.5879 -0.503 0.1162 -0.7094 0.2791 -1.9697 0.1506 -0.7744 1.2183 -0.3356 -0.1019 2.8944 3.9006 2.8105 3.4673 2.7302 3.8549 1.116 3.2137 1.4275 3.3648 1.8019 3.4986 
-3.1749 -0.7102 -3.5905 -2.1858 -3.4909 -0.891 -3.695 -2.3291 3.6296 -1.0298 -3.2907 -2.3994 -0.1846 0.1496 0.2788 0.2665 -0.904 0.2691 -0.6346 0.1232 -1.0624 0.7488 -0.478 1.1156 0.8436 2.7466 2.0712 3.583 3.5363 2.5742 2.728 3.1548 3.3795 -3.3954 2.5266 3.0184 -2.4311 -2.5432 -3.124 -1.4846 3.8413 -2.0856 -2.6325 -2.7037 -3.4454 -1.7751 -3.4267 -1.9877 -0.417 -0.0215 0.2427 0.8444 -1.5566 0.2812 -0.7441 -0.0168 -0.6156 1.2583 -0.076 0.1224 0.9366 2.968 1.9546 2.3209 1.136 3.5915 2.6423 -4.0358 1.0034 3.8476 2.1866 2.59 -3.3431 -1.3989 -3.1964 -2.0078 -3.2815 -2.441 -2.8104 -1.84 -3.7736 -2.3572 -2.6917 -1.6125 -1.2163 0.6042 -0.503 0.1132 -0.7338 0.2498 -1.9919 0.1383 -0.7601 1.2516 -0.3485 -0.1192 2.9195 3.8951 2.8342 3.4896 2.736 3.8707 1.1052 3.2097 1.4091 3.3625 1.794 3.502 
-3.1613 -0.7166 -3.5989 -2.1955 -3.5015 -0.8641 -3.69 -2.3497 3.5993 -1.0277 -3.2903 -2.4093 -0.1813 0.1434 0.2941 0.3198 -0.908 0.2541 -0.6402 0.1088 -1.0735 0.7447 -0.4723 1.1276 0.7986 2.7279 2.0795 3.5819 3.5908 2.5517 2.7416 3.1401 3.4261 -3.3611 2.5288 3.01 -2.4137 -2.53 -3.1229 -1.4494 3.8166 -2.0759 -2.6254 -2.7225 -3.4459 -1.7918 -3.4046 -1.9854 -0.4198 -0.0337 0.2624 0.8565 -1.5794 0.2668 -0.7463 -0.0246 -0.6339 1.2702 -0.0484 0.1308 0.9103 2.9388 1.9526 2.2884 1.1136 3.575 2.6456 -4.0162 0.9956 3.8724 2.1928 2.5616 -3.3811 -1.3446 -3.2014 -1.9994 -3.2669 -2.4542 -2.7862 -1.8349 -3.7836 -2.3757 -2.6682 -1.5912 -1.2379 0.6202 -0.5029 0.1108 -0.7589 0.2207 -2.014 0.1263 -0.7458 1.2849 -0.3613 -0.1366 2.9446 3.8897 2.856 3.5131 2.7421 3.8868 1.0942 3.2058 1.3905 3.3603 1.786 3.5055 
-3.1463 -0.7237 -3.6087 -2.2051 -3.512 -0.8385 -3.6848 -2.3703 3.5691 -1.0257 -3.2901 -2.4187 -0.1781 0.1374 0.3079 0.3735 -0.9118 0.2389 -0.6441 0.0945 -1.0846 0.7401 -0.4666 1.1396 0.7536 2.7094 2.0877 3.5816 3.6455 2.5301 2.7553 3.1251 3.4726 -3.3274 2.5311 3.0015 -2.3941 -2.5153 -3.1227 -1.4144 3.7917 -2.0664 -2.6187 -2.7414 -3.4463 -1.8078 -3.3825 -1.9835 -0.4225 -0.0459 0.2819 0.8697 -1.6019 0.2521 -0.7492 -0.0324 -0.6527 1.2821 -0.0209 0.1404 0.8844 2.9097 1.9506 2.255 1.0917 3.5585 2.6488 -3.9964 0.9876 3.8972 2.1992 2.533 -3.4211 -1.2899 -3.2064 -1.9909 -3.2534 -2.4673 -2.7623 -1.8297 -3.7935 -2.3937 -2.6447 -1.5701 -1.2594 0.636 -0.5031 0.1086 -0.7844 0.1917 -2.0363 0.1144 -0.7314 1.318 -0.374 -0.1541 2.9698 3.8844 2.8757 3.5383 2.7484 3.9029 1.0828 3.2019 1.3717 3.358 1.7779 3.5089 
-3.1304 -0.7306 -3.6197 -2.2141 -3.5218 -0.8137 -3.6796 -2.3908 3.5389 -1.0242 -3.29 -2.4271 -0.1749 0.1315 0.3198 0.4271 -0.9153 0.2237 -0.6469 0.0801 -1.0956 0.735 -0.4609 1.1516 0.7085 2.6909 2.0958 3.5825 3.6996 2.5092 2.7691 3.11 3.519 -3.2947 2.5337 2.9927 -2.3714 -2.5001 -3.125 -1.3794 3.7667 -2.057 -2.6132 -2.7606 -3.4466 -1.8228 -3.3603 -1.9823 -0.4252 -0.0581 0.3004 0.884 -1.6243 0.2373 -0.753 -0.0398 -0.6709 1.2941 0.0065 0.1504 0.8591 2.8806 1.9484 2.2209 1.0709 3.5422 2.652 -3.9763 0.9794 3.9219 2.2055 2.5043 -3.4621 -1.2348 -3.2113 -1.9824 -3.2401 -2.4802 -2.7389 -1.8242 -3.8032 -2.4107 -2.6212 -1.5494 -1.2809 0.6515 -0.5036 0.1065 -0.8101 0.1627 -2.0586 0.1028 -0.7169 1.3511 -0.3867 -0.1717 2.9951 3.8793 2.8927 3.565 2.7548 3.919 1.0711 3.1981 1.3527 3.3559 1.7697 3.5123 
-3.1144 -0.7374 -3.6316 -2.2224 -3.5294 -0.7891 -3.6743 -2.4112 3.5091 -1.0237 -3.29 -2.4343 -0.1711 0.1256 0.3293 0.4803 -0.9186 0.2084 -0.6491 0.0657 -1.1065 0.7294 -0.4552 1.1636 0.6633 2.6725 2.1037 3.5849 3.7516 2.4889 2.7831 3.0948 3.5654 -3.2633 2.5365 2.9836 -2.3454 -2.485 -3.1303 -1.3446 3.7417 -2.0477 -2.6104 -2.7801 -3.4468 -1.8366 -3.338 -1.9817 -0.4278 -0.0702 0.3156 0.8997 -1.6465 0.2223 -0.7577 -0.0466 -0.6882 1.3061 0.0339 0.1607 0.8349 2.8514 1.9462 2.1861 1.0535 3.5263 2.6552 -3.9557 0.971 3.9463 2.212 2.4756 -3.5033 -1.1792 -3.2161 -1.9747 -3.2269 -2.4928 -2.7159 -1.8179 -3.8127 -2.425 -2.5978 -1.5291 -1.3023 0.6667 -0.505 0.1042 -0.8358 0.1339 -2.081 0.0913 -0.7022 1.3841 -0.3993 -0.1894 3.0204 3.8743 2.9069 3.5935 2.7611 3.9351 1.059 3.1943 1.3335 3.3537 1.7615 3.5157 
-3.0988 -0.744 -3.644 -2.2295 -3.5313 -0.7645 -3.669 -2.4316 3.4798 -1.0245 -3.29 -2.4401 -0.1655 0.1198 0.3358 0.5331 -0.9217 0.193 -0.6509 0.0513 -1.1173 0.7233 -0.4494 1.1756 0.618 2.6541 2.1115 3.5889 3.798 2.4693 2.7971 3.0797 3.6118 -3.2334 2.5394 2.974 -2.3167 -2.4702 -3.1382 -1.31 3.7165 -2.0386 -2.6124 -2.7997 -3.4467 -1.8492 -3.3156 -1.9821 -0.4305 -0.0823 0.3234 0.9166 -1.6686 0.2072 -0.7628 -0.0524 -0.7049 1.3182 0.0611 0.1709 0.8125 2.8222 1.9439 2.1508 1.0437 3.5109 2.6584 -3.9344 0.9625 3.9702 2.2184 2.4468 -3.5445 -1.1233 -3.2208 -1.9686 -3.2137 -2.5052 -2.6934 -1.81 -3.8221 -2.4345 -2.5745 -1.5095 -1.3238 0.6818 -0.5083 0.1019 -0.8615 0.105 -2.1036 0.0801 -0.6872 1.417 -0.4119 -0.2072 3.0457 3.8694 2.9185 3.6233 2.7673 3.9512 1.0466 3.1907 1.3141 3.3517 1.7531 3.519 
-3.0844 -0.7503 -3.6567 -2.235 -3.5227 -0.7397 -3.6635 -2.452 3.4515 -1.0268 -3.2901 -2.4446 -0.156 0.114 0.3392 0.5856 -0.9246 0.1777 -0.6526 0.0368 -1.128 0.7167 -0.4436 1.1876 0.5725 2.6355 2.1193 3.5944 3.8337 2.45 2.8113 3.0647 3.6581 -3.2049 2.5426 2.9636 -2.2862 -2.4557 -3.1478 -1.2754 3.6912 -2.0296 -2.6188 -2.8195 -3.4465 -1.8607 -3.2931 -1.9831 -0.4331 -0.0943 0.3187 0.9343 -1.6905 0.192 -0.768 -0.0569 -0.7213 1.3303 0.0883 0.1812 0.7924 2.7928 1.9416 2.1154 1.0462 3.4964 2.6615 -3.9121 0.9538 3.9934 2.2249 2.418 -3.5855 -1.0673 -3.2254 -1.9652 -3.2005 -2.5174 -2.6712 -1.7996 -3.8313 -2.4399 -2.5512 -1.4906 -1.3453 0.6966 -0.5153 0.0994 -0.8868 0.0761 -2.1262 0.0691 -0.6717 1.4498 -0.4244 -0.225 3.0712 3.8647 2.9277 3.6544 2.7727 3.9672 1.0338 3.1871 1.2944 3.3497 1.7447 3.5222 
-3.0717 -0.7563 -3.6695 -2.2386 -3.5008 -0.7147 -3.6581 -2.4723 3.4243 -1.0309 -3.2904 -2.448 -0.1404 0.1082 0.3397 0.6378 -0.9275 0.1623 -0.6541 0.0222 -1.1386 0.7098 -0.4378 1.1997 0.5268 2.6165 2.1269 3.6014 3.8562 2.431 2.8255 3.0498 3.7045 -3.1777 2.546 2.9523 -2.2548 -2.4417 -3.1582 -1.2409 3.6658 -2.0207 -2.6273 -2.8393 -3.446 -1.8714 -3.2706 -1.9848 -0.4358 -0.1063 0.3014 0.9527 -1.7121 0.1772 -0.773 -0.0602 -0.7377 1.3426 0.1154 0.1914 0.7745 2.7634 1.9391 2.0804 1.0609 3.4833 2.6645 -3.8886 0.9449 4.0154 2.2314 2.3891 -3.6264 -1.0119 -3.2299 -1.9646 -3.1871 -2.5293 -2.6495 -1.7867 -3.8403 -2.4432 -2.5279 -1.4725 -1.3668 0.7111 -0.5274 0.0967 -0.9116 0.0466 -2.1488 0.0583 -0.6554 1.4825 -0.4369 -0.2429 3.0967 3.86 2.9349 3.6864 2.7771 3.9831 1.0207 3.1836 1.2745 3.3478 1.7362 3.5255 
-3.061 -0.7622 -3.6822 -2.2401 -3.4688 -0.6894 -3.6526 -2.4925 3.3987 -1.0364 -3.2907 -2.4506 -0.1183 0.1023 0.3378 0.6897 -0.9304 0.1469 -0.6555 0.0075 -1.149 0.7025 -0.432 1.2118 0.481 2.597 2.1346 3.6095 3.8684 2.4122 2.8398 3.035 3.7509 -3.1513 2.5495 2.9399 -2.2231 -2.4282 -3.1688 -1.2064 3.6403 -2.012 -2.6365 -2.8587 -3.4454 -1.8813 -3.2479 -1.9867 -0.4385 -0.1182 0.276 0.9715 -1.7336 0.1631 -0.7777 -0.0623 -0.7543 1.3549 0.1425 0.2016 0.7586 2.7337 1.9366 2.0471 1.082 3.4723 2.6675 -3.8641 0.936 4.0361 2.2379 2.3602 -3.6671 -0.958 -3.2342 -1.9663 -3.1737 -2.5412 -2.628 -1.7721 -3.8492 -2.446 -2.5046 -1.4555 -1.3885 0.7255 -0.5441 0.0938 -0.9356 0.0162 -2.1716 0.0478 -0.6383 1.5151 -0.4493 -0.2609 3.1222 3.8555 2.9407 3.7191 2.7796 3.999 1.0072 3.1803 1.2543 3.3459 1.7277 3.5287 
-3.0524 -0.7678 -3.6948 -2.2396 -3.4316 -0.664 -3.6471 -2.5126 3.3747 -1.0433 -3.2911 -2.4527 -0.0906 0.0961 0.3344 0.7413 -0.9335 0.1313 -0.6568 -0.0073 -1.1593 0.6949 -0.4261 1.2241 0.4349 2.5769 2.1422 3.6186 3.8753 2.3936 2.8541 3.0203 3.7973 -3.1255 2.5531 2.9264 -2.1915 -2.4154 -3.1794 -1.172 3.6146 -2.0033 -2.646 -2.8769 -3.4446 -1.8907 -3.2252 -1.9887 -0.4411 -0.1302 0.2471 0.9905 -1.7548 0.1503 -0.7823 -0.0635 -0.7712 1.3674 0.1696 0.2118 0.744 2.704 1.934 2.0185 1.1019 3.464 2.6704 -3.8395 0.9269 4.0554 2.2444 2.3313 -3.7078 -0.9065 -3.2383 -1.9696 -3.1603 -2.553 -2.6068 -1.7566 -3.858 -2.4487 -2.4812 -1.4397 -1.4103 0.7397 -0.5633 0.0907 -0.9583 -0.0157 -2.1943 0.0374 -0.6198 1.5476 -0.4617 -0.2789 3.1479 3.8509 2.9455 3.7522 2.7797 4.0147 0.9936 3.177 1.234 3.3442 1.7191 3.5318 
-3.0458 -0.7733 -3.7073 -2.2372 -3.3922 -0.6385 -3.6416 -2.5323 3.3525 -1.0509 -3.2916 -2.4547 -0.0584 0.0898 0.3301 0.7926 -0.9368 0.1153 -0.658 -0.0222 -1.1695 0.687 -0.4204 1.2364 0.3888 2.5559 2.1499 3.6284 3.8801 2.375 2.8685 3.0057 3.8438 -3.1001 2.5569 2.9118 -2.16 -2.4035 -3.1897 -1.1377 3.5888 -1.9948 -2.6557 -2.8925 -3.4439 -1.8997 -3.2024 -1.9908 -0.4436 -0.142 0.2168 1.0096 -1.7758 0.1389 -0.7866 -0.0642 -0.7886 1.3799 0.1965 0.2219 0.7302 2.6741 1.9313 2.0004 1.1128 3.4587 2.6732 -3.8165 0.9178 -4.0695 2.251 2.3023 -3.7484 -0.8583 -3.2421 -1.974 -3.1467 -2.565 -2.5858 -1.7406 -3.8666 -2.4517 -2.4578 -1.4251 -1.4322 0.7537 -0.5833 0.0874 -0.9794 -0.0492 -2.2169 0.0272 -0.5999 1.58 -0.474 -0.2969 3.1736 3.8465 2.9497 3.7856 2.7771 4.03 0.9798 3.1739 1.2134 3.3425 1.7105 3.535 
-3.0407 -0.7787 -3.7197 -2.2334 -3.3521 -0.6132 -3.6361 -2.551 3.3317 -1.0591 -3.2923 -2.4565 -0.0222 0.0833 0.3253 0.8436 -0.9404 0.0988 -0.6591 -0.0372 -1.1795 0.6791 -0.4147 1.2489 0.3428 2.5342 2.1575 3.6386 3.8843 2.3564 2.8829 2.9912 3.8905 -3.0747 2.5607 2.8962 -2.1287 -2.3931 -3.1998 -1.1033 3.5629 -1.9864 -2.6654 -2.9032 -3.4442 -1.9083 -3.1795 -1.9929 -0.4456 -0.1539 0.1862 1.0288 -1.7965 0.1286 -0.7906 -0.0646 -0.8065 1.3925 0.2235 0.2319 0.7168 2.6441 1.9285 1.9988 1.1078 3.4565 2.676 -3.7976 0.9086 -4.0518 2.2575 2.2733 -3.7889 -0.8136 -3.2455 -1.9791 -3.1331 -2.5772 -2.5648 -1.7242 -3.8751 -2.4549 -2.4343 -1.4119 -1.4543 0.7675 -0.6033 0.084 -0.9987 -0.0841 -2.2395 0.0172 -0.5782 1.6124 -0.4863 -0.3148 3.1994 3.8421 2.9536 3.8193 2.7716 4.0451 0.9662 3.1709 1.1926 3.3409 1.7018 3.5381 
-3.0368 -0.7841 -3.7326 -2.2285 -3.3114 -0.5882 -3.6307 -2.5673 3.3122 -1.0674 -3.2932 -2.4584 0.0173 0.0765 0.3205 0.8943 -0.9442 0.0813 -0.66 -0.0523 -1.1893 0.6712 -0.4092 1.2616 0.297 2.5119 2.1652 3.6491 3.8884 2.3379 2.8973 2.9768 3.9373 -3.0494 2.5647 2.8799 -2.0976 -2.3843 -3.2097 -1.0689 3.5369 -1.978 -2.6753 -2.907 -3.4465 -1.9167 -3.1564 -1.9949 -0.4469 -0.1656 0.1554 1.0479 -1.8173 0.1189 -0.7946 -0.0649 -0.825 1.4053 0.2504 0.2419 0.7036 2.6139 1.9256 2.0129 1.0873 3.457 2.6786 -3.7853 0.8993 -4.0344 2.2641 2.2441 -3.8294 -0.7725 -3.2484 -1.9844 -3.1194 -2.5897 -2.5439 -1.7076 -3.8836 -2.4584 -2.4109 -1.4 -1.4764 0.7812 -0.6232 0.0804 -1.0159 -0.1198 -2.2619 0.0073 -0.5548 1.6447 -0.4985 -0.3323 3.2253 3.8377 2.9575 3.853 2.7637 4.0597 0.9529 3.1681 1.1716 3.3395 1.693 3.5413 
-3.0337 -0.7902 -3.7463 -2.2229 -3.2695 -0.5632 -3.6253 -2.5796 3.2936 -1.0754 -3.2942 -2.4603 0.0591 0.0694 0.3158 0.9447 -0.9484 0.0625 -0.6605 -0.0671 -1.1989 0.6634 -0.4043 1.2744 0.2517 2.4889 2.173 3.6598 3.8924 2.3195 2.9117 2.9625 3.9842 -3.0241 2.5688 2.8627 -2.0667 -2.3777 -3.2194 -1.0345 3.5107 -1.9698 -2.6852 -2.903 -3.4529 -1.9247 -3.1333 -1.9969 -0.4471 -0.1773 0.1246 1.067 -1.8384 0.1094 -0.7984 -0.0653 -0.8439 1.4181 0.2773 0.2518 0.6905 2.5836 1.9226 2.0364 1.0576 3.4595 2.6812 -3.7807 0.8899 -4.0171 2.2707 2.2148 -3.8699 -0.7344 -3.2511 -1.9899 -3.1057 -2.6026 -2.5231 -1.6906 -3.8919 -2.4622 -2.3876 -1.3896 -1.4984 0.7948 -0.6436 0.0766 -1.0309 -0.156 -2.2843 -0.0024 -0.5299 1.677 -0.5106 -0.3488 3.2513 3.8334 2.9617 3.8867 2.754 -4.0693 0.9404 3.1654 1.1505 3.3381 1.6842 3.5444 
-3.0311 -0.7977 -3.7618 -2.2169 -3.2258 -0.5376 -3.6199 -2.586 3.2757 -1.0827 -3.2956 -2.4623 0.1022 0.0621 0.3112 0.9949 -0.9529 0.0419 -0.6602 -0.0812 -1.2084 0.6558 -0.4004 1.2873 0.207 2.4656 2.1808 3.6706 3.8966 2.3011 2.9261 2.9483 4.0313 -2.9987 2.5729 2.8444 -2.036 -2.373 -3.229 -1.0 3.4843 -1.9616 -2.6952 -2.8925 -3.465 -1.9326 -3.11 -1.9988 -0.4463 -0.1889 0.0939 1.0859 -1.8606 0.0997 -0.8021 -0.0657 -0.863 1.431 0.3042 0.2616 0.6773 2.5532 1.9195 2.0638 1.0241 3.4634 2.6836 -3.7826 0.8806 -3.9998 2.2772 2.1854 -3.9103 -0.6985 -3.2535 -1.9954 -3.0918 -2.6158 -2.5024 -1.6733 -3.9001 -2.4662 -2.3649 -1.3804 -1.5199 0.8084 -0.6653 0.0727 -1.0436 -0.1923 -2.3066 -0.012 -0.5036 1.7092 -0.5226 -0.3633 3.2774 3.829 2.9668 3.9203 2.7431 -4.0552 0.9291 3.1629 1.1292 3.3369 1.6754 3.5477 
-3.0289 -0.8075 -3.7796 -2.2106 -3.1797 -0.5101 -3.6146 -2.5861 3.258 -1.0888 -3.2971 -2.4643 0.1462 0.0545 0.3068 1.0448 -0.9579 0.0195 -0.6585 -0.0935 -1.2177 0.6484 -0.3986 1.3004 0.1627 2.442 2.1888 3.6815 3.9007 2.2829 2.9405 2.9343 -4.0646 -2.9733 2.5771 2.8241 -2.0054 -2.3702 -3.2386 -0.9654 3.4577 -1.9536 -2.7054 -2.8778 -3.4833 -1.9403 -3.0866 -2.0006 -0.4449 -0.2005 0.0633 1.1049 -1.885 0.0898 -0.8058 -0.0663 -0.8823 1.4441 0.331 0.2712 0.6642 2.5226 1.9164 2.0926 0.9894 3.4682 2.686 -3.7888 0.8712 -3.9823 2.2837 2.1559 -3.9507 -0.6641 -3.2559 -2.0012 -3.0779 -2.6293 -2.4817 -1.6556 -3.9083 -2.4705 -2.3434 -1.3723 -1.5403 0.8219 -0.6896 0.0686 -1.0541 -0.2288 -2.3289 -0.0216 -0.4762 1.7415 -0.5345 -0.3744 3.3036 3.8247 2.9738 3.9538 2.7316 -4.0413 0.9193 3.1606 1.1078 3.3357 1.6665 3.5509 
-3.0268 -0.8196 -3.7995 -2.2044 -3.1313 -0.4807 -3.6093 -2.5812 3.2407 -1.0937 -3.2989 -2.4664 0.1909 0.0468 0.3027 1.0944 -0.9633 -0.0048 -0.6544 -0.1029 -1.2268 0.6412 -0.4001 1.3137 0.1183 2.4181 2.1968 3.6925 3.9049 2.2648 2.9548 2.9203 -4.0172 -2.9478 2.5813 2.8012 -1.9749 -2.369 -3.2481 -0.9307 3.4309 -1.9456 -2.7157 -2.8609 -3.5066 -1.9478 -3.0631 -2.0024 -0.4431 -0.2119 0.0327 1.1237 -1.9127 0.0796 -0.8094 -0.067 -0.9015 1.4572 0.3579 0.2806 0.6512 2.4919 1.9131 2.1219 0.9543 3.4735 2.6883 -3.7973 0.8618 -3.9647 2.2902 2.1261 -3.991 -0.6307 -3.2586 -2.0076 -3.0639 -2.6427 -2.4611 -1.6377 -3.9164 -2.4748 -2.3237 -1.365 -1.5586 0.8354 -0.7172 0.0644 -1.0625 -0.2652 -2.3514 -0.0311 -0.4481 1.7737 -0.5464 -0.3814 3.3299 3.8203 2.9833 3.9871 2.7198 -4.0275 0.911 3.1585 1.0863 3.3347 1.6575 3.5542 
-3.0247 -0.8334 -3.8211 -2.1982 -3.0809 -0.45 -3.6041 -2.5732 3.2235 -1.0978 -3.301 -2.4684 0.2362 0.0388 0.2987 1.1437 -0.9695 -0.0301 -0.647 -0.1087 -1.2357 0.6341 -0.4055 1.3271 0.0734 2.3941 2.205 3.7035 3.9091 2.2468 2.9691 2.9064 -3.9695 -2.9224 2.5856 2.7757 -1.9445 -2.3695 -3.2576 -0.8959 3.4039 -1.9377 -2.7262 -2.8433 -3.5329 -1.9553 -3.0393 -2.0041 -0.4413 -0.2232 0.0022 1.1424 -1.9441 0.069 -0.8131 -0.0679 -0.9206 1.4705 0.3847 0.2897 0.6384 2.461 1.9097 2.1513 0.9192 3.479 2.6904 -3.8067 0.8524 -3.9468 2.2967 2.0962 -4.0313 -0.5978 -3.2623 -2.0145 -3.0499 -2.6554 -2.4406 -1.6195 -3.9244 -2.4792 -2.3068 -1.3585 -1.5735 0.8489 -0.7473 0.06 -1.069 -0.3017 -2.374 -0.0405 -0.4196 1.806 -0.5582 -0.385 3.3564 3.816 2.9952 4.0203 2.708 -4.0137 0.9044 3.1565 1.0647 3.3338 1.6485 3.5575 
-3.0226 -0.8483 -3.8437 -2.1921 -3.0294 -0.4197 -3.5989 -2.5636 3.2067 -1.1017 -3.3033 -2.4705 0.2819 0.0309 0.295 1.1928 -0.9763 -0.0553 -0.6361 -0.1116 -1.2444 0.6271 -0.4141 1.3407 0.028 2.37 2.2131 3.7147 3.9132 2.2289 2.9834 2.8927 -3.9215 -2.8969 2.5899 2.7485 -1.9142 -2.3716 -3.2671 -0.8609 3.3766 -1.9299 -2.7368 -2.8254 -3.5606 -1.9629 -3.0155 -2.0057 -0.4394 -0.2344 -0.0283 1.1611 -1.9791 0.0581 -0.8166 -0.0689 -0.9395 1.4838 0.4116 0.2986 0.6258 2.4299 1.9063 2.1808 0.8843 3.4846 2.6925 -3.8164 0.8431 -3.9286 2.3032 2.0661 -4.0715 -0.5653 -3.2683 -2.0221 -3.0358 -2.666 -2.4201 -1.6011 -3.9323 -2.4837 -2.2934 -1.3524 -1.5843 0.8625 -0.7785 0.0555 -1.0738 -0.3383 -2.3967 -0.05 -0.3907 1.8382 -0.57 -0.3867 3.383 3.8117 3.0088 4.0533 2.6963 -3.9999 0.8992 3.1547 1.0431 3.3331 1.6395 3.5607 
-3.0205 -0.8636 -3.8666 -2.1862 -2.9773 -0.3919 -3.5938 -2.5531 3.1904 -1.1056 -3.3058 -2.4725 0.3276 0.0231 0.2914 1.2417 -0.9837 -0.0783 -0.6225 -0.1128 -1.2529 0.6199 -0.4244 1.3544 -0.0176 2.3459 2.221 3.7259 3.9173 2.2112 2.9975 2.879 -3.8734 -2.8715 2.5943 2.7201 -1.8839 -2.3753 -3.2767 -0.8258 3.349 -1.9222 -2.7476 -2.8077 -3.5887 -1.9705 -2.9919 -2.0072 -0.4375 -0.2455 -0.0587 1.1798 -2.017 0.0469 -0.8202 -0.0701 -0.9581 1.4972 0.4384 0.3073 0.6133 2.3987 1.9027 2.2104 0.8494 3.4903 2.6944 -3.8261 0.8339 -3.9098 2.3096 2.0357 4.0315 -0.5329 -3.2788 -2.0299 -3.0216 -2.6723 -2.3997 -1.5825 -3.9402 -2.4882 -2.2839 -1.3467 -1.5905 0.876 -0.8101 0.0508 -1.0771 -0.375 -2.4197 -0.0595 -0.3618 1.8705 -0.5817 -0.3875 3.4098 3.8074 3.0233 -4.0571 2.6847 -3.9861 0.8949 3.1531 1.0215 3.3324 1.6304 3.5635 
-3.0182 -0.8793 -3.8895 -2.1805 -2.9249 -0.368 -3.5886 -2.5406 3.1748 -1.1097 -3.3085 -2.4744 0.3732 0.0158 0.2881 1.2905 -0.9913 -0.0979 -0.6074 -0.1135 -1.2612 0.6124 -0.4353 1.3682 -0.0633 2.3217 2.228 3.7372 3.9214 2.1938 3.0116 2.8654 -3.8251 -2.8462 2.5987 2.6916 -1.8536 -2.3802 -3.2863 -0.7905 3.3213 -1.9146 -2.7585 -2.7903 -3.6168 -1.9782 -2.9701 -2.0086 -0.4355 -0.2568 -0.0891 1.1984 -2.0567 0.0354 -0.8237 -0.0715 -0.9764 1.5107 0.4654 0.3161 0.6011 2.3673 1.8991 2.2402 0.8145 3.4958 2.6962 -3.8357 0.8249 -3.89 2.3159 2.0052 3.9913 -0.5005 -3.2959 -2.0379 -3.0075 -2.672 -2.3794 -1.5638 -3.948 -2.4927 -2.2779 -1.3412 -1.5928 0.8896 -0.8416 0.0459 -1.0793 -0.4117 -2.4429 -0.0691 -0.3328 1.9028 -0.5935 -0.3886 3.4368 3.8031 3.0382 -4.0244 2.6734 -3.9722 0.8914 3.1517 0.9999 3.3319 1.6212 3.5656 
-3.0159 -0.8956 -3.9121 -2.1749 -2.8723 -0.3477 -3.5835 -2.5221 3.1602 -1.114 -3.3114 -2.4763 0.4185 0.0095 0.2849 1.3396 -0.9991 -0.114 -0.5917 -0.1141 -1.2693 0.6042 -0.4457 1.3822 -0.1083 2.2974 2.2327 3.7487 3.9255 2.1765 3.0256 2.852 -3.7766 -2.821 2.6031 2.6642 -1.8234 -2.3861 -3.2961 -0.755 3.2933 -1.907 -2.7696 -2.7732 -3.6447 -1.9861 -2.9541 -2.01 -0.4336 -0.2685 -0.1194 1.2169 -2.0976 0.0236 -0.8271 -0.0731 -0.9945 1.5243 0.4923 0.3253 0.589 2.3356 1.8953 2.2701 0.7796 3.5013 2.6979 -3.8451 0.8161 -3.869 2.3223 1.9744 3.951 -0.468 -3.3205 -2.0458 -2.9933 -2.6645 -2.3591 -1.5449 -3.9557 -2.4973 -2.2744 -1.3358 -1.5925 0.9032 -0.873 0.0409 -1.0806 -0.4486 -2.4664 -0.0787 -0.304 1.9352 -0.6052 -0.3907 3.464 3.7988 3.0534 -3.9917 2.6624 -3.9584 0.8881 3.1504 0.9783 3.3315 1.6119 3.5667 
-3.0135 -0.9135 -3.9345 -2.1696 -2.8197 -0.33 -3.5783 -2.4918 3.1469 -1.1185 -3.3144 -2.4782 0.4635 0.0045 0.2818 1.3894 -1.0067 -0.1279 -0.5762 -0.1147 -1.2771 0.595 -0.4555 1.3964 -0.1517 2.2731 2.2328 3.7604 3.9295 2.1594 3.0396 2.8386 -3.728 -2.7958 2.6076 2.64 -1.7932 -2.3928 -3.3059 -0.7193 3.2652 -1.8995 -2.7809 -2.7564 -3.6723 -1.9941 -2.9499 -2.0112 -0.4315 -0.2811 -0.1498 1.2354 -2.1392 0.0116 -0.8303 -0.0751 -1.0123 1.5379 0.5193 0.3354 0.5771 2.3037 1.8915 2.3001 0.7447 3.5068 2.6994 -3.8544 0.8077 -3.8462 2.3286 1.9434 3.9107 -0.4354 -3.3508 -2.0534 -2.9791 -2.6513 -2.3389 -1.5259 -3.9633 -2.5019 -2.2723 -1.3304 -1.5906 0.917 -0.9044 0.0356 -1.0812 -0.4856 -2.4902 -0.0884 -0.2754 1.9676 -0.617 -0.3941 3.4914 3.7946 3.0688 -3.9592 2.6515 -3.9447 0.8849 3.1494 0.9567 3.3312 1.6026 3.5663 
-3.011 -0.9344 -3.9566 -2.1645 -2.767 -0.3137 -3.5731 -2.4499 3.1347 -1.1232 -3.3174 -2.48 0.5081 0.0011 0.2789 1.4403 -1.0141 -0.1409 -0.5611 -0.1152 -1.2848 0.5847 -0.4646 1.4106 -0.1918 2.2487 2.2265 3.7722 3.9334 2.1425 3.0534 2.8254 -3.6792 -2.7707 2.612 2.6208 -1.763 -2.4001 -3.3159 -0.6834 3.2372 -1.8921 -2.7923 -2.7398 -3.6997 -2.0024 -2.9573 -2.0123 -0.4294 -0.2955 -0.1802 1.2539 -2.181 -0.0004 -0.8334 -0.0774 -1.0298 1.5517 0.5464 0.3473 0.5653 2.2716 1.8876 2.3302 0.7098 3.5121 2.7009 -3.8635 0.7996 -3.8213 2.3349 1.9123 3.8704 -0.4026 -3.3845 -2.0609 -2.9649 -2.6348 -2.3188 -1.507 -3.9709 -2.5065 -2.271 -1.3251 -1.5879 0.9308 -0.9358 0.0302 -1.0814 -0.5224 -2.5142 -0.0982 -0.247 2.0 -0.6289 -0.3994 3.519 3.7904 3.0843 -3.9268 2.641 -3.9309 0.8816 3.1484 0.9352 3.3311 1.5931 3.5642 
-3.0083 -0.9605 -3.9785 -2.1595 -2.7142 -0.2983 -3.5679 -2.4024 3.1237 -1.1282 -3.3205 -2.4818 0.5524 -0.0006 0.276 1.4922 -1.0213 -0.1537 -0.5463 -0.1159 -1.2922 0.573 -0.4732 1.425 -0.2267 2.2243 2.2147 3.7841 3.9373 2.1259 3.0672 2.8122 -3.6305 -2.7456 2.6165 2.6059 -1.7327 -2.4079 -3.3261 -0.6472 3.2094 -1.8847 -2.8039 -2.7235 -3.7268 -2.0107 -2.9702 -2.0134 -0.4273 -0.3126 -0.2106 1.2723 -2.2229 -0.0124 -0.8363 -0.0802 -1.0471 1.5654 0.5733 0.3619 0.5537 2.2391 1.8835 2.3602 0.6748 3.5173 2.7022 -3.8725 0.7921 -3.7942 2.3411 1.881 3.83 -0.3698 -3.4198 -2.0681 -2.9507 -2.6166 -2.2987 -1.4886 -3.9785 -2.5111 -2.27 -1.3196 -1.585 0.945 -0.9673 0.0245 -1.0814 -0.5588 -2.5386 -0.108 -0.2188 2.0325 -0.6409 -0.4064 3.5469 3.7863 3.1 -3.8945 2.6306 -3.9173 0.8782 3.1476 0.9137 3.331 1.5835 3.5602 
-3.0056 -0.9931 -4.0001 -2.1547 -2.6613 -0.2841 -3.5626 -2.3533 3.1137 -1.1337 -3.3235 -2.4836 0.5963 -0.001 0.2733 1.5452 -1.0282 -0.1663 -0.5315 -0.1166 -1.2994 0.5604 -0.4816 1.4394 -0.2549 2.1998 2.1996 3.7958 3.9412 2.1095 3.081 2.799 -3.5818 -2.7205 2.621 2.5933 -1.7024 -2.4159 -3.3364 -0.6108 3.1822 -1.8775 -2.8157 -2.7075 -3.7538 -2.0191 -2.9845 -2.0143 -0.4251 -0.3329 -0.2409 1.2908 -2.2646 -0.0242 -0.8389 -0.0837 -1.0644 1.5792 0.6 0.3797 0.5422 2.2065 1.8795 2.3897 0.6397 3.5225 2.7034 -3.8813 0.7853 -3.7651 2.3474 1.8496 3.7897 -0.3369 -3.4557 -2.0751 -2.9366 -2.5977 -2.2787 -1.4717 -3.9861 -2.5158 -2.2691 -1.3142 -1.582 0.9596 -0.9989 0.0186 -1.0816 -0.5939 -2.5632 -0.1179 -0.191 2.0651 -0.6529 -0.4147 3.575 3.7822 3.1158 -3.8624 2.6205 -3.9037 0.8752 3.147 0.8922 3.3311 1.5739 3.5548 
-3.0028 -1.0318 -4.0216 -2.1501 -2.6084 -0.2718 -3.5572 -2.3037 3.1044 -1.1395 -3.3265 -2.4855 0.64 -0.0005 0.2708 1.5987 -1.0349 -0.1785 -0.5167 -0.1176 -1.3063 0.5474 -0.4899 1.4531 -0.277 2.1753 2.1831 3.8071 3.945 2.0933 3.0946 2.786 -3.5333 -2.6954 2.6254 2.5812 -1.6721 -2.4241 -3.347 -0.5743 3.156 -1.8703 -2.8276 -2.6916 -3.7807 -2.0276 -2.9991 -2.0151 -0.4228 -0.3563 -0.2714 1.3092 -2.3061 -0.0356 -0.8412 -0.0878 -1.0815 1.5931 0.6259 0.4006 0.5306 2.1745 1.8753 2.4185 0.6045 3.5276 2.7044 -3.8902 0.7794 -3.7342 2.3536 1.8182 3.7494 -0.3039 -3.4912 -2.082 -2.9226 -2.5787 -2.2587 -1.4579 -3.9938 -2.5206 -2.2681 -1.3086 -1.5791 0.9752 -1.0306 0.0125 -1.0823 -0.6262 -2.5882 -0.1279 -0.1634 2.0977 -0.665 -0.4241 3.6034 3.7782 3.1318 -3.8303 2.6105 -3.8903 0.8729 3.1464 0.8707 3.3312 1.5641 3.5481 
-2.9998 -1.0745 -4.0429 -2.1456 -2.5554 -0.2626 -3.5519 -2.2541 3.0955 -1.1459 -3.3293 -2.4876 0.6834 0.0005 0.2683 1.6524 -1.0414 -0.1895 -0.5018 -0.1189 -1.313 0.5352 -0.4983 1.464 -0.2947 2.1507 2.1662 3.8171 3.9489 2.0773 3.1083 2.7729 -3.485 -2.6701 2.6299 2.5691 -1.6417 -2.4323 -3.3577 -0.5375 3.1309 -1.8632 -2.8398 -2.6759 -3.8076 -2.0361 -3.0134 -2.0158 -0.4204 -0.3822 -0.3018 1.3276 -2.3473 -0.0464 -0.8432 -0.0927 -1.0986 1.6069 0.6506 0.424 0.5189 2.145 1.871 2.4463 0.5692 3.5326 2.7053 -3.899 0.7744 -3.7019 2.3599 1.787 3.7092 -0.2708 -3.5256 -2.0888 -2.9087 -2.5596 -2.2387 -1.4501 -4.0016 -2.5253 -2.267 -1.303 -1.5762 0.9921 -1.0625 0.0062 -1.0836 -0.6537 -2.6135 -0.1378 -0.1361 2.1304 -0.6772 -0.434 3.6321 3.7743 3.148 -3.7983 2.6007 -3.877 0.8719 3.146 0.8491 3.3315 1.5543 3.5406 
-2.9967 -1.1195 -4.0641 -2.1411 -2.5023 -0.2578 -3.5466 -2.2045 3.0867 -1.1527 -3.3319 -2.4898 0.7267 0.0018 0.2659 1.7059 -1.0478 -0.1971 -0.4867 -0.1204 -1.3193 0.5252 -0.5067 1.4666 -0.31 2.1261 2.1492 3.8246 3.9526 2.0616 3.122 2.7599 -3.4372 -2.6446 2.6344 2.5569 -1.6113 -2.4404 -3.3686 -0.5007 3.1072 -1.8562 -2.8521 -2.6604 -3.8345 -2.0446 -3.0274 -2.0163 -0.418 -0.4098 -0.3322 1.346 -2.3881 -0.0564 -0.845 -0.0984 -1.1158 1.6208 0.6733 0.449 0.5067 2.1236 1.8667 2.473 0.5339 3.5376 2.706 -3.9077 0.7708 -3.6686 2.3662 1.756 3.6689 -0.2377 -3.5573 -2.0954 -2.8949 -2.5405 -2.2186 -1.4514 -4.0096 -2.5301 -2.2658 -1.2974 -1.5736 1.0112 -1.0945 -0.0002 -1.0859 -0.6752 -2.639 -0.1478 -0.1091 2.1632 -0.6894 -0.4443 3.6611 3.7704 3.1643 -3.7664 2.5911 -3.8638 0.8725 3.1457 0.8275 3.3318 1.5446 3.5327 
-2.9936 -1.1654 4.0581 -2.1366 -2.4492 -0.2582 -3.5416 -2.1548 3.0778 -1.16 -3.3344 -2.4923 0.7698 0.0031 0.2636 1.759 -1.0539 -0.1978 -0.4715 -0.1224 -1.3254 0.5186 -0.5153 1.4535 -0.3243 2.1014 2.1323 3.8277 3.9564 2.0461 3.1356 2.747 -3.3897 -2.6188 2.6388 2.5444 -1.5808 -2.4486 -3.3797 -0.4639 3.0847 -1.8493 -2.8646 -2.6449 -3.8615 -2.053 -3.0412 -2.0167 -0.4155 -0.4383 -0.3626 1.3644 -2.4287 -0.0656 -0.8466 -0.105 -1.1331 1.6347 0.6938 0.4748 0.4935 2.1179 1.8624 2.4988 0.4984 3.5425 2.7066 -3.9164 0.7687 -3.6344 2.3726 1.7255 3.6285 -0.2045 -3.5847 -2.1019 -2.8812 -2.5217 -2.1983 -1.4635 -4.0176 -2.535 -2.2646 -1.2916 -1.571 1.0324 -1.1267 -0.0067 -1.0893 -0.6928 -2.6645 -0.1577 -0.0823 2.196 -0.7016 -0.4547 3.6903 3.7665 3.1808 -3.7346 2.5817 -3.8508 0.8743 3.1455 0.8059 3.3323 1.535 3.5246 
-2.9903 -1.2115 4.0371 -2.1319 -2.3963 -0.2637 -3.537 -2.105 3.0688 -1.1677 -3.3367 -2.4952 0.8127 0.0044 0.2614 1.8118 -1.0599 -0.188 -0.4562 -0.1246 -1.3313 0.5156 -0.5239 1.4244 -0.3382 2.0767 2.1155 3.8248 3.9601 2.0309 3.1493 2.734 -3.3427 -2.5927 2.6433 2.532 -1.5503 -2.4566 -3.391 -0.4275 3.0631 -1.8425 -2.8773 -2.6296 -3.8886 -2.0613 -3.0546 -2.017 -0.4129 -0.4672 -0.3931 1.3828 -2.4691 -0.0739 -0.8481 -0.1122 -1.1505 1.6487 0.7123 0.5008 0.479 2.1279 1.858 2.5239 0.4629 3.5472 2.7069 -3.9249 0.7683 -3.5998 2.3791 1.6957 3.5881 -0.1713 -3.6061 -2.1082 -2.8676 -2.5032 -2.1773 -1.4855 -4.0257 -2.54 -2.2634 -1.2859 -1.5686 1.0555 -1.159 -0.0129 -1.0937 -0.7104 -2.6898 -0.1676 -0.0559 2.2288 -0.7138 -0.4652 3.7199 3.7627 3.1975 -3.7027 2.5724 -3.8379 0.8769 3.1453 0.7841 3.3329 1.5259 3.5167 
-2.9868 -1.2575 4.0161 -2.127 -2.3435 -0.273 -3.5334 -2.0551 3.0595 -1.1757 -3.3388 -2.4989 0.8556 0.0056 0.2592 1.8642 -1.0658 -0.1688 -0.4408 -0.1272 -1.3368 0.5156 -0.5327 1.3867 -0.3521 2.052 2.0988 3.8153 3.9638 2.0158 3.1631 2.721 -3.2962 -2.5661 2.6477 2.5195 -1.5197 -2.4647 -3.4025 -0.3918 3.0422 -1.8358 -2.8901 -2.6144 -3.9158 -2.0695 -3.0678 -2.017 -0.4102 -0.4962 -0.4235 1.4011 -2.5093 -0.0815 -0.8495 -0.1201 -1.168 1.6626 0.7295 0.5266 0.463 2.1462 1.8536 2.5486 0.4272 3.5513 2.7071 -3.9329 0.7694 -3.5647 2.3857 1.667 3.5476 -0.138 -3.621 -2.1143 -2.8541 -2.4856 -2.1554 -1.5153 -4.0339 -2.545 -2.2621 -1.2802 -1.5662 1.0791 -1.1916 -0.0184 -1.0993 -0.7289 -2.7144 -0.1774 -0.0297 2.2618 -0.726 -0.4757 3.7497 3.759 3.2144 -3.6708 2.5632 -3.8251 0.8799 3.1453 0.7622 3.3335 1.5179 3.5089 
-2.9833 -1.3033 3.9952 -2.1217 -2.2911 -0.2849 -3.5314 -2.0051 3.0499 -1.184 -3.3409 -2.504 0.8985 0.0066 0.2572 1.9163 -1.0716 -0.1441 -0.4254 -0.1301 -1.3421 0.5175 -0.5417 1.3461 -0.3661 2.0272 2.0823 3.8006 3.9674 2.001 3.177 2.7079 -3.25 -2.539 2.6522 2.5071 -1.4891 -2.4726 -3.4142 -0.3577 3.0217 -1.8291 -2.9032 -2.5991 -3.9432 -2.0777 -3.0808 -2.0169 -0.4075 -0.5253 -0.4539 1.4195 -2.5492 -0.0884 -0.851 -0.1286 -1.1856 1.6765 0.7462 0.5518 0.4456 2.1673 1.8491 2.5733 0.3914 3.5545 2.7071 -3.94 0.7715 -3.5294 2.3925 1.6397 3.507 -0.1047 -3.6308 -2.1202 -2.8408 -2.4698 -2.1316 -1.55 -4.0422 -2.5502 -2.2609 -1.2745 -1.5639 1.1015 -1.2244 -0.0225 -1.1057 -0.7463 -2.7375 -0.1871 -0.0038 2.2948 -0.738 -0.4862 3.7797 3.7553 3.2316 -3.6389 2.5541 -3.8124 0.883 3.1453 0.7402 3.3343 1.5122 3.5013 
-2.9796 -1.3489 3.9742 -2.1163 -2.239 -0.2982 -3.5315 -1.9549 3.0401 -1.1923 -3.3429 -2.5112 0.9413 0.0075 0.2552 1.9682 -1.0772 -0.1169 -0.41 -0.1334 -1.3471 0.5206 -0.5509 1.3047 -0.3802 2.0025 2.0658 3.7824 3.9711 1.9864 3.191 2.6948 -3.2043 -2.5115 2.6566 2.4947 -1.4584 -2.4805 -3.426 -0.3256 3.0013 -1.8222 -2.9165 -2.5838 -3.9708 -2.0857 -3.0935 -2.0166 -0.4048 -0.5542 -0.4844 1.4379 -2.589 -0.0949 -0.8525 -0.1375 -1.2033 1.6905 0.763 0.5761 0.4271 2.189 1.8447 2.5979 0.3556 3.5559 2.7068 -3.9452 0.7734 -3.494 2.3994 1.6144 3.4663 -0.0714 -3.6374 -2.126 -2.8275 -2.4575 -2.1053 -1.5859 -4.051 -2.5555 -2.2596 -1.2688 -1.5617 1.1209 -1.2573 -0.0246 -1.1128 -0.7616 -2.7582 -0.1967 0.0218 2.3279 -0.7499 -0.4967 3.8097 3.7517 3.249 -3.6069 2.5452 -3.7997 0.886 3.1454 0.718 3.3351 1.5103 3.4939 
-2.9758 -1.3943 3.9533 -2.1113 -2.1874 -0.3122 -3.5344 -1.9049 3.0301 -1.2006 -3.3448 -2.5207 0.9841 0.0083 0.2533 2.0198 -1.0827 -0.0889 -0.3949 -0.137 -1.3518 0.5243 -0.5602 1.2631 -0.3944 1.9777 2.0493 3.7624 3.9747 1.9721 3.2051 2.6816 -3.1594 -2.4836 2.661 2.4824 -1.4278 -2.4883 -3.4379 -0.296 2.981 -1.8144 -2.9301 -2.5684 -3.9985 -2.0937 -3.106 -2.0161 -0.402 -0.5831 -0.5148 1.4562 -2.6286 -0.1013 -0.8542 -0.1465 -1.2212 1.7044 0.7805 0.5993 0.4082 2.2108 1.8401 2.6227 0.3195 3.5544 2.7063 -3.9475 0.7745 -3.4585 2.4063 1.5913 3.4256 -0.038 -3.6424 -2.1319 -2.8142 -2.4511 -2.0759 -1.6191 -4.0606 -2.5609 -2.2577 -1.2633 -1.5596 1.136 -1.2902 -0.0244 -1.1203 -0.7749 -2.7753 -0.2061 0.0472 2.361 -0.7617 -0.5072 3.8396 3.748 3.2667 -3.5749 2.5364 -3.7868 0.8887 3.1455 0.6956 3.336 1.5129 3.4868 
-2.9718 -1.4394 3.9324 -2.1077 -2.1362 -0.3266 -3.5398 -1.8552 3.0197 -1.2087 -3.3467 -2.5324 1.0269 0.0089 0.2514 2.0712 -1.0882 -0.0608 -0.3803 -0.141 -1.3561 0.5285 -0.5698 1.2216 -0.4087 1.9529 2.0329 3.7416 3.9784 1.9579 3.2193 2.6684 -3.1173 -2.4553 2.6655 2.4701 -1.3973 -2.4959 -3.4498 -0.2685 2.9608 -1.8046 -2.9441 -2.5528 -4.0262 -2.1016 -3.1183 -2.0154 -0.3992 -0.6119 -0.5453 1.4746 -2.6681 -0.1076 -0.8556 -0.1558 -1.2391 1.7183 0.7989 0.6212 0.389 2.2325 1.8352 2.6475 0.2833 3.549 2.7055 -3.9457 0.7741 -3.4233 2.4132 1.5705 3.385 -0.0046 -3.6467 -2.138 -2.8007 -2.4527 -2.0434 -1.6466 4.0713 -2.5657 -2.254 -1.2578 -1.5575 1.1474 -1.323 -0.0223 -1.1279 -0.7868 -2.7882 -0.2155 0.0723 2.3941 -0.7733 -0.5178 3.8692 3.7444 3.2846 -3.5429 2.5277 -3.7735 0.8911 3.1457 0.6731 3.337 1.5198 3.4799 
-2.9676 -1.4843 3.9114 -2.107 -2.0855 -0.3411 -3.5466 -1.8064 3.0092 -1.2166 -3.3486 -2.5458 1.0698 0.0093 0.2496 2.1224 -1.0935 -0.0327 -0.3662 -0.1453 -1.3602 0.5332 -0.5797 1.1801 -0.4232 1.9282 2.0166 3.7205 3.9821 1.944 3.2333 2.655 -3.0834 -2.4267 2.6699 2.458 -1.3668 -2.5031 -3.4619 -0.2424 2.9405 -1.7913 -2.9587 -2.5367 -4.0538 -2.1095 -3.1304 -2.0144 -0.3964 -0.6408 -0.5757 1.4929 -2.7075 -0.1141 -0.8564 -0.165 -1.2571 1.7322 0.8179 0.6421 0.3698 2.2545 1.8298 2.6722 0.247 3.5392 2.7045 -3.9393 0.772 -3.3883 2.4198 1.552 3.3447 0.0288 -3.651 -2.145 -2.787 -2.4622 -2.0078 -1.668 4.0575 -2.5671 -2.2459 -1.2525 -1.5554 1.1564 -1.3551 -0.0189 -1.1353 -0.7979 -2.7971 -0.2247 0.0972 2.4273 -0.7848 -0.5283 3.8979 3.7409 3.3028 -3.5113 2.5191 -3.7594 0.8932 3.146 0.6504 3.3381 1.5293 3.4733 
-2.9633 -1.5283 3.8905 -2.1096 -2.0356 -0.3557 -3.5535 -1.7602 2.9984 -1.2241 -3.3505 -2.5602 1.1127 0.0097 0.2479 2.1736 -1.0988 -0.0048 -0.353 -0.1499 -1.364 0.5385 -0.5897 1.1386 -0.4376 1.9033 2.0003 3.6992 3.9857 1.9303 3.247 2.6415 -3.0653 -2.3979 2.6743 2.4458 -1.3365 -2.5094 -3.4741 -0.2171 2.9203 -1.7737 -2.9738 -2.5201 4.0622 -2.1174 -3.1423 -2.0131 -0.3937 -0.6696 -0.6063 1.5112 -2.7467 -0.1208 -0.8551 -0.1741 -1.2753 1.7461 0.8374 0.6622 0.3507 2.277 1.8237 2.6965 0.2104 3.526 2.7033 -3.9289 0.7683 -3.3538 2.4258 1.5353 3.305 0.0623 -3.6554 -2.1534 -2.773 -2.4783 -1.9701 -1.6849 4.0406 -2.5594 -2.2312 -1.2473 -1.5534 1.1644 -1.3859 -0.015 -1.1424 -0.8086 -2.803 -0.2338 0.1218 2.4605 -0.7961 -0.5389 3.9254 3.7373 3.3213 -3.4803 2.5106 -3.744 0.8949 3.1464 0.6275 3.3392 1.5402 3.4668 
-2.9587 -1.5695 3.8695 -2.115 -1.9869 -0.3703 -3.5593 -1.7192 2.9874 -1.2313 -3.3524 -2.5751 1.1558 0.01 0.2462 2.2246 -1.1039 0.0229 -0.3408 -0.1549 -1.3675 0.5445 -0.5999 1.0969 -0.4522 1.8785 1.984 3.678 3.9894 1.9169 3.2598 2.6279 -3.0618 -2.3688 2.6788 2.4337 -1.3065 -2.5143 -3.4863 -0.1921 2.9001 -1.7519 -2.9895 -2.5024 4.0358 -2.1252 -3.1539 -2.0116 -0.3911 -0.6983 -0.6369 1.5295 -2.786 -0.1279 -0.8486 -0.1831 -1.2936 1.7601 0.8569 0.6817 0.3318 2.3003 1.8164 2.7203 0.1737 3.5106 2.7019 -3.9157 0.7635 -3.3202 2.4307 1.52 3.2665 0.0958 -3.6601 -2.1644 -2.7588 -2.499 -1.9322 -1.6991 4.0209 -2.5427 -2.2113 -1.2423 -1.5513 1.1725 -1.4143 -0.0109 -1.1489 -0.8192 -2.8069 -0.2427 0.1462 2.4938 -0.8072 -0.5495 3.9512 3.7338 3.34 -3.4507 2.5023 -3.7269 0.8964 3.1468 0.6044 3.3405 1.5517 3.4604 
-2.954 -1.6038 3.8484 -2.1218 -1.9396 -0.385 -3.5639 -1.688 2.9762 -1.2382 -3.3546 -2.5903 1.199 0.0102 0.2445 2.2757 -1.109 0.0505 -0.3297 -0.1602 -1.3707 0.5513 -0.6103 1.0552 -0.4667 1.8536 1.9677 3.6568 3.9932 1.9036 3.2712 2.6141 -3.0642 -2.3394 2.6832 2.4217 -1.2766 -2.517 -3.4986 -0.1672 2.88 -1.727 -3.0058 -2.4835 4.0109 -2.133 -3.1654 -2.0098 -0.3885 -0.7269 -0.6675 1.5478 -2.8252 -0.1354 -0.8327 -0.1918 -1.3123 1.774 0.876 0.701 0.3132 2.3246 1.8078 2.7433 0.1367 3.4943 2.7004 -3.9007 0.7577 -3.2879 2.4338 1.5057 3.2297 0.1294 -3.6651 -2.1791 -2.7443 -2.5225 -1.8985 -1.7121 3.999 -2.522 -2.1891 -1.2375 -1.5493 1.1812 -1.4392 -0.0068 -1.155 -0.8299 -2.8097 -0.2515 0.1703 2.527 -0.8183 -0.5601 3.975 3.7303 3.359 -3.4231 2.494 -3.7078 0.8975 3.1473 0.5811 3.3418 1.5633 3.4543 
-2.9489 -1.6296 3.8274 -2.1292 -1.8935 -0.3998 -3.5673 -1.6695 2.9648 -1.245 -3.3576 -2.6057 1.2423 0.0103 0.2429 2.3266 -1.1141 0.0779 -0.3196 -0.1658 -1.3736 0.5589 -0.6208 1.0133 -0.4813 1.8287 1.9514 3.6357 3.997 1.8906 3.2804 2.6002 -3.0676 -2.3097 2.6877 2.4096 -1.247 -2.5163 -3.5109 -0.1425 2.8599 -1.6999 -3.0225 -2.4629 3.9881 -2.1408 -3.1767 -2.0077 -0.3861 -0.7549 -0.6983 1.5661 -2.8645 -0.1433 -0.8042 -0.2003 -1.3317 1.7879 0.8945 0.7203 0.2948 2.3499 1.7979 2.7654 0.0995 3.4782 2.6988 -3.8848 0.7514 -3.2576 2.4348 1.492 3.195 0.163 -3.6703 -2.1981 -2.7296 -2.5477 -1.8715 -1.7247 3.9758 -2.5004 -2.1665 -1.233 -1.5474 1.1908 -1.4597 -0.0028 -1.1606 -0.8408 -2.8117 -0.2602 0.1942 2.5603 -0.8292 -0.5708 3.997 3.7268 3.3781 -3.3988 2.4859 -3.6869 0.8984 3.1479 0.5577 3.3432 1.5748 3.4482 
-2.9437 -1.6505 3.8062 -2.1367 -1.8483 -0.4146 -3.57 -1.662 2.9532 -1.2517 -3.3623 -2.6211 1.2858 0.0104 0.2413 2.3776 -1.1191 0.1052 -0.3105 -0.1717 -1.3762 0.567 -0.6314 0.9713 -0.4959 1.8037 1.935 3.6146 4.001 1.8778 3.2869 2.5862 -3.0696 -2.2798 2.6922 2.3974 -1.2175 -2.5115 -3.5233 -0.1178 2.84 -1.6714 -3.0396 -2.4403 3.9681 -2.1486 -3.1877 -2.0052 -0.3839 -0.7819 -0.7292 1.5844 -2.9038 -0.1516 -0.7648 -0.2086 -1.3523 1.8018 0.9122 0.7395 0.2766 2.3759 1.7869 2.7867 0.0621 3.4626 2.6972 -3.8686 0.7447 -3.2307 2.4335 1.4785 3.1627 0.1968 -3.6758 -2.2214 -2.7147 -2.5737 -1.848 -1.7371 3.9521 -2.4787 -2.1439 -1.2287 -1.5454 1.2014 -1.476 0.0011 -1.1658 -0.852 -2.8121 -0.2687 0.2178 2.5938 -0.8401 -0.5816 4.0174 3.7233 3.3973 -3.3784 2.4779 -3.6644 0.8991 3.1486 0.534 3.3446 1.5864 3.4422 
-2.9382 -1.67 3.7851 -2.144 -1.8036 -0.4295 -3.5723 -1.6612 2.9415 -1.2584 -3.3697 -2.6367 1.3294 0.0105 0.2398 2.4285 -1.124 0.1323 -0.302 -0.1778 -1.3785 0.5755 -0.6421 0.929 -0.5106 1.7787 1.9187 3.5935 4.005 1.8651 3.2904 2.572 -3.0688 -2.2495 2.6968 2.385 -1.1882 -2.5025 -3.5357 -0.0931 2.8201 -1.642 -3.0571 -2.4155 3.9509 -2.1564 -3.1986 -2.0025 -0.3819 -0.807 -0.7603 1.6027 -2.9432 -0.1603 -0.7193 -0.2165 -1.3751 1.8157 0.9289 0.7589 0.2587 2.4025 1.7749 2.8072 0.0251 3.4477 2.6956 -3.8521 0.7377 -3.2095 2.4301 1.4652 3.1325 0.2305 -3.6813 -2.2479 -2.6998 -2.5997 -1.8249 -1.7494 3.9282 -2.4569 -2.1216 -1.2247 -1.5434 1.2131 -1.489 0.0048 -1.1707 -0.8635 -2.809 -0.2771 0.2412 2.6274 -0.851 -0.5925 4.0368 3.7198 3.4166 -3.3621 2.4701 -3.6409 0.8995 3.1494 0.5101 3.3461 1.5978 3.4364 
-2.9324 -1.6892 3.7638 -2.151 -1.759 -0.4444 -3.5742 -1.6635 2.9295 -1.265 -3.3803 -2.6525 1.3732 0.0105 0.2383 2.4795 -1.1289 0.1592 -0.294 -0.184 -1.3806 0.5842 -0.6529 0.8865 -0.5252 1.7536 1.9024 3.5724 4.0091 1.8527 3.2912 2.5578 -3.0646 -2.2191 2.7014 2.3723 -1.1589 -2.4897 -3.5482 -0.0685 2.8004 -1.6122 -3.075 -2.3886 3.9362 -2.1641 -3.2093 -1.9994 -0.38 -0.8291 -0.7915 1.621 -2.9827 -0.1693 -0.673 -0.2241 -1.401 1.8296 0.945 0.7783 0.241 2.4293 1.7624 2.8272 -0.0099 3.4333 2.6939 -3.8354 0.7305 -3.1972 2.425 1.4519 3.104 0.2644 -3.6868 -2.2767 -2.6847 -2.6255 -1.8014 -1.7617 3.9045 -2.4351 -2.0996 -1.2209 -1.5415 1.2258 -1.4996 0.0084 -1.1756 -0.8754 -2.7991 -0.2854 0.2644 2.6612 -0.862 -0.6035 4.0557 3.7163 3.4358 -3.3495 2.4624 -3.6168 0.8998 3.1502 0.4861 3.3477 1.6091 3.4306 
-2.9264 -1.7084 3.7425 -2.1579 -1.7144 -0.459 -3.576 -1.667 2.9174 -1.2715 -3.3935 -2.6687 1.4172 0.0105 0.2369 2.5305 -1.1338 0.186 -0.2863 -0.1904 -1.3825 0.5929 -0.6636 0.8437 -0.5399 1.7284 1.886 3.5514 4.0134 1.8405 3.29 2.5435 -3.0576 -2.1884 2.7061 2.3593 -1.1295 -2.4741 -3.5608 -0.0439 2.7807 -1.5821 -3.0932 -2.3599 3.9235 -2.1717 -3.2197 -1.996 -0.3784 -0.8475 -0.8229 1.6392 -3.0224 -0.1787 -0.6326 -0.2314 -1.4308 1.8435 0.9604 0.7976 0.2235 2.4562 1.7497 2.847 -0.0384 3.4195 2.6923 -3.8186 0.7231 -3.1947 2.4188 1.4385 3.0766 0.2984 -3.6922 -2.3067 -2.6695 -2.6509 -1.7774 -1.7741 3.881 -2.4134 -2.0779 -1.2174 -1.5396 1.2392 -1.5088 0.0118 -1.1804 -0.888 -2.7814 -0.2936 0.2874 2.6954 -0.873 -0.6145 -4.0691 3.7129 3.4548 -3.3395 2.4548 -3.5924 0.8999 3.1512 0.4618 3.3493 1.6203 3.4249 
-2.9202 -1.7274 3.7211 -2.1645 -1.6696 -0.4732 -3.5777 -1.6711 2.9051 -1.2779 -3.4083 -2.685 1.4614 0.0104 0.2354 2.5816 -1.1386 0.2126 -0.2789 -0.1967 -1.3841 0.6014 -0.6744 0.8006 -0.5546 1.7031 1.8696 3.5303 4.0177 1.8285 3.2873 2.5293 -3.0486 -2.1575 2.7108 2.346 -1.1 -2.4566 -3.5734 -0.0193 2.7611 -1.5516 -3.1117 -2.3299 3.912 -2.1792 -3.2301 -1.9923 -0.3769 -0.8621 -0.8546 1.6575 -3.0621 -0.1885 -0.6051 -0.2383 -1.4647 1.8574 0.9755 0.8166 0.2061 2.483 1.7373 2.8666 -0.0542 3.4059 2.6905 -3.8016 0.7157 -3.1992 2.412 1.4249 3.0497 0.3325 -3.6974 -2.3372 -2.6542 -2.6758 -1.7529 -1.7865 3.8578 -2.3918 -2.0564 -1.2142 -1.5377 1.2532 -1.5173 0.0151 -1.1854 -0.9013 -2.7582 -0.3017 0.3104 2.7299 -0.8843 -0.6257 -4.0506 3.7095 3.4735 -3.3313 2.4474 -3.5679 0.8998 3.1522 0.4374 3.351 1.6315 3.4192 
-2.9137 -1.7463 3.6994 -2.1708 -1.6248 -0.4865 -3.5793 -1.6762 2.8926 -1.2841 -3.424 -2.7015 1.5059 0.0103 0.234 2.6327 -1.1435 0.2391 -0.2715 -0.2031 -1.3855 0.6098 -0.6851 0.7573 -0.5694 1.6777 1.8531 3.5092 4.0219 1.8166 3.2838 2.5151 -3.0385 -2.1265 2.7156 2.3323 -1.0705 -2.438 -3.586 0.0052 2.7416 -1.5202 -3.1305 -2.2989 3.9013 -2.1866 -3.2402 -1.9884 -0.3753 -0.8735 -0.8864 1.6757 -3.1019 -0.1986 -0.5906 -0.2448 -1.5018 1.8714 0.9904 0.8348 0.189 2.5097 1.7257 2.8862 -0.0582 3.3925 2.6886 -3.7844 0.708 -3.207 2.4049 1.4111 3.0232 0.3667 -3.7021 -2.368 -2.6386 -2.7004 -1.7281 -1.7991 3.8349 -2.3702 -2.0351 -1.2111 -1.5359 1.2675 -1.5254 0.0182 -1.1904 -0.916 -2.7327 -0.3097 0.3336 2.7647 -0.8959 -0.6371 -4.0321 3.7061 3.4917 -3.3239 2.4402 -3.5435 0.8996 3.1533 0.4128 3.3527 1.6426 3.4136 
-2.9069 -1.7649 3.6773 -2.1769 -1.5799 -0.4981 -3.5809 -1.6828 2.88 -1.2899 -3.44 -2.7179 1.5505 0.0102 0.2327 2.684 -1.1483 0.2654 -0.2641 -0.2094 -1.3868 0.6178 -0.6958 0.7136 -0.5842 1.6521 1.8366 3.4882 4.0257 1.8049 3.2798 2.501 -3.0279 -2.0953 2.7205 2.3182 -1.0407 -2.4188 -3.5987 0.0297 2.7221 -1.4877 -3.1496 -2.2675 3.8911 -2.1938 -3.2502 -1.9842 -0.3727 -0.8829 -0.9185 1.694 -3.1413 -0.209 -0.5833 -0.2509 -1.5412 1.8853 1.0051 0.8515 0.1721 2.5361 1.7158 2.9059 -0.0571 3.3793 2.6866 -3.7671 0.7002 -3.2162 2.3977 1.3969 2.9968 0.401 -3.7062 -2.3987 -2.623 -2.7245 -1.7031 -1.8118 3.8122 -2.3486 -2.014 -1.208 -1.5341 1.2821 -1.5334 0.0212 -1.1955 -0.9327 -2.7063 -0.3176 0.3576 2.7998 -0.9077 -0.6485 -4.0135 3.7027 3.5093 -3.317 2.4331 -3.5191 0.8993 3.1544 0.3879 3.3545 1.6536 3.4081 
-2.9 -1.7833 3.6546 -2.1827 -1.5354 -0.5076 -3.5824 -1.6913 2.8671 -1.295 -3.456 -2.7342 1.5954 0.01 0.2314 2.7354 -1.1532 0.2916 -0.2568 -0.2158 -1.3878 0.6256 -0.7065 0.6696 -0.5991 1.6263 1.82 3.4673 4.0286 1.7934 3.2757 2.487 -3.0168 -2.0639 2.7254 2.304 -1.0109 -2.3993 -3.6114 0.0542 2.7025 -1.4541 -3.169 -2.236 3.8817 -2.2009 -3.26 -1.9797 -0.3675 -0.8912 -0.9509 1.7122 -3.1799 -0.2197 -0.5805 -0.2567 -1.5818 1.8993 1.0199 0.8657 0.1553 2.5624 1.7085 2.9258 -0.0556 3.3662 2.6843 -3.7498 0.6923 -3.2259 2.3906 1.3825 2.9703 0.4355 -3.7097 -2.4292 -2.6071 -2.7483 -1.678 -1.8247 3.7898 -2.327 -1.9931 -1.2048 -1.5323 1.2969 -1.5415 0.0241 -1.2007 -0.9518 -2.6798 -0.3254 0.3828 2.8351 -0.9197 -0.6601 -3.9948 3.6994 3.5262 -3.3102 2.4262 -3.4949 0.8988 3.1555 0.3628 3.3563 1.6646 3.4025 
-2.893 -1.8014 3.6306 -2.1882 -1.4917 -0.5145 -3.5839 -1.702 2.8541 -1.2988 -3.472 -2.7502 1.6406 0.0099 0.2301 2.787 -1.1582 0.3177 -0.2495 -0.2222 -1.3888 0.633 -0.717 0.6253 -0.614 1.6004 1.8034 3.4465 4.0297 1.782 3.2715 2.4732 -3.0055 -2.0325 2.7305 2.2896 -0.981 -2.3796 -3.6242 0.0786 2.6829 -1.42 -3.1886 -2.2045 3.8733 -2.2079 -3.2696 -1.9751 -0.3579 -0.8989 -0.9835 1.7304 -3.2168 -0.2308 -0.5821 -0.2621 -1.6231 1.9132 1.0346 0.8766 0.1387 2.5885 1.7048 2.946 -0.0554 3.3533 2.6817 -3.7324 0.6841 -3.2356 2.3835 1.3678 2.9437 0.47 -3.7124 -2.4596 -2.5911 -2.7718 -1.6529 -1.8377 3.7676 -2.3054 -1.9724 -1.2009 -1.5306 1.3118 -1.5495 0.0268 -1.206 -0.9738 -2.6534 -0.3332 0.4094 2.8705 -0.9318 -0.6719 -3.9759 3.6961 3.5424 -3.3035 2.4195 -3.4707 0.8983 3.1564 0.3375 3.3581 1.6755 3.397 
-2.8861 -1.8192 3.6047 -2.1935 -1.449 -0.519 -3.5853 -1.7152 2.8408 -1.3012 -3.4879 -2.7657 1.6859 0.0102 0.2289 2.8387 -1.1632 0.3435 -0.2423 -0.229 -1.3895 0.6401 -0.7275 0.5809 -0.6291 1.5742 1.7867 3.426 4.0277 1.7707 3.2672 2.4595 -2.994 -2.0012 2.7357 2.2752 -0.951 -2.3598 -3.637 0.103 2.6631 -1.3865 -3.2084 -2.173 3.8665 -2.2148 -3.2791 -1.9702 -0.3443 -0.9064 -1.0162 1.7487 -3.2508 -0.2421 -0.5869 -0.2672 -1.6647 1.9272 1.0495 0.8836 0.1223 2.6145 1.7052 2.9664 -0.0568 3.3409 2.679 -3.7151 0.6758 -3.2451 2.3764 1.3527 2.917 0.5047 -3.7145 -2.4899 -2.5751 -2.795 -1.6277 -1.8509 3.7454 -2.2838 -1.9518 -1.1954 -1.5289 1.3268 -1.5576 0.0294 -1.2113 -0.9986 -2.6272 -0.3408 0.4373 2.9058 -0.9439 -0.6838 -3.9568 3.6929 3.5578 -3.2966 2.413 -3.4467 0.8977 3.1571 0.3119 3.36 1.6865 3.3915 
-2.8795 -1.8367 3.5767 -2.1986 -1.4076 -0.5213 -3.5866 -1.7316 2.8273 -1.302 -3.5036 -2.7803 1.7315 0.0111 0.2277 2.8907 -1.1682 0.3693 -0.2351 -0.2366 -1.3902 0.647 -0.738 0.5364 -0.6442 1.5479 1.7699 3.4062 4.0213 1.7596 3.2627 2.446 -2.9824 -1.9705 2.741 2.2608 -0.9208 -2.3399 -3.6499 0.1274 2.6433 -1.3547 -3.2283 -2.1417 3.8618 -2.2217 -3.2884 -1.9652 -0.3285 -0.9139 -1.0492 1.7669 -3.2805 -0.2537 -0.5922 -0.2721 -1.7063 1.9412 1.0643 0.887 0.106 2.6403 1.7095 2.9872 -0.0595 3.3289 2.6759 -3.6979 0.6673 -3.2545 2.3695 1.3374 2.8902 0.5394 -3.7159 -2.52 -2.5592 -2.818 -1.6025 -1.8641 3.7234 -2.2622 -1.9313 -1.1868 -1.5274 1.3419 -1.5658 0.0319 -1.2166 -1.0257 -2.6012 -0.3484 0.4661 2.9411 -0.9554 -0.6959 -3.9375 3.6897 3.5726 -3.2896 2.4067 -3.4227 0.897 3.1572 0.2859 3.3619 1.6974 3.3861 
-2.8738 -1.8541 3.5465 -2.2035 -1.3673 -0.5221 -3.5879 -1.7519 2.8136 -1.3018 -3.5192 -2.7937 1.7774 0.0132 0.2265 2.9427 -1.1734 0.3949 -0.228 -0.2456 -1.3907 0.6536 -0.7483 0.4921 -0.6596 1.5213 1.753 3.3872 4.0097 1.7485 3.2581 2.4326 -2.9705 -1.9412 2.7464 2.2465 -0.8905 -2.3199 -3.6628 0.1518 2.6233 -1.3255 -3.2483 -2.1104 3.8589 -2.2287 -3.2976 -1.96 -0.3116 -0.9215 -1.0823 1.7852 -3.3051 -0.2656 -0.5959 -0.2771 -1.7478 1.9553 1.0793 0.8875 0.0898 2.6659 1.7168 3.008 -0.0631 3.3175 2.6726 -3.6809 0.6586 -3.2636 2.3626 1.3217 2.8633 0.5741 -3.7168 -2.5501 -2.544 -2.8408 -1.5773 -1.8774 3.7013 -2.2407 -1.9109 -1.1737 -1.5259 1.3571 -1.5739 0.0342 -1.2219 -1.0544 -2.5753 -0.356 0.4954 2.9763 -0.9656 -0.7082 -3.9181 3.6865 3.5868 -3.2825 2.4006 -3.3988 0.8962 3.1565 0.2598 3.3638 1.7083 3.381 
-2.8691 -1.8712 3.5147 -2.2082 -1.328 -0.522 -3.5891 -1.7754 2.7997 -1.3011 -3.5347 -2.8058 1.8235 0.0171 0.2254 2.9949 -1.1787 0.4204 -0.221 -0.2564 -1.3911 0.66 -0.7586 0.4482 -0.6752 1.4945 1.7361 3.3693 3.9929 1.7376 3.2535 2.4193 -2.9585 -1.9143 2.752 2.2324 -0.86 -2.2999 -3.6757 0.1762 2.6032 -1.2993 -3.2685 -2.0792 3.8575 -2.2356 -3.3067 -1.9547 -0.2938 -0.9292 -1.1153 1.8035 -3.3248 -0.2777 -0.5972 -0.2824 -1.7893 1.9693 1.0943 0.8862 0.0738 2.6913 1.7261 3.0283 -0.0673 3.3065 2.669 -3.6639 0.6497 -3.2725 2.3557 1.3059 2.8362 0.6088 -3.7173 -2.5801 -2.5307 -2.8634 -1.5521 -1.8905 3.6793 -2.219 -1.8905 -1.1554 -1.5244 1.3724 -1.5821 0.0365 -1.2273 -1.0841 -2.5497 -0.3634 0.5248 3.0113 -0.9733 -0.7206 -3.8986 3.6835 3.6006 -3.2754 2.3947 -3.3749 0.8953 3.1547 0.2334 3.3657 1.7192 3.3768 
-2.8652 -1.8881 3.482 -2.2129 -1.2899 -0.5211 -3.5903 -1.7991 2.7855 -1.3 -3.5501 -2.8169 1.8699 0.0227 0.2244 3.0472 -1.1841 0.4457 -0.2142 -0.2692 -1.3915 0.6662 -0.7688 0.405 -0.691 1.4677 1.719 3.3527 3.9721 1.7267 3.2489 2.406 -2.9463 -1.8916 2.7577 2.2184 -0.8293 -2.2803 -3.6887 0.2005 2.5831 -1.2761 -3.2887 -2.048 3.8569 -2.2425 -3.3156 -1.9493 -0.2749 -0.937 -1.1483 1.8218 -3.3407 -0.2901 -0.5962 -0.2882 -1.8306 1.9834 1.1094 0.8837 0.0579 2.7167 1.7366 3.0468 -0.0723 3.2957 2.6652 -3.647 0.6406 -3.2811 2.3488 1.2898 2.809 0.6435 -3.7176 -2.6101 -2.5212 -2.8859 -1.5267 -1.9032 3.6573 -2.1974 -1.8701 -1.1328 -1.5231 1.3879 -1.5903 0.0386 -1.2326 -1.1145 -2.5242 -0.3708 0.5542 3.0462 -0.9768 -0.7333 -3.8788 3.6805 3.6141 -3.2682 2.389 -3.3511 0.8943 3.1516 0.2071 3.3676 1.7301 3.3745 
-2.8615 -1.9048 3.4488 -2.2176 -1.2534 -0.5198 -3.5914 -1.8183 2.7711 -1.2987 -3.5653 -2.8273 1.9165 0.0296 0.2234 3.0995 -1.1896 0.4709 -0.2076 -0.2834 -1.3917 0.6724 -0.7789 0.3627 -0.7071 1.4409 1.7018 3.3372 3.9486 1.7159 3.2445 2.3926 -2.9339 -1.8743 2.7636 2.2046 -0.7985 -2.2625 -3.7017 0.2248 2.5629 -1.2553 -3.3089 -2.0168 3.8568 -2.2494 -3.3244 -1.9438 -0.2544 -0.9449 -1.1811 1.8402 -3.3541 -0.3028 -0.5933 -0.2949 -1.8718 1.9975 1.1246 0.8807 0.0422 2.7419 1.7477 3.0618 -0.0782 3.285 2.6612 -3.6302 0.6313 -3.2896 2.342 1.2736 2.7817 0.6781 -3.7176 -2.6403 -2.5192 -2.9082 -1.5011 -1.9139 3.6356 -2.1757 -1.8497 -1.1071 -1.5219 1.4035 -1.5985 0.0406 -1.2379 -1.1451 -2.499 -0.3782 0.5833 3.0808 -0.9748 -0.7462 -3.8589 3.6776 3.6275 -3.261 2.3836 -3.3273 0.8932 3.1475 0.1815 3.3695 1.7411 3.3757 
-2.8579 -1.9213 3.4155 -2.2225 -1.219 -0.5182 -3.5924 -1.8289 2.7564 -1.2973 -3.5805 -2.8374 1.9634 0.0372 0.2225 3.1519 -1.1954 0.496 -0.2011 -0.2985 -1.3919 0.6785 -0.7889 0.3214 -0.7235 1.4142 1.6845 3.3226 3.9237 1.7052 3.2404 2.3793 -2.9213 -1.8631 2.7698 2.191 -0.7678 -2.2493 -3.7147 0.2492 2.5428 -1.2363 -3.3292 -1.9856 3.8567 -2.2562 -3.3331 -1.9382 -0.2318 -0.9528 -1.2136 1.8586 -3.3664 -0.3157 -0.5893 -0.3026 -1.9129 2.0117 1.1398 0.8775 0.0265 2.767 1.7591 3.0713 -0.0856 3.2742 2.657 -3.6135 0.6218 -3.298 2.3352 1.2573 2.7542 0.7123 -3.7176 -2.6705 -2.5274 -2.9304 -1.4755 -1.9197 3.6151 -2.154 -1.8292 -1.0796 -1.5208 1.4192 -1.6066 0.0425 -1.2432 -1.1759 -2.4739 -0.3856 0.6124 3.1152 -0.9668 -0.7592 -3.8389 3.6748 3.6408 -3.2538 2.3784 -3.3035 0.8921 3.1425 0.1573 3.3714 1.752 3.3815 
-2.8542 -1.9377 3.3821 -2.2278 -1.187 -0.5164 -3.5934 -1.8311 2.7415 -1.2958 -3.5955 -2.8474 2.0105 0.0451 0.2216 3.2042 -1.2011 0.521 -0.1948 -0.314 -1.3919 0.6845 -0.7988 0.2812 -0.7401 1.3877 1.6671 3.3086 3.8979 1.6945 3.2366 2.3658 -2.9086 -1.8569 2.7761 2.1775 -0.7376 -2.2445 -3.7277 0.2735 2.5226 -1.2183 -3.3495 -1.9545 3.8566 -2.263 -3.3416 -1.9326 -0.2068 -0.9607 -1.2457 1.8771 -3.378 -0.3289 -0.5846 -0.3111 -1.9539 2.0258 1.155 0.8743 0.011 2.7919 1.7704 3.0743 -0.0948 3.2634 2.6526 -3.5968 0.6121 -3.3061 2.3283 1.2409 2.7265 0.7462 -3.7177 -2.7008 -2.5451 -2.9526 -1.4496 -1.9171 3.5975 -2.1323 -1.8087 -1.0507 -1.5199 1.4352 -1.6147 0.0443 -1.2485 -1.2068 -2.449 -0.3931 0.6412 3.1495 -0.9538 -0.7725 -3.8186 3.672 3.654 -3.2465 2.3735 -3.2798 0.8908 3.137 0.1353 3.3733 1.763 3.391 
-2.8504 -1.9539 3.3489 -2.2336 -1.1572 -0.5145 -3.5943 -1.8283 2.7264 -1.2941 -3.6105 -2.8573 2.0578 0.053 0.2209 3.2566 -1.2068 0.5458 -0.1887 -0.3298 -1.3919 0.6905 -0.8086 0.2417 -0.7569 1.3615 1.6495 3.2949 3.8717 1.6838 3.2329 2.3522 -2.8958 -1.8541 2.7827 2.1642 -0.7087 -2.247 -3.7408 0.2979 2.5026 -1.2009 -3.3698 -1.9233 3.8563 -2.2696 -3.35 -1.9269 -0.1796 -0.9686 -1.2771 1.8957 -3.3896 -0.3424 -0.5797 -0.3203 -1.9947 2.04 1.1703 0.8711 -0.0044 2.8167 1.7818 3.0697 -0.1053 3.2525 2.6481 -3.5801 0.6022 -3.3142 2.3216 1.2246 2.6986 0.7795 -3.7177 -2.7313 -2.5688 -2.9746 -1.4236 -1.9069 3.5856 -2.1105 -1.7885 -1.0207 -1.5191 1.4514 -1.6228 0.046 -1.2538 -1.2375 -2.4242 -0.4012 0.6698 3.1836 -0.9372 -0.7861 -3.7982 3.6694 3.6673 -3.2393 2.369 -3.2561 0.8894 3.1312 0.1163 3.3752 1.774 3.4026 
-2.8466 -1.9699 3.3157 -2.24 -1.1292 -0.5126 -3.5952 -1.8233 2.7112 -1.2922 -3.6254 -2.8671 2.1053 0.0608 0.2202 3.3091 -1.2117 0.5705 -0.1828 -0.3456 -1.3918 0.6966 -0.8183 0.2028 -0.7739 1.3357 1.6317 3.2813 3.8454 1.6732 3.2294 2.3384 -2.8828 -1.8533 2.7895 2.1508 -0.6822 -2.253 -3.7538 0.3223 2.4825 -1.1838 -3.3901 -1.8921 3.856 -2.276 -3.3584 -1.9214 -0.1506 -0.9764 -1.3078 1.9144 -3.4012 -0.3561 -0.5749 -0.3298 -2.0355 2.0543 1.1855 0.8679 -0.0198 2.8413 1.793 3.0565 -0.116 3.2415 2.6433 -3.5635 0.592 -3.3221 2.315 1.2082 2.6705 0.8122 -3.7179 -2.7621 -2.5954 -2.9965 -1.3974 -1.893 3.5816 -2.0886 -1.769 -0.9899 -1.5185 1.4678 -1.6307 0.0475 -1.259 -1.2682 -2.3995 -0.4104 0.6983 3.2175 -0.9188 -0.7998 -3.7776 3.6668 3.6806 -3.232 2.3647 -3.2324 0.8879 3.1252 0.1009 3.3771 1.785 3.4152 
-2.8426 -1.9858 3.2826 -2.2472 -1.1024 -0.5108 -3.5962 -1.8179 2.6958 -1.2902 -3.6402 -2.8768 2.1529 0.0686 0.2196 3.3616 -1.2145 0.595 -0.1769 -0.3614 -1.3917 0.7026 -0.8278 0.1643 -0.791 1.3102 1.6138 3.2678 3.819 1.6626 3.2261 2.3244 -2.8698 -1.8533 2.7965 2.137 -0.6592 -2.2601 -3.7668 0.3467 2.4626 -1.1668 -3.4104 -1.8609 3.8554 -2.2823 -3.3666 -1.9158 -0.1204 -0.9841 -1.3378 1.9332 -3.4131 -0.3701 -0.5703 -0.3395 -2.0762 2.0686 1.2008 0.8648 -0.0351 2.8659 1.804 3.0361 -0.1257 3.2305 2.6383 -3.5471 0.5817 -3.33 2.3088 1.1921 2.6422 0.8442 -3.7182 -2.793 -2.6229 -3.0183 -1.3711 -1.8778 3.5845 -2.0667 -1.7518 -0.9584 -1.518 1.4845 -1.6386 0.049 -1.2643 -1.2987 -2.3749 -0.4218 0.7265 3.2512 -0.8993 -0.8138 -3.7569 3.6644 3.694 -3.2247 2.3608 -3.2088 0.8863 3.1192 0.0896 3.379 1.796 3.4281 
-2.8386 -2.0015 3.2496 -2.2552 -1.0762 -0.509 -3.5971 -1.8127 2.6802 -1.2881 -3.655 -2.8865 2.2007 0.0767 0.219 3.4143 -1.2125 0.6195 -0.1712 -0.3772 -1.3914 0.7087 -0.8371 0.126 -0.8082 1.2849 1.5957 3.2544 3.7926 1.652 3.2229 2.3103 -2.8569 -1.8535 2.8036 2.1224 -0.6398 -2.2674 -3.7798 0.3711 2.4426 -1.1499 -3.4308 -1.8297 3.8548 -2.2884 -3.3747 -1.9104 -0.0893 -0.9916 -1.3669 1.9521 -3.4252 -0.3843 -0.566 -0.3491 -2.1169 2.0829 1.2161 0.8617 -0.0504 2.8902 1.815 3.0116 -0.133 3.2195 2.6331 -3.531 0.5711 -3.3378 2.3037 1.1762 2.6137 0.8756 -3.7185 -2.8242 -2.6505 -3.04 -1.3448 -1.8622 3.5917 -2.0446 -1.7394 -0.9262 -1.5177 1.5013 -1.6465 0.0504 -1.2695 -1.3291 -2.3503 -0.4365 0.7543 3.2848 -0.8795 -0.828 -3.736 3.662 3.7075 -3.2174 2.3572 -3.1851 0.8846 3.1133 0.0821 3.3808 1.8071 3.4411 
-2.8344 -2.0172 3.2167 -2.2638 -1.0501 -0.5073 -3.5981 -1.8078 2.6646 -1.286 -3.6699 -2.8961 2.2487 0.0862 0.2186 3.467 -1.2029 0.6438 -0.1656 -0.3931 -1.3911 0.7149 -0.8461 0.0878 -0.8254 1.2597 1.5774 3.241 3.7663 1.6414 3.2198 2.296 -2.8442 -1.8535 2.811 2.106 -0.623 -2.2744 -3.7927 0.3956 2.4228 -1.1329 -3.4511 -1.7982 3.8541 -2.2943 -3.3827 -1.9052 -0.058 -0.9989 -1.3952 1.9712 -3.4375 -0.3988 -0.562 -0.3586 -2.1575 2.0973 1.2315 0.8586 -0.0657 2.9144 1.8258 2.9855 -0.1376 3.2084 2.6278 -3.5155 0.5603 -3.3455 2.3005 1.1608 2.5853 0.9065 -3.719 -2.8557 -2.6776 -3.0617 -1.3187 -1.8466 3.6006 -2.0226 -1.7346 -0.8934 -1.5175 1.5181 -1.6542 0.0516 -1.2746 -1.3593 -2.3258 -0.4559 0.7815 3.3182 -0.8596 -0.8424 -3.7149 3.6598 3.7211 -3.2099 2.3538 -3.1615 0.8826 3.1073 0.0775 3.3826 1.8182 3.4541 
-2.8302 -2.0327 3.1839 -2.2729 -1.0236 -0.5057 -3.5992 -1.8033 2.6488 -1.2839 -3.6847 -2.9057 2.2968 0.0995 0.2181 3.5198 -1.185 0.668 -0.1601 -0.4089 -1.3907 0.7213 -0.8548 0.0497 -0.8427 1.2345 1.559 3.2275 3.74 1.6307 3.2168 2.2815 -2.8318 -1.8531 2.8184 2.0872 -0.6078 -2.2812 -3.8056 0.4201 2.4029 -1.1159 -3.4714 -1.7664 3.8533 -2.3001 -3.3906 -1.9001 -0.0267 -1.0061 -1.4228 1.9903 -3.4502 -0.4136 -0.5584 -0.3679 -2.198 2.1118 1.2468 0.8556 -0.081 2.9384 1.8365 2.9589 -0.1399 3.1971 2.6225 -3.5011 0.5493 -3.3531 2.2997 1.1464 2.5574 0.937 -3.7196 -2.8874 -2.7037 -3.0832 -1.2927 -1.8308 3.6102 -2.0006 -1.738 -0.8604 -1.5175 1.5345 -1.6619 0.0528 -1.2798 -1.3893 -2.3013 -0.4822 0.8077 3.3515 -0.8398 -0.857 -3.6937 3.6577 3.735 -3.2024 2.3506 -3.1379 0.8806 3.1014 0.0744 3.3845 1.8293 3.467 
-2.8259 -2.0482 3.1512 -2.2825 -0.9965 -0.5043 -3.6003 -1.799 2.633 -1.2819 -3.6995 -2.9153 2.345 0.1201 0.2174 3.5727 -1.1615 0.6921 -0.1546 -0.4247 -1.3902 0.7278 -0.8631 0.0115 -0.86 1.2093 1.5403 3.2141 3.7137 1.6201 3.2138 2.2668 -2.8199 -1.8518 2.826 2.0663 -0.5932 -2.2878 -3.8185 0.4446 2.3832 -1.0988 -3.4917 -1.7334 3.8524 -2.3056 -3.3984 -1.8952 0.0044 -1.013 -1.4499 2.0093 -3.4631 -0.4286 -0.555 -0.3771 -2.2385 2.1263 1.2621 0.8529 -0.0963 2.9623 1.847 2.9324 -0.1405 3.1851 2.6173 -3.4881 0.5381 -3.3608 2.3011 1.1333 2.5306 0.9671 -3.7202 -2.9193 -2.7285 -3.1047 -1.2671 -1.815 3.6199 -1.9796 -1.7472 -0.8271 -1.5177 1.5498 -1.6694 0.0538 -1.2849 -1.4192 -2.2768 -0.5178 0.8326 3.3847 -0.82 -0.8718 -3.6723 3.6556 3.7501 -3.1949 2.3476 -3.1142 0.8783 3.0956 0.0719 3.3863 1.8404 3.4798 
-2.8216 -2.0637 3.1185 -2.2924 -0.9685 -0.5029 -3.6016 -1.7947 2.6171 -1.2801 -3.7144 -2.9248 2.3933 0.149 0.2165 3.6257 -1.1352 0.7161 -0.1492 -0.4405 -1.3896 0.7345 -0.8708 -0.0266 -0.8773 1.184 1.5215 3.2006 3.6876 1.6094 3.2109 2.2519 -2.8089 -1.8495 2.8337 2.044 -0.5787 -2.2942 -3.8313 0.4691 2.3634 -1.0817 -3.512 -1.6974 3.8515 -2.3111 -3.4061 -1.8905 0.0352 -1.0196 -1.4765 2.0275 -3.4763 -0.4439 -0.5518 -0.3862 -2.279 2.1408 1.2775 0.8505 -0.1117 2.9859 1.8575 2.9061 -0.1403 3.1708 2.6129 -3.477 0.5267 -3.3684 2.304 1.1219 2.5062 0.9969 -3.721 -2.9516 -2.7513 -3.1261 -1.242 -1.7991 3.6295 -1.9612 -1.7591 -0.7936 -1.518 1.5628 -1.6769 0.0548 -1.29 -1.449 -2.2522 -0.5634 0.8557 3.4178 -0.8003 -0.8869 -3.6508 3.6537 3.7679 -3.1873 2.3445 -3.0904 0.8759 3.0898 0.0695 3.388 1.8516 3.4926 
-2.8172 -2.079 3.086 -2.3024 -0.9396 -0.5016 -3.603 -1.7901 2.6012 -1.2788 -3.7292 -2.9344 2.4418 0.1839 0.215 3.6788 -1.1078 0.74 -0.1437 -0.4563 -1.389 0.7414 -0.8778 -0.0646 -0.8946 1.1587 1.5026 3.1872 3.6615 1.5987 3.208 2.2369 -2.7989 -1.8458 2.8415 2.021 -0.5641 -2.3004 -3.844 0.4935 2.3437 -1.0646 -3.5324 -1.6559 3.8507 -2.3165 -3.4137 -1.886 0.0656 -1.026 -1.503 2.0437 -3.4898 -0.4595 -0.5488 -0.3953 -2.3195 2.1555 1.2928 0.8489 -0.1272 3.0094 1.8679 2.8801 -0.1397 3.1517 2.6104 -3.4683 0.515 -3.3759 2.3077 1.1123 2.4859 1.0266 -3.7218 -2.984 -2.7722 -3.1473 -1.2174 -1.7831 3.639 -1.948 -1.7722 -0.7602 -1.5184 1.5716 -1.6844 0.0556 -1.295 -1.4786 -2.2276 -0.6158 0.877 3.4507 -0.7807 -0.9021 -3.6292 3.6518 3.7912 -3.1797 2.3412 -3.0664 0.8733 3.084 0.067 3.3898 1.8627 3.5054 
-2.8127 -2.0944 3.0535 -2.3125 -0.91 -0.5005 -3.6044 -1.7852 2.5851 -1.278 -3.7439 -2.944 2.4903 0.2214 0.2126 3.732 -1.0801 0.7638 -0.1383 -0.4722 -1.3883 0.7483 -0.884 -0.1028 -0.912 1.1333 1.4836 3.1737 3.6354 1.588 3.2052 2.2217 -2.7902 -1.8405 2.8494 1.9978 -0.5493 -2.3063 -3.8566 0.5176 2.324 -1.0475 -3.5526 -1.6088 3.8498 -2.3221 -3.4212 -1.8818 0.0956 -1.0322 -1.5292 2.0559 -3.5036 -0.4753 -0.546 -0.4044 -2.36 2.1701 1.3081 0.8486 -0.1427 3.0326 1.8783 2.8543 -0.1391 3.1262 2.612 -3.4622 0.5032 -3.3835 2.3116 1.1041 2.4716 1.056 -3.7227 -3.0168 -2.7909 -3.1685 -1.1931 -1.7669 3.6484 -1.9403 -1.7856 -0.7269 -1.5189 1.5746 -1.6917 0.0563 -1.3 -1.5081 -2.203 -0.6712 0.8969 3.4836 -0.7611 -0.9175 -3.6075 3.6501 3.8218 -3.1724 2.3373 -3.0421 0.8705 3.0782 0.0642 3.3916 1.8738 3.5182 
-2.8082 -2.1096 3.021 -2.3226 -0.8798 -0.4994 -3.6053 -1.7795 2.5691 -1.2778 -3.7586 -2.9536 2.539 0.2595 0.2089 3.7851 -1.0524 0.7876 -0.1329 -0.4881 -1.3875 0.7553 -0.8892 -0.1409 -0.9294 1.1078 1.4646 3.1603 3.6093 1.5773 3.2023 2.2064 -2.7827 -1.8333 2.8575 1.9746 -0.5344 -2.3121 -3.8692 0.541 2.3044 -1.0303 -3.5729 -1.5606 3.8489 -2.3279 -3.4286 -1.8778 0.1253 -1.0381 -1.5554 2.0616 -3.5175 -0.4914 -0.5434 -0.4136 -2.4006 2.1849 1.3235 0.8503 -0.158 3.0556 1.8885 2.8288 -0.1385 3.0953 2.6201 -3.4587 0.491 -3.3911 2.3155 1.0969 2.4641 1.0852 -3.7237 -3.0498 -2.8078 -3.1895 -1.169 -1.7506 3.6576 -1.9362 -1.799 -0.6941 -1.5194 1.5708 -1.699 0.0569 -1.305 -1.5375 -2.1783 -0.7251 0.9158 3.5163 -0.7415 -0.9331 -3.5858 3.6484 3.8586 -3.1656 2.3325 -3.017 0.8675 3.0725 0.0614 3.3934 1.8849 3.5309 
-2.8037 -2.1247 2.9885 -2.3326 -0.8492 -0.4983 -3.6049 -1.7728 2.553 -1.2784 -3.7732 -2.9633 2.5878 0.2976 0.2037 3.838 -1.0251 0.8113 -0.1275 -0.504 -1.3866 0.762 -0.8933 -0.1791 -0.947 1.0823 1.4459 3.1468 3.5832 1.5667 3.1995 2.1908 -2.7764 -1.8239 2.8659 1.9514 -0.5194 -2.3176 -3.8816 0.5636 2.2847 -1.013 -3.5931 -1.5205 3.8481 -2.3344 -3.4359 -1.874 0.1545 -1.0438 -1.5815 2.0599 -3.5312 -0.5077 -0.5408 -0.4226 -2.4412 2.1997 1.3389 0.8544 -0.1726 3.0784 1.8987 2.8035 -0.1382 3.0621 2.6356 -3.4579 0.4787 -3.3988 2.3195 1.0903 2.4626 1.1143 -3.7247 -3.0831 -2.8233 -3.2104 -1.145 -1.7342 3.6667 -1.9333 -1.8123 -0.6623 -1.5199 1.561 -1.7062 0.0572 -1.3099 -1.5668 -2.1535 -0.7696 0.9342 3.549 -0.7218 -0.9489 -3.5639 3.6468 3.898 -3.1595 2.3265 -2.9908 0.8645 3.0668 0.0584 3.3952 1.8959 3.5437 
-2.7991 -2.1396 2.956 -2.3424 -0.8183 -0.4973 -3.6003 -1.7645 2.5369 -1.2797 -3.7877 -2.973 2.6367 0.3353 0.1971 3.89 -0.9983 0.835 -0.1222 -0.5199 -1.3856 0.7683 -0.8963 -0.2173 -0.9646 1.0567 1.4276 3.1334 3.5571 1.5562 3.1968 2.1752 -2.7708 -1.8123 2.8744 1.9283 -0.5042 -2.323 -3.8939 0.5852 2.2651 -0.9957 -3.6133 -1.5004 3.8473 -2.3418 -3.4431 -1.8704 0.1835 -1.0494 -1.6076 2.0525 -3.5442 -0.5243 -0.5383 -0.4313 -2.4819 2.2145 1.3542 0.861 -0.1856 3.101 1.9088 2.7784 -0.1381 3.0291 2.6569 -3.4599 0.466 -3.4065 2.3233 1.0839 2.4654 1.1433 -3.7258 -3.1168 -2.8379 -3.2312 -1.121 -1.7178 3.6757 -1.9306 -1.8255 -0.6325 -1.5203 1.547 -1.7133 0.0575 -1.3148 -1.596 -2.1286 -0.7936 0.9523 3.5816 -0.7021 -0.9648 -3.542 3.6453 3.9352 -3.1548 2.3187 -2.9629 0.8613 3.0611 0.0552 3.397 1.9069 3.5564 
-2.7945 -2.1544 2.9235 -2.3521 -0.7873 -0.4963 -3.5866 -1.7544 2.5208 -1.2817 -3.8021 -2.9829 2.6857 0.3726 0.1892 3.9405 -0.9728 0.8586 -0.1169 -0.5359 -1.3846 0.7737 -0.8983 -0.2557 -0.9823 1.0311 1.4101 3.1199 3.531 1.5459 3.1941 2.1594 -2.7655 -1.7986 2.8831 1.9053 -0.4889 -2.3282 -3.9061 0.6059 2.2455 -0.9782 -3.6335 -1.4995 3.8465 -2.3507 -3.4502 -1.867 0.2121 -1.0547 -1.6336 2.0417 -3.5558 -0.5412 -0.5359 -0.439 -2.5228 2.2294 1.3696 0.8697 -0.1954 3.1233 1.9189 2.7534 -0.1383 2.9975 2.6814 -3.4651 0.453 -3.4142 2.3271 1.0776 2.4706 1.1722 -3.7269 -3.1508 -2.8517 -3.2518 -1.0968 -1.7013 3.6845 -1.9278 -1.8387 -0.6063 -1.5206 1.5306 -1.7203 0.0576 -1.3196 -1.6252 -2.1036 -0.7983 0.9703 3.6141 -0.6823 -0.9809 -3.5201 3.6438 3.9641 -3.1517 2.3091 -2.9328 0.858 3.0555 0.0518 3.3989 1.9178 3.5692 
-2.7898 -2.1689 2.8909 -2.3614 -0.7563 -0.4953 -3.5602 -1.7429 2.5048 -1.2842 -3.8164 -2.9931 2.7347 0.4095 0.1805 3.9884 -0.9493 0.8823 -0.1119 -0.5519 -1.3834 0.7777 -0.8993 -0.2942 -1.0001 1.0054 1.3938 3.1064 3.5047 1.5358 3.1915 2.1434 -2.76 -1.7829 2.8921 1.8824 -0.4736 -2.3332 -3.9181 0.6262 2.226 -0.9607 -3.6536 -1.5058 3.8458 -2.3612 -3.4571 -1.8637 0.2405 -1.06 -1.6597 2.0295 -3.5649 -0.5583 -0.5336 -0.445 -2.5638 2.2444 1.385 0.8799 -0.2007 3.1454 1.9288 2.7285 -0.1386 2.9679 2.7074 -3.4732 0.4398 -3.422 2.3307 1.0714 2.4771 1.201 -3.7281 -3.1852 -2.865 -3.2722 -1.0725 -1.6849 3.6933 -1.9246 -1.8518 -0.585 -1.5208 1.513 -1.7273 0.0577 -1.3243 -1.6542 -2.0786 -0.795 0.9883 3.6466 -0.6624 -0.9971 -3.498 3.6425 3.9806 -3.1507 2.2976 -2.9004 0.8548 3.0498 0.0482 3.4007 1.9286 3.5819 
-2.7852 -2.1832 2.8583 -2.3704 -0.7253 -0.4943 -3.5234 -1.7325 2.4887 -1.287 -3.8307 -3.0044 2.7838 0.4461 0.1711 4.0332 -0.9287 0.9061 -0.1071 -0.5679 -1.3822 0.78 -0.8995 -0.3329 -1.018 0.9797 1.3791 3.093 3.4784 1.526 3.1891 2.1273 -2.7542 -1.7654 2.9013 1.8596 -0.4582 -2.3381 -3.9299 0.6461 2.2065 -0.9431 -3.6736 -1.5107 3.845 -2.3735 -3.464 -1.8606 0.2686 -1.0651 -1.6858 2.0167 -3.5711 -0.5757 -0.5314 -0.4484 -2.6051 2.2594 1.4004 0.8911 -0.2013 3.1674 1.9387 2.7036 -0.139 2.9401 2.7339 -3.484 0.4263 -3.4298 2.3343 1.0653 2.4841 1.2299 -3.7294 -3.2199 -2.8771 -3.2925 -1.0479 -1.6685 3.7021 -1.9212 -1.8649 -0.5687 -1.521 1.495 -1.7342 0.0577 -1.329 -1.6832 -2.0535 -0.7898 1.0063 3.679 -0.6424 -1.0135 -3.4759 3.6412 3.9871 -3.1515 2.2845 -2.8659 0.8518 3.0442 0.0444 3.4025 1.9392 3.5947 
-2.7804 -2.1973 2.8255 -2.3788 -0.6943 -0.4934 -3.4814 -1.7285 2.4727 -1.2901 -3.8449 -3.018 2.8331 0.4822 0.1616 -4.068 -0.9114 0.9299 -0.1027 -0.5841 -1.3809 0.7801 -0.899 -0.3718 -1.036 0.9539 1.3663 3.0795 3.4521 1.5166 3.1869 2.1111 -2.7484 -1.7463 2.9106 1.8368 -0.4427 -2.3428 -3.9415 0.6659 2.1871 -0.9253 -3.6937 -1.5078 3.8443 -2.3874 -3.4708 -1.8576 0.2965 -1.0702 -1.7119 2.0036 -3.5746 -0.5933 -0.5293 -0.4487 -2.6465 2.2745 1.4159 0.9027 -0.1987 3.1891 1.9485 2.6786 -0.1396 2.9137 2.7605 -3.4967 0.4125 -3.4378 2.3378 1.0591 2.4912 1.2587 -3.7308 -3.255 -2.8871 -3.3127 -1.0231 -1.6522 3.7109 -1.9175 -1.8781 -0.5558 -1.5212 1.4769 -1.7411 0.0576 -1.3336 -1.7122 -2.0283 -0.7842 1.0244 3.7114 -0.6224 -1.03 -3.4537 3.6399 3.9885 -3.1537 2.2702 -2.8301 0.849 3.0387 0.0404 3.4042 1.9497 3.6076 
-2.7757 -2.2111 2.7927 -2.3865 -0.6634 -0.4924 -3.4376 -1.7308 2.4567 -1.2931 -3.859 -3.0345 2.8824 0.5179 0.1519 -4.0279 -0.8967 0.9538 -0.0988 -0.6003 -1.3795 0.7778 -0.898 -0.411 -1.0542 0.9281 1.3555 3.066 3.4256 1.5077 3.185 2.0947 -2.7427 -1.7259 2.92 1.8141 -0.4271 -2.3473 -3.9529 0.6857 2.168 -0.9074 -3.7137 -1.4971 3.8436 -2.4025 -3.4774 -1.8547 0.3241 -1.0754 -1.7381 1.9902 -3.5762 -0.6112 -0.5273 -0.4466 -2.6883 2.2897 1.4313 0.9147 -0.1943 3.2106 1.9581 2.6536 -0.1403 2.8884 2.787 -3.5107 0.3988 -3.4458 2.3411 1.0529 2.4982 1.2875 -3.7322 -3.2903 -2.894 -3.3327 -0.998 -1.6359 3.7197 -1.9136 -1.8912 -0.5444 -1.5218 1.459 -1.7479 0.0573 -1.3381 -1.7411 -2.003 -0.7781 1.0425 3.7438 -0.6025 -1.0466 -3.4315 3.6387 3.9881 -3.1569 2.2552 -2.7937 0.8467 3.0334 0.0361 3.4058 1.96 3.6204 
-2.7709 -2.2247 2.7598 -2.3935 -0.6325 -0.4914 -3.3933 -1.7349 2.4408 -1.2961 -3.8732 -3.0535 2.9318 0.5533 0.1423 -3.9888 -0.8839 0.9778 -0.0957 -0.6166 -1.378 0.7732 -0.8966 -0.4505 -1.0724 0.9023 1.3465 3.0526 3.3992 1.4995 3.1834 2.0781 -2.7372 -1.7045 2.9293 1.7915 -0.4115 -2.3517 -3.964 0.7054 2.1495 -0.8893 -3.734 -1.484 3.843 -2.4185 -3.484 -1.8519 0.3516 -1.0807 -1.7643 1.9764 -3.5768 -0.6293 -0.5254 -0.4429 -2.7303 2.3049 1.4468 0.9267 -0.1891 3.232 1.9677 2.6283 -0.1411 2.8638 2.8134 -3.5255 0.3854 -3.4539 2.3444 1.0468 2.5051 1.3165 -3.7337 -3.3255 -2.8986 -3.3526 -0.9726 -1.6197 3.7288 -1.9094 -1.9043 -0.5333 -1.5233 1.4413 -1.7546 0.057 -1.3426 -1.77 -1.9777 -0.7712 1.0608 3.7761 -0.5833 -1.0634 -3.4092 3.6375 3.9872 -3.1605 2.2396 -2.7571 0.845 3.0284 0.0316 3.4071 1.9701 3.6334 
-2.766 -2.238 2.7267 -2.3997 -0.6017 -0.4903 -3.3489 -1.7387 2.4248 -1.2991 -3.8874 -3.0737 2.9814 0.5882 0.1329 -3.9502 -0.872 1.0018 -0.0936 -0.6331 -1.3764 0.7667 -0.8949 -0.4904 -1.0907 0.8763 1.3389 3.0391 3.3727 1.4919 3.1823 2.0615 -2.7321 -1.6824 2.9382 1.7689 -0.3958 -2.356 -3.9748 0.7251 2.1318 -0.871 -3.7546 -1.471 3.8423 -2.4348 -3.4905 -1.8492 0.3788 -1.0862 -1.7905 1.9618 -3.577 -0.6476 -0.5237 -0.4385 -2.7727 2.3202 1.4624 0.9387 -0.1836 3.2532 1.9771 2.6027 -0.142 2.8397 2.8396 -3.5408 0.3734 -3.4622 2.3476 1.0406 2.5118 1.3454 -3.7353 -3.3604 -2.902 -3.3725 -0.947 -1.6035 3.7384 -1.9049 -1.9176 -0.5217 -1.5265 1.4238 -1.7614 0.0566 -1.347 -1.7988 -1.9523 -0.7627 1.0791 3.8084 -0.5655 -1.0803 -3.3869 3.6364 3.9861 -3.1643 2.2239 -2.7209 0.8442 3.0239 0.0269 3.4078 1.9801 3.6463 
-2.761 -2.2511 2.6934 -2.4052 -0.5709 -0.4893 -3.3047 -1.7421 2.4089 -1.3025 -3.9016 -3.0942 3.0312 0.6229 0.1236 -3.9116 -0.8606 1.0259 -0.0926 -0.6497 -1.3748 0.7586 -0.8929 -0.5305 -1.1093 0.8503 1.3324 3.0256 3.3462 1.4851 3.1817 2.0447 -2.7272 -1.6598 2.9466 1.7463 -0.3801 -2.3601 -3.9853 0.7448 2.1152 -0.8528 -3.7761 -1.459 3.8418 -2.4512 -3.4969 -1.8465 0.4059 -1.0916 -1.8168 1.9462 -3.5772 -0.6661 -0.5221 -0.4339 -2.8155 2.3356 1.4779 0.9506 -0.1775 3.2742 1.9864 2.5768 -0.1429 2.8159 2.8657 -3.5565 0.3641 -3.4706 2.3507 1.0345 2.5185 1.3745 -3.737 -3.3941 -2.9049 -3.3923 -0.9212 -1.5875 3.7488 -1.9001 -1.9308 -0.5091 -1.532 1.4065 -1.768 0.056 -1.3514 -1.8276 -1.9268 -0.752 1.0976 3.8407 -0.5506 -1.0973 -3.3645 3.6353 3.9849 -3.1681 2.2082 -2.685 0.8444 3.0202 0.0221 3.4077 1.9899 3.6594 
-2.756 -2.264 2.66 -2.4099 -0.5401 -0.4882 -3.2607 -1.7451 2.393 -1.3073 -3.9158 -3.1147 3.0811 0.6571 0.1145 -3.873 -0.8493 1.0501 -0.0929 -0.6665 -1.373 0.7491 -0.8907 -0.5701 -1.1284 0.8242 1.3266 3.0121 3.3196 1.4791 3.1817 2.0278 -2.7224 -1.6369 2.9543 1.7238 -0.3643 -2.3642 -3.9953 0.7646 2.0998 -0.8349 -3.7994 -1.4483 3.8412 -2.4675 -3.5032 -1.844 0.4328 -1.0969 -1.8432 1.9292 -3.5775 -0.6848 -0.5208 -0.4292 -2.8586 2.351 1.4936 0.9625 -0.1706 3.2951 1.9958 2.5505 -0.1439 2.7922 2.8916 -3.5724 0.3594 -3.4791 2.3537 1.0284 2.525 1.4035 -3.7388 -3.4258 -2.9075 -3.4124 -0.8952 -1.5715 3.7602 -1.8951 -1.9442 -0.4953 -1.5402 1.3894 -1.7747 0.0553 -1.3556 -1.8563 -1.9014 -0.7387 1.116 3.873 -0.5405 -1.1144 -3.3421 3.6343 3.9834 -3.1717 2.1925 -2.6496 0.8458 3.0173 0.0176 3.4064 1.9997 3.6725 
-2.7509 -2.2767 2.6264 -2.4141 -0.5093 -0.4872 -3.2168 -1.7479 2.3771 -1.3161 -3.9302 -3.135 3.1313 0.6911 0.1055 -3.8344 -0.838 1.0742 -0.0946 -0.6834 -1.3712 0.7388 -0.8884 -0.6069 -1.148 0.798 1.3213 2.9986 3.293 1.4738 3.1823 2.0108 -2.7177 -1.6137 2.9614 1.7012 -0.3485 -2.3681 -4.0051 0.7845 2.0854 -0.818 -3.8258 -1.4389 3.8407 -2.4835 -3.5096 -1.8416 0.4595 -1.1019 -1.8698 1.9113 -3.5779 -0.7037 -0.5196 -0.4247 -2.9021 2.3665 1.5093 0.9743 -0.1626 3.3158 2.0054 2.5237 -0.1449 2.7687 2.9174 -3.5886 0.3608 -3.4876 2.3566 1.0222 2.5315 1.4322 -3.7406 -3.4538 -2.9098 -3.4326 -0.869 -1.5556 3.7731 -1.8897 -1.9576 -0.48 -1.5508 1.3725 -1.7813 0.0546 -1.3599 -1.8851 -1.8758 -0.7232 1.1346 3.9053 -0.5366 -1.1315 -3.3196 3.6333 3.9814 -3.1751 2.1769 -2.6145 0.8484 3.0151 0.014 3.4035 2.0094 3.6857 
-2.7457 -2.2893 2.5926 -2.4177 -0.4785 -0.4861 -3.1731 -1.7505 2.3612 -1.3334 -3.9447 -3.1549 3.1818 0.7247 0.0968 -3.7956 -0.8267 1.0983 -0.0977 -0.7004 -1.3692 0.7277 -0.8859 -0.6368 -1.1681 0.7716 1.3162 2.9851 3.2664 1.4691 3.1835 1.9939 -2.713 -1.5906 2.9683 1.6787 -0.3326 -2.3719 -4.0147 0.8045 2.0718 -0.8033 -3.8562 -1.431 3.8403 -2.4993 -3.516 -1.8394 0.486 -1.1068 -1.8964 1.8924 -3.5784 -0.7228 -0.5185 -0.4204 -2.9459 2.3821 1.525 0.986 -0.1533 3.3363 2.016 2.4965 -0.1459 2.7453 2.9431 -3.6051 0.3686 -3.4961 2.3595 1.0161 2.538 1.4599 -3.7426 -3.4771 -2.9118 -3.4531 -0.8427 -1.5398 3.7876 -1.884 -1.9711 -0.4633 -1.5632 1.3557 -1.788 0.0537 -1.364 -1.9137 -1.8502 -0.7059 1.153 3.9375 -0.539 -1.1488 -3.2971 3.6322 3.9789 -3.1783 2.1614 -2.5797 0.8524 3.0133 0.0126 3.3991 2.019 3.699 
-2.7403 -2.3017 2.5585 -2.421 -0.4476 -0.4851 -3.1295 -1.7531 2.3452 -1.3629 -3.9592 -3.1746 3.2324 0.7581 0.0883 -3.7568 -0.8153 1.1224 -0.1021 -0.7176 -1.3672 0.7162 -0.8834 -0.6557 -1.1885 0.7452 1.3114 2.9716 3.2398 1.465 3.1853 1.977 -2.7082 -1.5674 2.9751 1.6561 -0.3168 -2.3756 -4.0243 0.8245 2.0586 -0.7926 -3.8906 -1.4242 3.8399 -2.5149 -3.5225 -1.8374 0.5124 -1.1116 -1.9231 1.8731 -3.579 -0.7421 -0.5176 -0.4162 -2.99 2.3977 1.5409 0.9976 -0.1426 3.3567 2.0289 2.4688 -0.147 2.7219 2.9687 -3.6219 0.3813 -3.5042 2.3622 1.01 2.5445 1.4854 -3.7447 -3.4958 -2.9134 -3.4739 -0.8163 -1.5241 3.8034 -1.878 -1.9847 -0.4452 -1.5767 1.339 -1.7946 0.0527 -1.368 -1.9424 -1.8246 -0.6878 1.1714 3.9698 -0.5463 -1.1661 -3.2746 3.6312 3.9757 -3.1812 2.1461 -2.545 0.8576 3.0117 0.0151 3.3931 2.0286 3.7124 
-2.7349 -2.314 2.5242 -2.4239 -0.4167 -0.4838 -3.086 -1.7557 2.3293 -1.4034 -3.9734 -3.194 3.2828 0.7911 0.0799 -3.7179 -0.8041 1.1464 -0.1077 -0.7348 -1.3651 0.7044 -0.8807 -0.6649 -1.2092 0.7186 1.3066 2.958 3.2131 1.4614 3.1876 1.9604 -2.7032 -1.5445 2.9819 1.6336 -0.301 -2.3793 -4.0346 0.8447 2.0457 -0.7876 -3.9277 -1.4186 3.8396 -2.5303 -3.5294 -1.8356 0.5386 -1.1163 -1.9499 1.8534 -3.5797 -0.7616 -0.5169 -0.4122 -3.0342 2.4133 1.5568 1.0092 -0.1308 3.377 2.0462 2.4407 -0.1482 2.6986 2.9942 -3.6391 0.397 -3.5114 2.3649 1.0039 2.551 1.5064 -3.7469 -3.511 -2.9147 -3.4947 -0.7901 -1.5084 3.8204 -1.8716 -1.9983 -0.4259 -1.5907 1.3224 -1.8013 0.0517 -1.372 -1.971 -1.7989 -0.6694 1.1896 4.0021 -0.5565 -1.1835 -3.2519 3.6302 3.9717 -3.1839 2.1309 -2.5105 0.8638 3.0103 0.0232 3.386 2.0381 3.726 
-2.7294 -2.3262 2.4895 -2.4265 -0.3857 -0.4821 -3.0426 -1.7587 2.3132 -1.45 -3.986 -3.2135 3.3317 0.8239 0.0717 -3.6789 -0.7933 1.1705 -0.1142 -0.7519 -1.3629 0.6925 -0.8781 -0.6686 -1.2302 0.6918 1.302 2.9445 3.1864 1.458 3.1902 1.944 -2.6981 -1.5218 2.9888 1.611 -0.2852 -2.3828 -4.0467 0.8651 2.0329 -0.7888 -3.9664 -1.4138 3.8394 -2.5455 -3.5367 -1.8341 0.5646 -1.1209 -1.9768 1.8335 -3.5804 -0.7812 -0.5161 -0.4083 -3.0783 2.4291 1.5729 1.0206 -0.1181 3.3971 2.07 2.4123 -0.1493 2.6753 3.0197 -3.6566 0.4144 -3.5166 2.3674 0.9978 2.5575 1.521 -3.7491 -3.5237 -2.9155 -3.5157 -0.7643 -1.4928 3.8381 -1.8649 -2.0121 -0.4057 -1.6047 1.3059 -1.8079 0.0506 -1.376 -1.9995 -1.7732 -0.651 1.2075 4.0343 -0.5677 -1.201 -3.2292 3.6292 3.9669 -3.1863 2.1158 -2.476 0.871 3.0088 0.0374 3.3779 2.0476 3.7396 
-2.7237 -2.3383 2.4546 -2.4289 -0.3545 -0.4789 -2.9992 -1.7626 2.2971 -1.4982 -3.9934 -3.2329 3.3755 0.8565 0.0636 -3.6399 -0.7839 1.1946 -0.1215 -0.7687 -1.3606 0.6807 -0.8754 -0.6704 -1.2516 0.665 1.2975 2.9309 3.1596 1.4549 3.1929 1.9279 -2.6927 -1.4998 2.9957 1.5884 -0.2694 -2.3863 -4.0621 0.8856 2.0201 -0.7952 -4.0056 -1.4096 3.8392 -2.5605 -3.5446 -1.8328 0.5905 -1.1254 -2.0039 1.8134 -3.5812 -0.801 -0.5154 -0.4045 -3.1221 2.4449 1.589 1.032 -0.1046 3.4171 2.1006 2.3836 -0.1506 2.652 3.045 -3.6745 0.4324 -3.5183 2.3699 0.9918 2.5642 1.5289 -3.7514 -3.5349 -2.916 -3.5366 -0.7391 -1.4773 3.8563 -1.8579 -2.0258 -0.3848 -1.6188 1.2894 -1.8147 0.0494 -1.3798 -2.028 -1.7474 -0.6329 1.2249 4.0666 -0.5789 -1.2184 -3.2064 3.6282 3.9613 -3.1885 2.1008 -2.4416 0.8788 3.0075 0.0567 3.3693 2.057 3.7535 
-2.7179 -2.3504 2.4193 -2.4311 -0.3233 -0.4725 -2.9557 -1.7687 2.281 -1.5451 -3.9888 -3.2525 3.4076 0.8889 0.0556 -3.6008 -0.7776 1.2188 -0.1293 -0.7847 -1.3582 0.669 -0.8726 -0.6718 -1.2732 0.638 1.2932 2.9173 3.1328 1.4519 3.1948 1.9123 -2.6872 -1.4787 3.0027 1.5658 -0.2536 -2.3897 4.0611 0.9062 2.0074 -0.805 -4.0441 -1.4057 3.8392 -2.5754 -3.5532 -1.8318 0.6162 -1.1298 -2.031 1.7931 -3.5821 -0.8209 -0.5148 -0.4008 -3.1653 2.4607 1.6053 1.0434 -0.0906 3.437 2.1361 2.3547 -0.1518 2.6287 3.0704 -3.6927 0.4505 -3.5156 2.3722 0.9857 2.5709 1.5318 -3.7538 -3.545 -2.9161 -3.5573 -0.7147 -1.4618 3.8748 -1.8506 -2.0396 -0.3634 -1.6327 1.273 -1.8215 0.0481 -1.3836 -2.0564 -1.7216 -0.615 1.2418 -4.0444 -0.5894 -1.2359 -3.1836 3.6272 3.9549 -3.1905 2.086 -2.4072 0.8871 3.0061 0.0794 3.3603 2.0662 3.7674 
-2.712 -2.3624 2.3836 -2.4333 -0.2918 -0.4613 -2.9122 -1.7778 2.2648 -1.5892 -3.9667 -3.2721 3.4221 0.921 0.0477 -3.5616 -0.7762 1.243 -0.1376 -0.7993 -1.3558 0.6575 -0.8699 -0.6734 -1.2952 0.6109 1.2889 2.9037 3.106 1.4489 3.1943 1.8973 -2.6815 -1.4593 3.0097 1.5432 -0.2379 -2.393 4.0363 0.9269 1.9949 -0.8165 4.063 -1.402 3.8392 -2.5903 -3.5625 -1.8308 0.6418 -1.1341 -2.0581 1.7727 -3.5829 -0.8411 -0.5141 -0.3973 -3.2076 2.4766 1.6217 1.0547 -0.0763 3.4568 2.1744 2.3255 -0.1531 2.6055 3.0956 -3.7113 0.4687 -3.5082 2.3745 0.9796 2.5778 1.5322 -3.7561 -3.5544 -2.9158 -3.578 -0.691 -1.4463 3.8933 -1.8429 -2.0533 -0.3418 -1.6466 1.2566 -1.8284 0.0467 -1.3874 -2.0848 -1.6958 -0.5975 1.2581 -4.0121 -0.5991 -1.2535 -3.1606 3.6262 3.9478 -3.1923 2.0712 -2.3728 0.8957 3.0048 0.1037 3.3511 2.0753 3.7815 
-2.706 -2.3744 2.3476 -2.4354 -0.2602 -0.4451 -2.8686 -1.7894 2.2484 -1.6305 -3.9303 -3.2918 3.4226 0.953 0.0399 -3.5224 -0.7795 1.2673 -0.1462 -0.8119 -1.3532 0.6462 -0.867 -0.6753 -1.3176 0.5836 1.2848 2.8901 3.0791 1.4459 3.1882 1.8827 -2.6755 -1.4421 3.0167 1.5206 -0.2223 -2.3963 4.0076 0.9476 1.9825 -0.8289 4.0324 -1.3983 3.8393 -2.605 -3.5726 -1.8298 0.6672 -1.1383 -2.0853 1.7524 -3.5838 -0.8613 -0.5133 -0.3939 -3.2491 2.4926 1.6383 1.0659 -0.0618 3.4765 2.2138 2.2963 -0.1545 2.5822 3.1209 -3.7301 0.4867 -3.4973 2.3767 0.9735 2.5848 1.5314 -3.7583 -3.5633 -2.9154 -3.5985 -0.6678 -1.4309 3.9118 -1.8349 -2.067 -0.32 -1.6604 1.2403 -1.8353 0.0453 -1.3911 -2.1131 -1.67 -0.5802 1.2736 -3.9799 -0.6082 -1.271 -3.1375 3.6251 3.9401 -3.194 2.0564 -2.3385 0.9044 3.0036 0.1287 3.3418 2.0843 3.7958 
-2.6999 -2.3864 2.3114 -2.4377 -0.2284 -0.4259 -2.8248 -1.8022 2.232 -1.6704 -3.887 -3.3117 3.4164 0.9848 0.0322 -3.483 -0.7858 1.2917 -0.1549 -0.8219 -1.3505 0.6353 -0.8642 -0.6774 -1.3404 0.5563 1.2808 2.8765 3.0522 1.4429 3.1721 1.8687 -2.6694 -1.4277 3.0237 1.4979 -0.2067 -2.3995 3.9761 0.968 1.9703 -0.8416 4.0117 -1.3944 3.8396 -2.6198 -3.5833 -1.8287 0.6925 -1.1424 -2.1124 1.7323 -3.5848 -0.8818 -0.5125 -0.3906 -3.2895 2.5086 1.655 1.0772 -0.0474 3.4961 2.2536 2.2669 -0.156 2.559 3.1461 -3.7491 0.5045 -3.4842 2.3788 0.9675 2.5919 1.5302 -3.7603 -3.5718 -2.9147 -3.6189 -0.6448 -1.4156 3.9302 -1.8267 -2.0806 -0.2982 -1.6742 1.224 -1.8424 0.0439 -1.3947 -2.1413 -1.6441 -0.5632 1.2885 -3.9476 -0.617 -1.2885 -3.1143 3.624 3.9317 -3.1957 2.0418 -2.3041 0.9132 3.0023 0.154 3.3325 2.0931 3.8102 
-2.6936 -2.3984 2.2749 -2.4401 -0.1964 -0.4053 -2.7808 -1.8155 2.2154 -1.7096 -3.8414 -3.3316 3.4079 1.0164 0.0245 -3.4434 -0.7934 1.3161 -0.1637 -0.8288 -1.3478 0.6246 -0.8613 -0.6797 -1.3636 0.5289 1.2766 2.8628 3.0253 1.4398 3.1438 1.855 -2.6631 -1.4166 3.0308 1.4752 -0.1913 -2.4027 3.9428 0.9878 1.9584 -0.8543 4.0034 -1.3902 3.8399 -2.6345 -3.5944 -1.8275 0.7177 -1.1466 -2.1395 1.7128 -3.5858 -0.9023 -0.5117 -0.3875 -3.329 2.5247 1.6718 1.0883 -0.033 3.5155 2.2936 2.2374 -0.1576 2.5358 3.1713 -3.7682 0.5222 -3.4701 2.3808 0.9614 2.5992 1.529 -3.7621 -3.58 -2.9139 -3.6392 -0.6221 -1.4002 3.9484 -1.8181 -2.094 -0.2764 -1.6881 1.2077 -1.8497 0.0423 -1.3983 -2.1694 -1.6181 -0.5464 1.3027 -3.9154 -0.6255 -1.3059 -3.091 3.623 3.9226 -3.1972 2.0271 -2.2697 0.922 3.0011 0.1792 3.3231 2.1018 3.8248 
-2.6872 -2.4105 2.2386 -2.4426 -0.1641 -0.3841 -2.7367 -1.8287 2.1986 -1.7485 -3.7951 -3.3515 3.399 1.0476 0.0168 -3.4037 -0.8014 1.3405 -0.1726 -0.8328 -1.3449 0.6143 -0.8583 -0.6822 -1.3872 0.5013 1.2721 2.8491 2.9983 1.4367 3.1053 1.8417 -2.6566 -1.4085 3.0378 1.4524 -0.1759 -2.4058 3.9084 1.0066 1.9469 -0.867 4.005 -1.3857 3.8402 -2.6492 -3.6057 -1.8261 0.7428 -1.1507 -2.1666 1.6943 -3.5869 -0.9231 -0.5107 -0.3845 -3.3676 2.5409 1.6888 1.0995 -0.0187 3.5349 2.3334 2.2078 -0.1594 2.5126 3.1965 -3.7874 0.5398 -3.4555 2.3827 0.9554 2.6066 1.528 -3.7633 -3.5881 -2.913 -3.6593 -0.5994 -1.3849 3.9664 -1.8093 -2.1071 -0.2548 -1.702 1.1914 -1.8571 0.0407 -1.4018 -2.1975 -1.5922 -0.5298 1.3166 -3.8832 -0.6338 -1.3234 -3.0676 3.6219 3.9129 -3.1988 2.0125 -2.2354 0.9306 2.9999 0.2044 3.3138 2.1103 3.8396 
-2.6807 -2.4228 2.2031 -2.4452 -0.1315 -0.3627 -2.6924 -1.8419 2.1817 -1.7871 -3.7487 -3.3712 3.3901 1.0781 0.0091 -3.3639 -0.8094 1.3649 -0.1814 -0.8346 -1.3419 0.6043 -0.8554 -0.6848 -1.4108 0.4736 1.2665 2.8354 2.9714 1.4333 3.0611 1.8286 -2.65 -1.4027 3.0448 1.4297 -0.1607 -2.4088 3.8733 1.0237 1.9355 -0.8798 4.0124 -1.3809 3.8406 -2.6639 -3.6172 -1.8244 0.7677 -1.155 -2.1937 1.6775 -3.5882 -0.944 -0.5097 -0.3816 -3.4054 2.5571 1.7059 1.1107 -0.0046 3.5543 2.3732 2.1784 -0.1613 2.4896 3.2217 -3.8065 0.5574 -3.441 2.3844 0.9493 2.6142 1.5272 -3.764 -3.5961 -2.9121 -3.6793 -0.577 -1.3696 3.9843 -1.8002 -2.1199 -0.2333 -1.7161 1.1751 -1.8646 0.0391 -1.4053 -2.2255 -1.5661 -0.5134 1.3304 -3.851 -0.6419 -1.3407 -3.0439 3.6209 3.9023 -3.2005 1.998 -2.2013 0.9391 2.9987 0.2295 3.3043 2.1188 3.8545 
-2.6742 -2.4353 2.1693 -2.4479 -0.0986 -0.3413 -2.6479 -1.8551 2.1646 -1.8255 -3.7022 -3.3908 3.3814 1.107 0.0014 -3.3239 -0.8173 1.3893 -0.1903 -0.8349 -1.3388 0.5947 -0.8524 -0.6876 -1.4334 0.4457 1.259 2.8216 2.9444 1.4296 3.0143 1.8157 -2.6432 -1.3986 3.0519 1.4068 -0.1456 -2.4118 3.8376 1.0386 1.9237 -0.8926 4.0223 -1.3758 3.841 -2.6786 -3.6289 -1.8225 0.7926 -1.1594 -2.2207 1.6629 -3.5898 -0.965 -0.5085 -0.3789 -3.4426 2.5734 1.723 1.1218 0.0094 3.5735 2.4129 2.1496 -0.1634 2.4668 3.2469 -3.8256 0.575 -3.4267 2.386 0.9432 2.622 1.5266 -3.7639 -3.604 -2.9112 -3.6992 -0.5547 -1.3542 4.0019 -1.7909 -2.1323 -0.2119 -1.7303 1.1589 -1.8724 0.0375 -1.4087 -2.2533 -1.54 -0.497 1.3451 -3.8188 -0.6499 -1.358 -3.0202 3.6202 3.8909 -3.2023 1.9834 -2.1685 0.9473 2.9976 0.2545 3.2946 2.1272 3.8696 
-2.6675 -2.448 2.1389 -2.4507 -0.0654 -0.32 -2.6032 -1.8682 2.1472 -1.8637 -3.6557 -3.41 3.373 1.133 -0.0063 -3.284 -0.825 1.4137 -0.1992 -0.8342 -1.3356 0.5854 -0.8493 -0.6903 -1.4521 0.4174 1.2478 2.8079 2.9174 1.4255 2.9668 1.803 -2.6362 -1.3955 3.0589 1.384 -0.1306 -2.4148 3.8015 1.0507 1.9107 -0.9055 4.033 -1.3703 3.8413 -2.693 -3.6405 -1.8204 0.8175 -1.164 -2.2478 1.651 -3.5918 -0.9862 -0.5073 -0.3764 -3.479 2.5897 1.7402 1.133 0.0231 3.5927 2.4525 2.1223 -0.1656 2.4443 3.2721 -3.8444 0.5927 -3.4126 2.3873 0.9371 2.6299 1.5261 -3.7628 -3.612 -2.9103 -3.719 -0.5326 -1.3387 4.0194 -1.7814 -2.1442 -0.1907 -1.7446 1.1426 -1.8803 0.0358 -1.4121 -2.2811 -1.5138 -0.4808 1.3622 -3.7867 -0.6578 -1.3752 -2.9963 3.6197 3.8785 -3.2043 1.9689 -2.1398 0.9553 2.9964 0.2794 3.2846 2.1355 3.8848 
-2.6607 -2.4611 2.1137 -2.4533 -0.0318 -0.2986 -2.5584 -1.8813 2.1296 -1.9017 -3.6091 -3.4287 3.3647 1.1551 -0.0141 -3.245 -0.8325 1.4381 -0.2081 -0.833 -1.3323 0.5764 -0.8463 -0.6932 -1.4606 0.3888 1.2312 2.7941 2.8905 1.4208 2.9195 1.7903 -2.6291 -1.393 3.0658 1.3611 -0.1157 -2.4177 3.7651 1.0603 1.8955 -0.9185 4.0437 -1.3645 3.8416 -2.7064 -3.6523 -1.8182 0.8422 -1.1688 -2.275 1.6417 -3.5944 -1.0075 -0.5059 -0.374 -3.515 2.6062 1.7571 1.1441 0.0367 3.6119 2.4921 2.0977 -0.1679 2.4223 3.2973 -3.863 0.6106 -3.3989 2.3884 0.9308 2.638 1.5258 -3.7606 -3.62 -2.9095 -3.7387 -0.5106 -1.3232 4.0367 -1.7716 -2.1555 -0.1696 -1.759 1.1264 -1.8883 0.034 -1.4154 -2.3088 -1.4875 -0.4647 1.3827 -3.7545 -0.6657 -1.3923 -2.9723 3.6198 3.865 -3.2065 1.9543 -2.1217 0.9631 2.9953 0.3043 3.274 2.1437 3.9002 
-2.6538 -2.4746 2.0952 -2.4559 0.0021 -0.2772 -2.5134 -1.8944 2.1116 -1.9396 -3.5623 -3.4468 3.3566 1.1737 -0.022 -3.2087 -0.8398 1.4624 -0.2169 -0.8315 -1.3289 0.5677 -0.8432 -0.6961 -1.4526 0.3598 1.2081 2.7802 2.8635 1.415 2.8727 1.7777 -2.6219 -1.3907 3.0728 1.3382 -0.1009 -2.4205 3.7284 1.0678 1.878 -0.9317 4.0541 -1.3585 3.8418 -2.7169 -3.664 -1.8158 0.8669 -1.1739 -2.3022 1.6345 -3.5977 -1.029 -0.5044 -0.3718 -3.5505 2.6228 1.7739 1.1552 0.0502 3.631 2.5316 2.0755 -0.1704 2.4006 3.3226 -3.8812 0.6289 -3.3855 2.3895 0.9241 2.6462 1.5257 -3.7574 -3.6281 -2.9088 -3.7583 -0.4887 -1.3076 4.0538 -1.7617 -2.166 -0.1486 -1.7735 1.1101 -1.8964 0.0323 -1.4187 -2.3364 -1.461 -0.4486 1.4065 -3.7224 -0.6734 -1.4093 -2.9484 3.6207 3.8505 -3.209 1.9398 -2.1202 0.9706 2.9941 0.3293 3.2626 2.1518 3.9158 
-2.6469 -2.4886 2.0832 -2.4583 0.0365 -0.2557 -2.4684 -1.9075 2.0933 -1.9775 -3.5155 -3.4643 3.3485 1.1902 -0.0301 -3.1781 -0.8469 1.4868 -0.2258 -0.83 -1.3253 0.5593 -0.8401 -0.699 -1.4309 0.3303 1.179 2.7664 2.8365 1.408 2.8267 1.7651 -2.6146 -1.3885 3.0797 1.3153 -0.0861 -2.4234 3.6915 1.0738 1.8592 -0.9452 4.0641 -1.3523 3.8418 -2.7214 -3.6758 -1.8133 0.8916 -1.1792 -2.3296 1.6289 -3.6016 -1.0506 -0.5028 -0.3698 -3.5857 2.6395 1.7902 1.1664 0.0634 3.65 2.5712 2.0547 -0.173 2.379 3.3479 -3.899 0.6474 -3.3724 2.391 0.9166 2.6546 1.5256 -3.7533 -3.6362 -2.9082 -3.7777 -0.4669 -1.2919 4.0707 -1.7515 -2.1757 -0.1278 -1.7881 1.0939 -1.9044 0.0305 -1.4219 -2.3639 -1.4342 -0.4326 1.4325 -3.6903 -0.6812 -1.4262 -2.9246 3.6227 3.8351 -3.2117 1.9252 -2.1325 0.9779 2.993 0.3542 3.2501 2.1599 3.9315 
-2.6398 -2.503 2.0761 -2.4605 0.0713 -0.2342 -2.4234 -1.9206 2.0746 -2.0154 -3.4686 -3.4812 3.3406 1.2055 -0.0382 -3.1559 -0.8537 1.5111 -0.2345 -0.8287 -1.3216 0.5513 -0.8369 -0.7019 -1.4028 0.3004 1.1456 2.7525 2.8095 1.3994 2.7817 1.7526 -2.6072 -1.3864 3.0866 1.2924 -0.0711 -2.4262 3.6545 1.0789 1.8401 -0.9588 -4.0696 -1.346 3.8418 -2.7174 -3.6877 -1.8109 0.9162 -1.1848 -2.3569 1.6242 -3.6062 -1.0723 -0.501 -0.368 -3.6205 2.6564 1.8059 1.1775 0.0765 3.669 2.6109 2.0345 -0.1757 2.3576 3.3733 -3.9164 0.6661 -3.3596 2.393 0.9082 2.6631 1.5257 -3.7482 -3.6445 -2.9077 -3.7971 -0.4452 -1.2762 -4.0559 -1.7412 -2.1845 -0.1072 -1.8028 1.0776 -1.9118 0.0288 -1.4252 -2.3913 -1.4071 -0.4167 1.4599 -3.6583 -0.6889 -1.4429 -2.9014 3.626 3.8189 -3.2147 1.9107 -2.1515 0.9849 2.9919 0.3791 3.2362 2.1679 3.9473 
-2.6328 -2.5175 2.072 -2.4625 0.1066 -0.2125 -2.3785 -1.9337 2.0555 -2.0533 -3.4221 -3.4977 3.3327 1.2204 -0.0464 -3.1406 -0.8605 1.5354 -0.2431 -0.8279 -1.3177 0.5437 -0.8338 -0.7049 -1.3727 0.2702 1.1102 2.7386 2.7826 1.389 2.7375 1.74 -2.5997 -1.3841 3.0935 1.2694 -0.0557 -2.4289 3.6174 1.0836 1.8211 -0.9726 -4.0604 -1.3395 3.8417 -2.7062 -3.6995 -1.8085 0.9408 -1.1907 -2.3844 1.62 -3.6112 -1.0941 -0.4991 -0.3664 -3.6551 2.6735 1.8209 1.1886 0.0895 3.6881 2.6507 2.0142 -0.1785 2.3366 3.3988 -3.9333 0.6851 -3.347 2.3956 0.8983 2.6718 1.5259 -3.7425 -3.6528 -2.9073 -3.8163 -0.4236 -1.2605 -4.0393 -1.7307 -2.1923 -0.0866 -1.8175 1.0614 -1.9181 0.027 -1.4283 -2.4187 -1.3796 -0.4009 1.488 -3.6262 -0.6967 -1.4596 -2.8793 3.6306 3.8021 -3.218 1.8961 -2.1727 0.9916 2.9907 0.404 3.2209 2.1759 3.9633 
-2.6256 -2.5319 2.0694 -2.4642 0.1423 -0.1908 -2.3337 -1.9468 2.0361 -2.0912 -3.3763 -3.5139 3.3248 1.235 -0.0546 -3.1289 -0.8671 1.5598 -0.2511 -0.8277 -1.3137 0.5364 -0.8306 -0.7078 -1.3423 0.2397 1.0744 2.7246 2.7556 1.3769 2.6943 1.7274 -2.5921 -1.3818 3.1003 1.2464 -0.0397 -2.4316 3.5801 1.0882 1.8021 -0.9863 -4.0516 -1.3329 3.8415 -2.6914 -3.7115 -1.8064 0.9653 -1.1969 -2.4118 1.6159 -3.6164 -1.1161 -0.497 -0.3651 -3.6896 2.6907 1.8351 1.1998 0.1022 3.7071 2.6906 1.9938 -0.1814 2.3161 3.4243 -3.95 0.7041 -3.3346 2.3984 0.8873 2.6806 1.5261 -3.7363 -3.6613 -2.9071 -3.8353 -0.4019 -1.2453 -4.0229 -1.72 -2.199 -0.0661 -1.8321 1.0451 -1.9224 0.0252 -1.4315 -2.4459 -1.3516 -0.3852 1.5168 -3.5942 -0.7045 -1.476 -2.8594 3.6365 3.785 -3.2217 1.8814 -2.1945 0.998 2.9895 0.429 3.2044 2.1838 3.9793 
-2.6185 -2.5452 2.0673 -2.4657 0.1781 -0.1689 -2.289 -1.96 2.0164 -2.1292 -3.332 -3.53 3.3169 1.2494 -0.0627 -3.1185 -0.8738 1.5841 -0.258 -0.8284 -1.3097 0.5295 -0.8274 -0.7108 -1.312 0.209 1.0392 2.7107 2.7287 1.3634 2.6522 1.7149 -2.5845 -1.3793 3.1071 1.2234 -0.0228 -2.4344 3.5429 1.0926 1.7828 -0.9994 -4.043 -1.3263 3.8412 -2.6757 -3.7234 -1.8052 0.9899 -1.2035 -2.4394 1.6117 -3.6219 -1.1381 -0.4948 -0.364 -3.7239 2.7081 1.8481 1.211 0.1148 3.7261 2.7306 1.9733 -0.1844 2.2966 3.4499 -3.9665 0.7233 -3.3224 2.4015 0.8753 2.6895 1.5265 -3.7297 -3.6699 -2.9069 -3.8538 -0.3803 -1.231 -4.0067 -1.7092 -2.2046 -0.0456 -1.8462 1.0289 -1.9235 0.0233 -1.4346 -2.4731 -1.3231 -0.3696 1.5459 -3.5623 -0.7124 -1.4923 -2.8427 3.6433 3.7676 -3.2257 1.8668 -2.2165 1.0042 2.9883 0.454 3.1868 2.1916 3.9955 
-2.6113 -2.5565 2.0652 -2.467 0.2135 -0.1468 -2.2446 -1.9732 1.9965 -2.1673 -3.29 -3.546 3.3091 1.2634 -0.0706 -3.1084 -0.8808 1.6085 -0.2632 -0.8304 -1.3055 0.5231 -0.8242 -0.7137 -1.2819 0.1782 1.0053 2.6967 2.7018 1.3488 2.611 1.7023 -2.5768 -1.3766 3.1138 1.2004 -0.0047 -2.4371 3.5057 1.0967 1.7629 -1.011 -4.0346 -1.3197 3.8408 -2.6613 -3.7354 -1.8056 1.0145 -1.2103 -2.4669 1.6075 -3.6273 -1.1602 -0.4924 -0.3632 -3.7582 2.7255 1.8598 1.2222 0.1272 3.7452 2.7708 1.9531 -0.1875 2.2785 3.4757 -3.9834 0.7424 -3.3103 2.4047 0.8628 2.6985 1.5269 -3.7229 -3.6786 -2.9069 -3.8716 -0.3586 -1.2183 -3.9907 -1.6983 -2.2091 -0.0251 -1.8586 1.0126 -1.92 0.0215 -1.4377 -2.5002 -1.2939 -0.354 1.5752 -3.5303 -0.7203 -1.5085 -2.8305 3.6509 3.7501 -3.2302 1.8521 -2.2385 1.0101 2.987 0.4789 3.1684 2.1994 4.0117 
-2.604 -2.5645 2.0627 -2.4681 0.2473 -0.1245 -2.2004 -1.9864 1.9768 -2.2055 -3.2511 -3.562 3.3013 1.2765 -0.0778 -3.0983 -0.8884 1.6329 -0.2654 -0.8335 -1.3012 0.517 -0.821 -0.7166 -1.252 0.1471 0.9741 2.6827 2.6749 1.3334 2.5706 1.6897 -2.5691 -1.3736 3.1205 1.1773 0.0147 -2.4398 3.4688 1.1004 1.7423 -1.0198 -4.0262 -1.313 3.8403 -2.6511 -3.7475 -1.8091 1.0391 -1.2176 -2.4946 1.6031 -3.6328 -1.1824 -0.4899 -0.3627 -3.7924 2.7429 1.87 1.2334 0.1395 3.7643 2.8112 1.9335 -0.1909 2.262 3.5015 -4.0015 0.7614 -3.2983 2.4079 0.8502 2.7076 1.5273 -3.716 -3.6874 -2.907 -3.8879 -0.3369 -1.2084 -3.9748 -1.6872 -2.2127 -0.0045 -1.8667 0.9964 -1.9112 0.0197 -1.4408 -2.5272 -1.2641 -0.3385 1.6047 -3.4984 -0.7283 -1.5245 -2.8238 3.6589 3.7326 -3.2357 1.8373 -2.2605 1.0158 2.9857 0.5039 3.1494 2.2071 4.0279 
-2.5968 -2.5685 2.0597 -2.469 0.2774 -0.1021 -2.1564 -1.9997 1.9575 -2.2435 -3.2156 -3.5781 3.2935 1.2877 -0.0839 -3.0882 -0.8971 1.6574 -0.2639 -0.8379 -1.297 0.5115 -0.8178 -0.7194 -1.2222 0.116 0.9474 2.6686 2.648 1.3175 2.5309 1.6772 -2.5613 -1.3703 3.1272 1.1543 0.0352 -2.4425 3.4324 1.1033 1.7208 -1.0243 -4.0179 -1.3063 3.8398 -2.6489 -3.7597 -1.8173 1.0637 -1.2251 -2.5223 1.5985 -3.6383 -1.2045 -0.4873 -0.3625 -3.8266 2.7599 1.8786 1.2446 0.1516 3.7835 2.8518 1.9156 -0.1944 2.2471 3.5275 -4.0212 0.7803 -3.2865 2.4111 0.8374 2.7168 1.5278 -3.7089 -3.6964 -2.9071 -3.9022 -0.3152 -1.2021 -3.959 -1.6761 -2.2155 0.0162 -1.8669 0.9802 -1.8972 0.0178 -1.4438 -2.5542 -1.2336 -0.3231 1.6342 -3.4665 -0.7362 -1.5403 -2.8222 3.6672 3.7151 -3.2424 1.8225 -2.2826 1.0212 2.9843 0.529 3.1302 2.2149 4.0442 
-2.5896 -2.568 2.0564 -2.4696 0.3016 -0.0793 -2.113 -2.013 1.9391 -2.2812 -3.1831 -3.5941 3.2856 1.2957 -0.0882 -3.0785 -0.9075 1.6819 -0.2579 -0.8433 -1.2929 0.5062 -0.8146 -0.7222 -1.1926 0.0847 0.9273 2.6546 2.6212 1.3015 2.4915 1.6647 -2.5535 -1.3667 3.1339 1.1313 0.0567 -2.4452 3.397 1.1048 1.6985 -1.0234 -4.0095 -1.2992 3.8392 -2.6571 -3.7719 -1.8311 1.0884 -1.2331 -2.5501 1.5937 -3.6437 -1.2268 -0.4845 -0.3626 -3.8609 2.7761 1.886 1.2559 0.1636 3.8028 2.8925 1.9007 -0.1983 2.2336 3.5536 -4.0425 0.799 -3.2746 2.4142 0.8248 2.7261 1.5283 -3.7019 -3.7055 -2.9076 -3.9146 -0.2934 -1.2001 -3.9434 -1.6649 -2.2176 0.0372 -1.8568 0.9641 -1.8788 0.0159 -1.4468 -2.5811 -1.2025 -0.3077 1.6638 -3.4347 -0.744 -1.5559 -2.8249 3.6756 3.6978 -3.251 1.8077 -2.3047 1.0264 2.9829 0.5542 3.1107 2.2226 4.0605 
-2.5824 -2.5632 2.0529 -2.4701 0.3191 -0.0564 -2.0709 -2.0263 1.9219 -2.3181 -3.1528 -3.6102 3.2778 1.2989 -0.0901 -3.0697 -0.9204 1.7065 -0.2477 -0.8495 -1.2891 0.5012 -0.8114 -0.725 -1.1631 0.0533 0.9138 2.6405 2.5944 1.2859 2.4524 1.6522 -2.5457 -1.3627 3.1405 1.1083 0.0789 -2.448 3.3634 1.1048 1.6754 -1.0174 -4.001 -1.2909 3.8385 -2.6738 -3.7842 -1.8502 1.1131 -1.2414 -2.5781 1.5887 -3.649 -1.2489 -0.4815 -0.3631 -3.8951 2.7906 1.8925 1.2672 0.1755 3.8221 2.9334 1.8903 -0.2025 2.2211 3.5799 -4.0648 0.8175 -3.2628 2.4173 0.8122 2.7354 1.5289 -3.6948 -3.7148 -2.9086 -3.9259 -0.2718 -1.202 -3.9279 -1.6536 -2.2193 0.0584 -1.8383 0.9479 -1.8575 0.0139 -1.4497 -2.608 -1.1709 -0.2922 1.6934 -3.4028 -0.7515 -1.5714 -2.8306 3.6841 3.6806 -3.2621 1.7927 -2.3264 1.0314 2.9813 0.5797 3.091 2.2303 -4.0663 
-2.5752 -2.5544 2.0494 -2.4704 0.3301 -0.0331 -2.0319 -2.0396 1.906 -2.3533 -3.1239 -3.6263 3.2699 1.2965 -0.0891 -3.0627 -0.9362 1.7311 -0.2343 -0.8564 -1.2858 0.4962 -0.8083 -0.7277 -1.1335 0.0218 0.9051 2.6265 2.5676 1.272 2.4133 1.6398 -2.5379 -1.3583 3.1471 1.0853 0.1015 -2.4509 3.3326 1.103 1.6517 -1.0076 -3.9921 -1.2794 3.8378 -2.6952 -3.7965 -1.8734 1.138 -1.2501 -2.6061 1.5835 -3.6543 -1.2711 -0.4784 -0.3639 -3.9293 2.8026 1.8984 1.2786 0.1876 3.8416 2.9746 1.8852 -0.207 2.2094 3.6063 4.0555 0.8359 -3.2509 2.4204 0.7997 2.7447 1.5294 -3.6878 -3.7242 -2.9108 -3.9367 -0.2504 -1.2071 -3.9126 -1.6424 -2.2207 0.0799 -1.8151 0.9318 -1.8344 0.012 -1.4526 -2.6348 -1.1389 -0.2766 1.723 -3.371 -0.7587 -1.5866 -2.838 3.6925 3.6637 -3.2758 1.7776 -2.3472 1.0361 2.9797 0.6056 3.0713 2.2381 -4.0499 
-2.568 -2.5423 2.0464 -2.4706 0.3349 -0.0096 -1.9997 -2.0528 1.8915 -2.3856 -3.0957 -3.6424 3.262 1.2892 -0.085 -3.0587 -0.9551 1.7558 -0.2185 -0.8639 -1.2832 0.491 -0.8052 -0.7304 -1.104 -0.0099 0.8986 2.6124 2.5408 1.2615 2.3741 1.6274 -2.53 -1.3536 3.1536 1.0623 0.1243 -2.4538 3.305 1.0996 1.6277 -0.9956 -3.9827 -1.261 3.8371 -2.7187 -3.809 -1.8992 1.163 -1.2592 -2.6343 1.5785 -3.6596 -1.2932 -0.4752 -0.3651 -3.9636 2.8115 1.9039 1.2899 0.2002 3.8611 3.0159 1.8847 -0.212 2.1981 3.633 4.0321 0.854 -3.239 2.4234 0.7873 2.7541 1.5301 -3.6807 -3.7337 -2.9157 -3.947 -0.2297 -1.2142 -3.8973 -1.6311 -2.2218 0.1018 -1.79 0.9157 -1.8102 0.01 -1.4555 -2.6615 -1.1065 -0.2605 1.7525 -3.3392 -0.7651 -1.6017 -2.8463 3.7008 3.6469 -3.2921 1.7624 -2.3656 1.0406 2.9779 0.6322 3.0516 2.2459 -4.0334 
-2.5609 -2.5277 2.0445 -2.4706 0.3326 0.014 -1.9785 -2.0661 1.8782 -2.4139 -3.0679 -3.6586 3.2541 1.2784 -0.0783 -3.0589 -0.9767 1.7806 -0.2014 -0.8723 -1.2817 0.4856 -0.8021 -0.7329 -1.0745 -0.0416 0.892 2.5983 2.514 1.2561 2.3347 1.6151 -2.5222 -1.3484 3.1602 1.0394 0.147 -2.4567 3.2808 1.0951 1.6033 -0.9826 -3.9725 -1.2312 3.8364 -2.7429 -3.8215 -1.9262 1.1882 -1.2687 -2.6627 1.5738 -3.6648 -1.3153 -0.4717 -0.3666 -3.998 2.8171 1.9092 1.3014 0.2143 3.8806 3.0573 1.8873 -0.2174 2.187 3.6599 4.0081 0.8718 -3.227 2.4265 0.7751 2.7635 1.5307 -3.6737 -3.7434 -2.9253 -3.9571 -0.2105 -1.2226 -3.882 -1.6199 -2.2229 0.1241 -1.7643 0.8997 -1.7856 0.0079 -1.4583 -2.6882 -1.074 -0.2436 1.7818 -3.3074 -0.7705 -1.6166 -2.855 3.709 3.6303 -3.3104 1.7471 -2.3795 1.0449 2.976 0.6595 3.0319 2.2537 -4.0168 
-2.5538 -2.5114 2.0447 -2.4704 0.3232 0.0375 -1.9687 -2.0793 1.8661 -2.438 -3.0401 -3.6747 3.2461 1.2656 -0.0694 -3.0636 -1.0004 1.8054 -0.1836 -0.8816 -1.2815 0.48 -0.7991 -0.7354 -1.0449 -0.0734 0.8837 2.5843 2.4873 1.2559 2.2955 1.6029 -2.5144 -1.343 3.1667 1.0165 0.1698 -2.4598 3.2592 1.0902 1.5789 -0.9693 -3.9617 -1.1896 3.8356 -2.7671 -3.8341 -1.9539 1.2136 -1.2786 -2.6912 1.57 -3.6699 -1.3374 -0.4682 -0.3684 -4.0323 2.8203 1.9145 1.3129 0.2309 3.9 3.0989 1.8914 -0.2231 2.176 3.687 3.9837 0.8894 -3.2149 2.4297 0.763 2.7728 1.5313 -3.6668 -3.7533 -2.9415 -3.9669 -0.1939 -1.2314 -3.8669 -1.6088 -2.2239 0.1467 -1.7385 0.8837 -1.7608 0.0059 -1.4611 -2.7148 -1.0413 -0.2258 1.8107 -3.2756 -0.7747 -1.6312 -2.8638 3.7171 3.6139 -3.33 1.7317 -2.387 1.0489 2.974 0.6874 3.0122 2.2616 -4.0001 
-2.5468 -2.494 2.0484 -2.4701 0.3081 0.0605 -1.9665 -2.0924 1.8554 -2.4584 -3.0122 -3.6909 3.2381 1.2518 -0.0591 -3.0722 -1.0255 1.8303 -0.1654 -0.8918 -1.2829 0.4741 -0.7961 -0.7378 -1.0153 -0.1054 0.8722 2.5702 2.4606 1.2586 2.2564 1.5908 -2.5066 -1.3375 3.1733 0.9936 0.1924 -2.463 3.2393 1.0857 1.5543 -0.9561 -3.9503 -1.1398 3.8349 -2.7913 -3.8468 -1.9817 1.2392 -1.2889 -2.7199 1.5675 -3.675 -1.3597 -0.4644 -0.3704 -4.0668 2.8219 1.9197 1.3244 0.251 3.9194 3.1407 1.8962 -0.2291 2.1651 3.7143 3.9589 0.9067 -3.2029 2.4329 0.7511 2.7822 1.5319 -3.6598 -3.7633 -2.9646 -3.9764 -0.1811 -1.2405 -3.8518 -1.5978 -2.2249 0.1697 -1.7127 0.8678 -1.7359 0.0038 -1.4639 -2.7414 -1.0086 -0.2066 1.839 -3.2438 -0.7774 -1.6457 -2.8725 3.7251 3.5977 -3.3504 1.7161 -2.3879 1.0527 2.9718 0.7157 2.9924 2.2697 -3.9834 
-2.5398 -2.4762 2.0574 -2.4696 0.2893 0.0825 -1.9677 -2.1055 1.8461 -2.476 -2.9842 -3.707 3.2301 1.2375 -0.048 -3.0837 -1.0514 1.8552 -0.147 -0.9028 -1.286 0.4681 -0.7932 -0.7402 -0.9856 -0.1376 0.8565 2.5562 2.4339 1.2607 2.218 1.5787 -2.4988 -1.3319 3.1798 0.9708 0.2148 -2.4662 3.2203 1.0825 1.5298 -0.9431 -3.9386 -1.0859 3.8342 -2.8153 -3.8595 -2.0096 1.2648 -1.2996 -2.7488 1.5666 -3.68 -1.3826 -0.4606 -0.3726 4.042 2.8227 1.9249 1.336 0.275 3.9385 3.1826 1.901 -0.2354 2.1541 3.7419 3.9339 0.9237 -3.1908 2.4363 0.7392 2.7916 1.5325 -3.6529 -3.7734 -2.9926 -3.9854 -0.1721 -1.2495 -3.8367 -1.587 -2.2259 0.1927 -1.6871 0.8519 -1.7112 0.0016 -1.4665 -2.7679 -0.976 -0.1859 1.8664 -3.2121 -0.7786 -1.66 -2.8811 3.733 3.5818 -3.3712 1.7005 -2.3842 1.0563 2.9695 0.7445 2.9726 2.2778 -3.9665 
-2.5329 -2.4581 2.0728 -2.469 0.2685 0.1025 -1.97 -2.1184 1.8383 -2.492 -2.956 -3.7232 3.2219 1.2232 -0.0366 -3.0969 -1.0778 1.8802 -0.1287 -0.914 -1.2905 0.4618 -0.7904 -0.7424 -0.9559 -0.1699 0.8367 2.5422 2.4071 1.2591 2.1804 1.5669 -2.491 -1.3265 3.1864 0.948 0.2373 -2.4697 3.2016 1.0817 1.5052 -0.9305 -3.9266 -1.0303 3.8336 -2.8389 -3.8722 -2.0374 1.2904 -1.3104 -2.7779 1.5671 -3.685 -1.4067 -0.4566 -0.3746 4.0075 2.8232 1.9301 1.3477 0.302 3.9575 3.2246 1.9057 -0.2418 2.143 3.7695 3.909 0.9406 -3.179 2.4398 0.7276 2.8009 1.5331 -3.6461 -3.7838 -3.0234 -3.9941 -0.1663 -1.2584 -3.8216 -1.5764 -2.2268 0.2156 -1.6615 0.836 -1.6869 -0.0006 -1.4692 -2.7943 -0.9433 -0.1637 1.8925 -3.1804 -0.7785 -1.6741 -2.8894 3.7408 3.566 -3.3922 1.6849 -2.3779 1.0596 2.967 0.7735 2.9529 2.286 -3.9494 
-2.5261 -2.4392 2.095 -2.4682 0.247 0.1195 -1.9724 -2.1312 1.8318 -2.5074 -2.9276 -3.7394 3.2137 1.2093 -0.025 -3.111 -1.1043 1.9052 -0.1103 -0.9246 -1.2964 0.455 -0.7877 -0.7446 -0.926 -0.2026 0.8134 2.5282 2.3804 1.2528 2.1437 1.5552 -2.4833 -1.3216 3.1931 0.9252 0.2597 -2.4732 3.183 1.0842 1.4808 -0.9183 -3.9145 -0.974 3.8329 -2.8617 -3.8848 -2.0651 1.3154 -1.3212 -2.8073 1.5688 -3.6899 -1.4326 -0.4525 -0.3761 3.9728 2.8236 1.9352 1.3594 0.3308 3.9761 3.2666 1.9102 -0.2482 2.1319 3.7973 3.8842 0.9572 -3.1679 2.4436 0.716 2.8101 1.5337 -3.6392 -3.7942 -3.0555 -4.0023 -0.1624 -1.2671 -3.8065 -1.566 -2.2277 0.2379 -1.6359 0.8201 -1.6631 -0.0027 -1.4717 -2.8207 -0.9108 -0.1401 1.9174 -3.1486 -0.7773 -1.6881 -2.8976 3.7485 3.5505 -3.4138 1.6697 -2.3706 1.0628 2.9643 0.8027 2.9331 2.2943 -3.9323 
-2.5194 -2.4182 2.1226 -2.4672 0.2253 0.133 -1.9745 -2.1438 1.8263 -2.5236 -2.899 -3.7555 3.2054 1.1968 -0.0134 -3.1256 -1.1308 1.9303 -0.0921 -0.9334 -1.3031 0.4476 -0.7851 -0.7467 -0.896 -0.2356 0.7877 2.5143 2.3537 1.2423 2.1075 1.5437 -2.4755 -1.3175 3.1997 0.9025 0.2823 -2.4769 3.1645 1.0907 1.4567 -0.9065 -3.9024 -0.9177 3.8323 -2.8833 -3.897 -2.0926 1.3393 -1.3316 -2.8368 1.571 -3.6948 -1.4611 -0.4485 -0.3768 3.9381 2.824 1.9403 1.3712 0.3604 3.9945 3.3088 1.9146 -0.2544 2.1207 3.8249 3.8597 0.9736 -3.158 2.4476 0.7046 2.8193 1.5343 -3.6324 -3.8049 -3.0881 -4.0101 -0.1594 -1.2758 -3.7913 -1.5557 -2.2285 0.2587 -1.6102 0.8042 -1.6403 -0.0047 -1.4742 -2.8469 -0.8782 -0.1154 1.9413 -3.1169 -0.7753 -1.7022 -2.9057 3.7562 3.5352 -3.4363 1.6555 -2.3629 1.0657 2.9615 0.8322 2.9133 2.3027 -3.915 
-2.5127 -2.3948 2.1538 -2.4659 0.2037 0.1426 -1.9761 -2.1563 1.8217 -2.5406 -2.8702 -3.7717 3.197 1.1867 -0.0021 -3.1403 -1.1571 1.9554 -0.0742 -0.94 -1.3106 0.4391 -0.7825 -0.7487 -0.8658 -0.269 0.7611 2.5004 2.327 1.2287 2.0716 1.5324 -2.4678 -1.3146 3.2065 0.8798 0.305 -2.4807 3.1458 1.1008 1.4332 -0.8951 -3.8904 -0.8617 3.8318 -2.9028 -3.9087 -2.1201 1.3613 -1.341 -2.8666 1.5734 -3.6997 -1.4925 -0.4445 -0.3763 3.9034 2.8245 1.9453 1.3831 0.3903 4.0128 3.351 1.9191 -0.2602 2.1094 3.8521 3.8353 0.9899 -3.15 2.4518 0.6933 2.8284 1.5348 -3.6256 -3.8157 -3.121 -4.0175 -0.1569 -1.2843 -3.7762 -1.5456 -2.2292 0.2769 -1.5844 0.7884 -1.6191 -0.0063 -1.4766 -2.8731 -0.8455 -0.0899 1.9646 -3.0852 -0.7727 -1.7163 -2.9136 3.7638 3.5201 -3.46 1.6425 -2.3552 1.0685 2.9585 0.8618 2.8934 2.3111 -3.8977 
-2.5062 -2.3704 2.1869 -2.4644 0.1826 0.1482 -1.9773 -2.1686 1.8174 -2.5569 -2.8412 -3.7879 3.1885 1.1805 0.009 -3.1549 -1.1832 1.9806 -0.0568 -0.9442 -1.3186 0.4292 -0.78 -0.7506 -0.8355 -0.3027 0.7353 2.4866 2.3002 1.2132 2.0356 1.5215 -2.4601 -1.3132 3.2133 0.8571 0.3277 -2.4846 3.1273 1.1138 1.4108 -0.884 -3.8785 -0.8061 3.8313 -2.9202 -3.9194 -2.1474 1.3811 -1.3488 -2.8965 1.576 -3.7046 -1.5266 -0.4408 -0.3741 3.8685 2.825 1.9502 1.395 0.4203 4.031 3.3932 1.9241 -0.2655 2.098 3.8785 3.8112 1.0059 -3.1442 2.456 0.6821 2.8374 1.5353 -3.6188 -3.8267 -3.1539 -4.0247 -0.1544 -1.2927 -3.7609 -1.5356 -2.2299 0.2908 -1.5586 0.7725 -1.6 -0.0075 -1.4789 -2.8992 -0.8128 -0.0638 1.9876 -3.0535 -0.7699 -1.7306 -2.9216 3.7714 3.5052 -3.4852 1.631 -2.3476 1.0711 2.9554 0.8915 2.8736 2.3196 -3.8808 
-2.4997 -2.3458 2.2208 -2.4624 0.1621 0.1488 -1.9781 -2.1808 1.8134 -2.5719 -2.8121 -3.804 3.1799 1.1797 0.0199 -3.1685 -1.2091 2.0058 -0.04 -0.9466 -1.3269 0.4174 -0.7776 -0.7525 -0.8049 -0.3367 0.7127 2.4728 2.2734 1.1968 1.9994 1.5109 -2.4524 -1.3134 3.2202 0.8345 0.3506 -2.4887 3.1094 1.1287 1.39 -0.8733 -3.8666 -0.7512 3.8309 -2.9355 -3.9288 -2.1747 1.3991 -1.3548 -2.9266 1.5786 -3.7094 -1.5628 -0.4374 -0.3698 3.8336 2.8257 1.955 1.4071 0.4501 4.0491 3.4354 1.93 -0.27 2.0864 3.9038 3.7873 1.0218 -3.1404 2.4597 0.671 2.8463 1.5358 -3.6121 -3.8377 -3.1868 -4.0318 -0.152 -1.301 -3.7456 -1.5256 -2.2305 0.2989 -1.5326 0.7565 -1.5832 -0.008 -1.4811 -2.9252 -0.78 -0.0374 2.0105 -3.0218 -0.767 -1.7453 -2.9297 3.7789 3.4906 -3.512 1.62 -2.3402 1.0735 2.9521 0.9214 2.8537 2.3281 -3.8648 
-2.4932 -2.3211 2.255 -2.4599 0.1424 0.1432 -1.9786 -2.1927 1.8093 -2.5852 -2.7828 -3.8202 3.1712 1.1847 0.0305 -3.1802 -1.2347 2.031 -0.0235 -0.9478 -1.3354 0.4034 -0.7751 -0.7542 -0.7741 -0.3709 0.6956 2.4592 2.2465 1.1797 1.9628 1.5007 -2.4447 -1.3151 3.2273 0.8119 0.3733 -2.493 3.0932 1.1446 1.3713 -0.863 -3.8549 -0.6971 3.8305 -2.9495 -3.9368 -2.2018 1.4161 -1.3592 -2.9567 1.5815 -3.7142 -1.6002 -0.4346 -0.3636 3.7986 2.8264 1.9596 1.4192 0.4799 4.0672 3.4777 1.9371 -0.2736 2.0747 3.9278 3.7637 1.0375 -3.1379 2.4618 0.66 2.8552 1.5362 -3.6054 -3.8489 -3.2198 -4.0389 -0.1495 -1.3094 -3.7301 -1.5156 -2.231 0.3009 -1.5064 0.7404 -1.5683 -0.0082 -1.4832 -2.9511 -0.747 -0.0109 2.0334 -2.9901 -0.764 -1.7605 -2.9382 3.7864 3.4762 -3.5404 1.6084 -2.3329 1.0757 2.9489 0.9514 2.8339 2.3364 -3.8508 
-2.4868 -2.2965 2.289 -2.4568 0.1236 0.1312 -1.9787 -2.2045 1.8051 -2.597 -2.7535 -3.8364 3.1623 1.1947 0.0409 -3.1883 -1.2602 2.0563 -0.007 -0.9482 -1.344 0.387 -0.7725 -0.756 -0.743 -0.4051 0.6849 2.4455 2.2195 1.1622 1.926 1.4909 -2.437 -1.3182 3.2344 0.7893 0.3959 -2.4973 3.0805 1.1608 1.3549 -0.8529 -3.8432 -0.6438 3.8302 -2.9628 -3.9432 -2.2289 1.4329 -1.3627 -2.9868 1.5845 -3.7191 -1.6382 -0.4325 -0.3555 3.7637 2.8272 1.9641 1.4314 0.5096 -4.058 3.52 1.9453 -0.2764 2.0629 3.9504 3.7404 1.0529 -3.136 2.4605 0.6491 2.8639 1.5366 -3.5987 -3.8601 -3.2528 -4.0461 -0.147 -1.3177 -3.7146 -1.5056 -2.2315 0.2974 -1.4801 0.7243 -1.5549 -0.0081 -1.4852 -2.9768 -0.7138 0.0158 2.0563 -2.9584 -0.7611 -1.7764 -2.9471 3.7939 3.4619 -3.5701 1.5957 -2.3257 1.0779 2.9458 0.9816 2.814 2.3445 -3.8403 
-2.4804 -2.2718 2.3228 -2.4529 0.1057 0.1143 -1.9786 -2.216 1.8006 -2.6078 -2.7242 -3.8525 3.1533 1.2082 0.051 -3.1911 -1.2855 2.0816 0.0096 -0.9482 -1.3528 0.3681 -0.7697 -0.7577 -0.7116 -0.4394 0.6795 2.432 2.1923 1.1445 1.8888 1.4814 -2.4294 -1.3222 3.2417 0.7667 0.4184 -2.5015 3.0736 1.1772 1.3408 -0.8432 -3.8317 -0.5912 3.83 -2.9762 -3.9486 -2.2559 1.4498 -1.3658 -3.0167 1.5878 -3.724 -1.6765 -0.4311 -0.346 3.7291 2.8281 1.9685 1.4437 0.5392 -4.0399 3.5623 1.9546 -0.2784 2.0508 3.9717 3.7172 1.0681 -3.1345 2.4533 0.6383 2.8725 1.5369 -3.5921 -3.8711 -3.2858 -4.0536 -0.1444 -1.326 -3.699 -1.4954 -2.2318 0.2901 -1.4535 0.708 -1.5422 -0.0081 -1.4871 -3.0024 -0.6804 0.0424 2.0791 -2.9266 -0.7583 -1.7929 -2.9566 3.8015 3.4475 -3.601 1.5818 -2.3186 1.0799 2.9429 1.0117 2.7942 2.3522 -3.8349 
-2.4738 -2.2469 2.3564 -2.4483 0.0887 0.0948 -1.9783 -2.2274 1.7958 -2.6178 -2.6952 -3.8687 3.1441 1.2238 0.061 -3.1882 -1.3106 2.1069 0.0264 -0.948 -1.3616 0.3472 -0.7666 -0.7594 -0.6799 -0.4736 0.6772 2.4185 2.165 1.1267 1.8513 1.4722 -2.4217 -1.3269 3.249 0.7442 0.4406 -2.5052 3.0733 1.1934 1.3289 -0.8337 -3.8204 -0.539 3.8298 -2.9901 -3.9531 -2.2827 1.4669 -1.3688 -3.0462 1.5913 -3.7289 -1.7148 -0.4305 -0.3353 3.6953 2.829 1.9727 1.4562 0.5687 -4.0218 3.6046 1.9645 -0.2799 2.0386 3.9917 3.6943 1.0828 -3.1329 2.4396 0.6275 2.8811 1.5372 -3.5854 -3.8815 -3.3189 -4.0615 -0.1416 -1.3343 -3.6832 -1.4851 -2.2321 0.2804 -1.4268 0.6914 -1.5298 -0.0082 -1.489 -3.0279 -0.6466 0.0689 2.1019 -2.8948 -0.7555 -1.8102 -2.9669 3.8091 3.4327 -3.6327 1.5668 -2.3116 1.0818 2.9405 1.0419 2.7743 2.3592 -3.8353 
-2.467 -2.2217 2.3897 -2.443 0.0724 0.0742 -1.9777 -2.2387 1.7907 -2.6272 -2.6667 -3.8849 3.1348 1.2403 0.0708 -3.1802 -1.3356 2.1323 0.0433 -0.9477 -1.3705 0.3247 -0.7628 -0.7611 -0.6478 -0.5079 0.6763 2.405 2.1375 1.1088 1.8136 1.4632 -2.414 -1.3321 3.2566 0.7217 0.4625 -2.508 3.0782 1.2096 1.3189 -0.8246 -3.8091 -0.4873 3.8297 -3.0052 -3.9572 -2.3095 1.4846 -1.3719 -3.0751 1.5949 -3.7339 -1.753 -0.4306 -0.3239 3.663 2.83 1.9767 1.4687 0.5981 -4.0037 3.647 1.9748 -0.281 2.0261 4.01 3.6715 1.0972 -3.1314 2.4207 0.6168 2.8894 1.5375 -3.5789 -3.8905 -3.3522 -4.0702 -0.1388 -1.3426 -3.6673 -1.4747 -2.2324 0.2695 -1.3999 0.6747 -1.5177 -0.0082 -1.4907 -3.0532 -0.6128 0.0954 2.1246 -2.8629 -0.7529 -1.8282 -2.9781 3.8167 3.4166 -3.665 1.5512 -2.3045 1.0838 2.9388 1.0721 2.7545 2.3653 -3.8406 
-2.4598 -2.1959 2.4228 -2.4371 0.0567 0.0535 -1.9769 -2.2498 1.7854 -2.6364 -2.639 -3.901 3.1255 1.2566 0.0804 -3.1689 -1.3605 2.1577 0.0602 -0.9474 -1.3795 0.3014 -0.7582 -0.763 -0.6153 -0.542 0.6761 2.3914 2.1099 1.0909 1.7756 1.4544 -2.4063 -1.338 3.2642 0.6992 0.4841 -2.5089 3.0859 1.2257 1.3102 -0.8157 -3.798 -0.4357 3.8297 -3.0224 -3.961 -2.336 1.5032 -1.375 -3.1031 1.5985 -3.739 -1.791 -0.4312 -0.3121 3.6333 2.8311 1.9806 1.4814 0.6275 -3.9857 3.6895 1.9852 -0.2818 2.0134 4.0258 3.6489 1.1113 -3.1298 2.3989 0.6062 2.8977 1.5376 -3.5723 -3.8972 -3.3855 4.0633 -0.1358 -1.351 -3.6513 -1.4641 -2.2325 0.258 -1.373 0.6577 -1.5057 -0.0083 -1.4923 -3.0784 -0.5794 0.1218 2.1473 -2.8309 -0.7503 -1.8469 -2.9903 3.8243 3.3981 -3.6976 1.5352 -2.2975 1.0859 2.9381 1.102 2.7346 2.3703 -3.8493 
-2.452 -2.1693 2.4557 -2.4307 0.0415 0.0328 -1.976 -2.2608 1.7798 -2.6455 -2.6125 -3.9172 3.1163 1.2705 0.0899 -3.1557 -1.3853 2.1832 0.0771 -0.947 -1.3885 0.2791 -0.7526 -0.765 -0.5824 -0.5762 0.6761 2.3776 2.082 1.0731 1.7373 1.4457 -2.3985 -1.3445 3.272 0.6767 0.5053 -2.5069 3.0947 1.2417 1.3025 -0.8069 -3.787 -0.3844 3.8298 -3.0428 -3.9647 -2.3623 1.5247 -1.378 -3.1299 1.6022 -3.7441 -1.8287 -0.4319 -0.3 3.6072 2.8322 1.9842 1.4943 0.6569 -3.9676 3.7321 1.9957 -0.2825 2.0005 4.0384 3.6264 1.125 -3.1281 2.3758 0.5956 2.9058 1.5378 -3.5658 -3.9009 -3.4189 4.0524 -0.1325 -1.3595 -3.6352 -1.4534 -2.2326 0.2465 -1.3461 0.6405 -1.4939 -0.0083 -1.4939 -3.1034 -0.5476 0.1482 2.1698 -2.7988 -0.7478 -1.866 -3.0033 3.8321 3.3764 -3.7304 1.519 -2.2904 1.088 2.9387 1.1316 2.7148 2.3739 -3.8597 
-2.4435 -2.1418 2.4884 -2.4243 0.0272 0.0125 -1.9748 -2.2716 1.774 -2.6547 -2.5874 -3.9334 3.1073 1.2786 0.0992 -3.1417 -1.41 2.2088 0.0937 -0.9467 -1.3975 0.2604 -0.7456 -0.7673 -0.5491 -0.6103 0.6762 2.3634 2.0542 1.0555 1.6988 1.437 -2.3907 -1.352 3.28 0.6542 0.5262 -2.5016 3.1037 1.2578 1.2955 -0.7982 -3.7761 -0.3331 3.8299 -3.0668 -3.9681 -2.3883 1.5526 -1.3808 -3.1553 1.6058 -3.7492 -1.8663 -0.4325 -0.2877 3.5842 2.8334 1.9877 1.5073 0.6863 -3.9497 3.7749 2.0061 -0.2829 1.9874 4.0484 3.6041 1.1384 -3.1264 2.3524 0.5851 2.9138 1.5379 -3.5593 -3.9019 -3.4525 4.0398 -0.129 -1.368 -3.619 -1.4425 -2.2326 0.235 -1.3196 0.6231 -1.4823 -0.0084 -1.4954 -3.1282 -0.5203 0.1744 2.1923 -2.7666 -0.7453 -1.8855 -3.0172 3.8399 3.352 -3.7632 1.5028 -2.2832 1.0904 2.9407 1.1607 2.695 2.376 -3.871 
-2.4344 -2.1129 2.5207 -2.418 0.0146 -0.0077 -1.9735 -2.2815 1.768 -2.6641 -2.5641 -3.9495 3.0989 1.2792 0.1084 -3.1274 -1.4347 2.2346 0.11 -0.9463 -1.4066 0.2494 -0.7373 -0.7699 -0.5154 -0.6445 0.6763 2.3484 2.0266 1.038 1.66 1.4283 -2.3829 -1.3606 3.2881 0.6317 0.5467 -2.493 3.1121 1.2738 1.2889 -0.7895 -3.7653 -0.282 3.8301 -3.0944 -3.9715 -2.414 1.5886 -1.3831 -3.1792 1.6092 -3.7545 -1.9037 -0.4323 -0.2756 3.5632 2.8347 1.991 1.5205 0.7158 -3.9317 3.8179 2.0165 -0.2833 1.9743 4.0568 3.5818 1.1514 -3.1247 2.3291 0.5745 2.9217 1.538 -3.5528 -3.9013 -3.4863 4.0256 -0.1251 -1.3766 -3.6026 -1.4314 -2.2325 0.2236 -1.294 0.6057 -1.471 -0.0084 -1.4969 -3.1528 -0.5023 0.2007 2.2148 -2.7351 -0.7428 -1.9053 -3.032 3.8477 3.326 -3.7959 1.4865 -2.2759 1.0929 2.9444 1.1891 2.6751 2.3767 -3.8825 
-2.4246 -2.0825 2.5524 -2.4122 0.0053 -0.0276 -1.9721 -2.2882 1.7619 -2.6736 -2.5426 -3.9657 3.0916 1.2754 0.1175 -3.1131 -1.4593 2.2604 0.1254 -0.9459 -1.4156 0.2488 -0.7276 -0.773 -0.4813 -0.6787 0.6765 2.3322 2.0 1.0206 1.621 1.4197 -2.3751 -1.3703 3.2963 0.6091 0.5668 -2.4819 3.1197 1.2899 1.2823 -0.7805 -3.7547 -0.2309 3.8304 -3.1247 -3.9748 -2.4393 1.6299 -1.3849 -3.2015 1.6124 -3.7597 -1.941 -0.4305 -0.2637 3.5434 2.8361 1.9941 1.5338 0.7452 -3.9138 3.8612 2.0269 -0.2836 1.9613 4.0645 3.5596 1.1638 -3.1229 2.306 0.5641 2.9294 1.5381 -3.5463 -3.9 -3.5203 4.0096 -0.1207 -1.3853 -3.5862 -1.4203 -2.2323 0.2125 -1.2701 0.5883 -1.4602 -0.0084 -1.4984 -3.1772 -0.4981 0.227 2.2372 -2.7065 -0.7403 -1.9253 -3.0476 3.8555 3.2993 -3.8285 1.4703 -2.2685 1.0952 2.9497 1.2167 2.6553 2.376 -3.894 
-2.4144 -2.0504 2.5833 -2.4072 0.0016 -0.0473 -1.9704 -2.2861 1.7555 -2.6834 -2.523 -3.9819 3.0858 1.2698 0.1265 -3.0989 -1.484 2.2865 0.1395 -0.9455 -1.4247 0.2576 -0.7167 -0.7766 -0.4469 -0.713 0.6767 2.3144 1.9754 1.0035 1.5817 1.4111 -2.3672 -1.381 3.3046 0.5865 0.5867 -2.4694 3.1264 1.306 1.2756 -0.7711 -3.7442 -0.1799 3.8307 -3.1568 -3.9779 -2.464 1.6739 -1.3859 -3.2223 1.6152 -3.7649 -1.9781 -0.4262 -0.2527 3.5245 2.8375 1.9972 1.5473 0.7747 -3.896 3.9047 2.0373 -0.2837 1.9485 -4.0712 3.5375 1.1752 -3.1211 2.2833 0.5536 2.9369 1.5381 -3.5399 -3.8984 -3.5544 3.9919 -0.1157 -1.3941 -3.5697 -1.409 -2.2321 0.2015 -1.2488 0.5716 -1.4501 -0.0083 -1.4999 -3.2014 -0.5086 0.2532 2.2595 -2.6864 -0.7378 -1.9455 -3.064 3.8634 3.2726 -3.8609 1.4541 -2.2609 1.0968 2.9569 1.2438 2.6355 2.3742 -3.9055 
-2.404 -2.0166 2.6129 -2.4034 0.0043 -0.0668 -1.9687 -2.2716 1.7489 -2.6935 -2.5052 -3.998 3.0821 1.2637 0.1354 -3.0848 -1.5086 2.3125 0.1516 -0.945 -1.4337 0.2718 -0.7049 -0.7808 -0.4123 -0.7473 0.677 2.2944 1.9543 0.9867 1.5422 1.4024 -2.3593 -1.3925 3.3131 0.5639 0.6067 -2.4559 3.132 1.3223 1.2682 -0.7609 -3.7338 -0.1289 3.8311 -3.1894 -3.9809 -2.4883 1.7198 -1.3858 -3.2418 1.6175 -3.7701 -2.0151 -0.4184 -0.2435 3.5064 2.839 2.0003 1.5608 0.8042 -3.8782 3.9476 2.0477 -0.2838 1.9364 -4.0638 3.5154 1.1851 -3.1193 2.261 0.5431 2.9443 1.5381 -3.5334 -3.8966 -3.5885 3.9727 -0.1101 -1.4031 -3.553 -1.3976 -2.2317 0.1907 -1.2309 0.5559 -1.441 -0.0082 -1.5015 -3.2254 -0.531 0.2795 2.2817 -2.6784 -0.7351 -1.9657 -3.0813 3.8712 3.2459 -3.8931 1.438 -2.2532 1.0969 2.9661 1.2704 2.6157 2.3715 -3.9167 
-2.3933 -1.9811 2.6412 -2.4009 0.0122 -0.0862 -1.9667 -2.2495 1.742 -2.7039 -2.4888 -4.0142 3.081 1.2572 0.1442 -3.071 -1.5332 2.3382 0.1609 -0.9446 -1.4424 0.2883 -0.6925 -0.7857 -0.3775 -0.7818 0.6776 2.2721 1.9378 0.97 1.5024 1.3938 -2.3513 -1.4045 3.3216 0.5411 0.6274 -2.4421 3.137 1.3387 1.2597 -0.7495 -3.7235 -0.0778 3.8315 -3.2201 -3.9838 -2.5119 1.7677 -1.3846 -3.2604 1.6192 -3.7752 -2.0519 -0.4068 -0.2375 3.4892 2.8406 2.0036 1.5738 0.8337 -3.8604 3.9876 2.0584 -0.2838 1.9253 -4.0564 3.4933 1.1931 -3.1175 2.2396 0.5326 2.9515 1.5381 -3.527 -3.8948 -3.622 3.9523 -0.1039 -1.4122 -3.5363 -1.3861 -2.2313 0.18 -1.2168 0.5421 -1.4333 -0.0081 -1.5031 -3.2492 -0.5608 0.3059 2.304 -2.6779 -0.7323 -1.986 -3.0994 3.8789 3.2194 -3.925 1.422 -2.2453 1.095 2.9772 1.2968 2.5959 2.3682 -3.9279 
-2.3827 -1.9441 2.668 -2.3999 0.0232 -0.1053 -1.9647 -2.2259 1.7342 -2.7145 -2.4737 -4.0304 3.0824 1.2504 0.153 -3.0573 -1.5579 2.3623 0.1665 -0.9441 -1.4502 0.3054 -0.6797 -0.7912 -0.3426 -0.8163 0.6786 2.2479 1.9267 0.9536 1.4625 1.3852 -2.3432 -1.4169 3.3303 0.5183 0.6491 -2.4282 3.1426 1.3553 1.2494 -0.7368 -3.7134 -0.0267 3.832 -3.2432 -3.9866 -2.5351 1.8177 -1.382 -3.2782 1.6199 -3.7802 -2.0887 -0.3918 -0.2358 3.4726 2.8422 2.0073 1.5855 0.8633 -3.8427 4.0179 2.0693 -0.2838 1.9159 -4.0489 3.4712 1.1989 -3.1157 2.2197 0.5221 2.9586 1.5381 -3.5206 -3.8928 -3.6538 3.9309 -0.0969 -1.4215 -3.5196 -1.3746 -2.2308 0.1695 -1.206 0.5313 -1.4273 -0.0079 -1.5044 -3.2728 -0.5943 0.3323 2.3262 -2.68 -0.7294 -2.0062 -3.1182 3.8866 3.1932 -3.9567 1.4061 -2.2373 1.0916 2.9901 1.323 2.5761 2.3645 -3.9388 
-2.372 -1.906 2.6938 -2.4004 0.0357 -0.1243 -1.9625 -2.2055 1.725 -2.7253 -2.4594 -4.0465 3.086 1.2434 0.1616 -3.0438 -1.5826 2.3821 0.1672 -0.9435 -1.4556 0.3225 -0.6669 -0.7974 -0.3078 -0.851 0.68 2.2226 1.9204 0.9375 1.4222 1.3765 -2.335 -1.4294 3.3391 0.4954 0.6715 -2.4142 3.1518 1.372 1.2367 -0.7225 -3.7033 0.0246 3.8325 -3.2493 -3.9893 -2.5577 1.8694 -1.3782 -3.2956 1.6194 -3.7851 -2.1255 -0.3743 -0.2391 3.4566 2.8438 2.0117 1.5944 0.8929 -3.8251 4.0282 2.0807 -0.2836 1.9086 -4.0414 3.4493 1.2028 -3.1138 2.2031 0.5115 2.9655 1.5382 -3.5141 -3.8908 -3.6827 3.9089 -0.0893 -1.4309 -3.5027 -1.3631 -2.2301 0.159 -1.1977 0.5244 -1.423 -0.0078 -1.5043 -3.2962 -0.6293 0.3588 2.3483 -2.6825 -0.7262 -2.0264 -3.1379 3.8942 3.1672 -3.9881 1.3902 -2.2291 1.0881 3.0042 1.3489 2.5563 2.3604 -3.9497 
-2.3613 -1.8672 2.7188 -2.4023 0.0488 -0.1431 -1.9603 -2.1937 1.7132 -2.7365 -2.4457 -4.0627 3.0911 1.2361 0.1703 -3.0303 -1.6074 2.3923 0.1625 -0.9429 -1.4561 0.3395 -0.6541 -0.8043 -0.2732 -0.8858 0.682 2.1979 1.9175 0.9216 1.3818 1.3678 -2.3268 -1.4418 3.348 0.4723 0.6945 -2.4003 3.1699 1.3888 1.2212 -0.7067 -3.6934 0.076 3.833 -3.2344 -3.9919 -2.5799 1.9227 -1.3732 -3.3128 1.6174 -3.7898 -2.1621 -0.355 -0.2469 3.441 2.8456 2.0171 1.5984 0.9226 -3.8075 4.0151 2.0928 -0.2834 1.9037 -4.0338 3.4275 1.2051 -3.1118 2.1917 0.5008 2.9722 1.5382 -3.5077 -3.8886 -3.7095 3.8868 -0.081 -1.4405 -3.4858 -1.3516 -2.2293 0.1487 -1.1906 0.5212 -1.4205 -0.008 -1.5 -3.3194 -0.6647 0.3854 2.3705 -2.6849 -0.7229 -2.0466 -3.1582 3.9016 3.1413 -4.0193 1.3743 -2.221 1.0865 3.019 1.3746 2.5364 2.3562 -3.9604 
-2.3506 -1.8282 2.7431 -2.4055 0.0622 -0.1618 -1.9582 -2.1971 1.6975 -2.7478 -2.4323 4.0644 3.0966 1.2287 0.1788 -3.0171 -1.6322 2.389 0.1525 -0.9422 -1.4499 0.3561 -0.6415 -0.8116 -0.239 -0.9208 0.6848 2.1756 1.9168 0.9059 1.341 1.3589 -2.3185 -1.4535 3.3569 0.449 0.7177 -2.3863 3.201 1.4057 1.2028 -0.6894 -3.6836 0.1275 3.8336 -3.206 -3.9944 -2.6017 1.9769 -1.3672 -3.3299 1.6136 -3.7943 -2.1988 -0.3348 -0.2579 3.4258 2.8474 2.0236 1.5956 0.9523 -3.7899 3.9882 2.1055 -0.2832 1.901 -4.0262 3.4061 1.2063 -3.1097 2.1874 0.49 2.9787 1.5382 -3.5012 -3.8863 -3.736 3.8654 -0.0723 -1.4504 -3.4689 -1.3401 -2.2284 0.1384 -1.1838 0.5218 -1.4197 -0.0093 -1.4871 -3.3424 -0.7001 0.4121 2.3927 -2.6872 -0.7192 -2.0666 -3.1791 3.909 3.1158 -4.0503 1.3585 -2.213 1.088 3.0342 1.4 2.5165 2.3518 -3.9709 
-2.3399 -1.7896 2.7665 -2.4097 0.0756 -0.1803 -1.9565 -2.2171 1.677 -2.7594 -2.419 4.0483 3.1006 1.2212 0.1873 -3.0039 -1.6571 2.3742 0.1383 -0.9414 -1.4375 0.3726 -0.6291 -0.8194 -0.2051 -0.9559 0.6883 2.157 1.9172 0.8905 1.3001 1.3499 -2.3101 -1.4643 3.366 0.4256 0.7409 -2.3722 3.2431 1.4228 1.1819 -0.6709 -3.6739 0.1792 3.8341 -3.1723 -3.9969 -2.6233 2.0316 -1.3604 -3.347 1.608 -3.7987 -2.2354 -0.3142 -0.2709 3.4109 2.8493 2.0314 1.5864 0.9821 -3.7724 3.9562 2.1191 -0.283 1.9002 -4.0186 3.3855 1.2069 -3.1075 2.1897 0.4791 2.9852 1.5383 -3.4948 -3.8838 -3.763 3.8462 -0.0631 -1.4604 -3.452 -1.3287 -2.2274 0.1282 -1.1763 0.5263 -1.4203 -0.0128 -1.4638 -3.3652 -0.7352 0.4389 2.4148 -2.6894 -0.7152 -2.0865 -3.2006 3.9162 3.0904 4.0621 1.3427 -2.2054 1.0924 3.0495 1.4252 2.4965 2.3474 -3.9814 
-2.3292 -1.7521 2.7885 -2.4147 0.0891 -0.1986 -1.9555 -2.2485 1.6522 -2.7712 -2.4058 4.0321 3.1004 1.2138 0.1958 -2.9907 -1.6821 2.3533 0.1213 -0.9405 -1.421 0.3889 -0.617 -0.8275 -0.1716 -0.9913 0.6927 2.142 1.918 0.8753 1.2588 1.3407 -2.3016 -1.4736 3.3751 0.402 0.7639 -2.3581 3.2911 1.4399 1.1589 -0.6516 -3.6643 0.2308 3.8346 -3.1371 -3.9993 -2.6448 2.0865 -1.3532 -3.3642 1.6007 -3.803 -2.2721 -0.2933 -0.2851 3.3961 2.8513 2.0401 1.5727 1.0118 -3.7549 3.923 2.1335 -0.2827 1.9007 -4.0109 3.3664 1.2072 -3.1052 2.1967 0.468 2.9916 1.5384 -3.4883 -3.8811 -3.7905 3.8319 -0.0536 -1.4707 -3.435 -1.3174 -2.2262 0.118 -1.1672 0.5355 -1.4219 -0.0199 -1.4329 -3.3879 -0.7701 0.4659 2.437 -2.6915 -0.7109 -2.1062 -3.2225 3.9235 3.0652 4.0316 1.327 -2.1985 1.0992 3.0647 1.45 2.4764 2.3431 -3.9918 
-2.3186 -1.716 2.8083 -2.4202 0.1027 -0.2168 -1.9556 -2.285 1.6243 -2.7832 -2.3925 4.0159 3.0929 1.207 0.2042 -2.9777 -1.7072 2.3301 0.1026 -0.9394 -1.4029 0.4051 -0.6051 -0.8359 -0.1384 -1.0268 0.6977 2.1295 1.9189 0.8603 1.2173 1.3314 -2.2929 -1.4811 3.3843 0.3783 0.7867 -2.3439 3.3412 1.4571 1.1344 -0.6316 -3.6548 0.282 3.8351 -3.1017 -4.0016 -2.6663 2.1411 -1.3455 -3.3817 1.5921 -3.8071 -2.3088 -0.2723 -0.2999 3.3813 2.8534 2.0497 1.5567 1.0417 -3.7375 3.8896 2.1486 -0.2825 1.902 -4.0031 3.3495 1.2074 -3.1029 2.2063 0.4569 2.9983 1.5386 -3.4818 -3.8783 -3.8183 3.8253 -0.0438 -1.4812 -3.418 -1.3064 -2.2248 0.1079 -1.1557 0.5494 -1.4243 -0.0313 -1.3984 -3.4105 -0.8048 0.4929 2.4593 -2.6935 -0.7063 -2.1257 -3.2447 3.9307 3.0402 4.0011 1.3113 -2.1925 1.1075 3.0797 1.4747 2.4563 2.3387 -4.0021 
-2.308 -1.6815 2.8251 -2.4258 0.1163 -0.2348 -1.9572 -2.3233 1.5946 -2.7954 -2.3791 3.9998 3.0773 1.2013 0.2126 -2.9647 -1.7324 2.3064 0.0831 -0.938 -1.3841 0.4213 -0.5932 -0.8444 -0.1053 -1.0626 0.7034 2.1181 1.9196 0.8454 1.1755 1.3219 -2.2842 -1.4868 3.3936 0.3544 0.8092 -2.3296 3.3918 1.4744 1.1089 -0.611 -3.6454 0.3321 3.8356 -3.0666 -4.0038 -2.6878 2.1948 -1.3378 -3.3993 1.5824 -3.8112 -2.3455 -0.2512 -0.3153 3.3664 2.8556 2.0596 1.5397 1.0715 -3.7201 3.8564 2.1642 -0.2822 1.9037 -3.9954 3.3359 1.2075 -3.1007 2.2173 0.4456 3.0056 1.5388 -3.4754 -3.8752 -3.8463 3.8274 -0.0339 -1.4919 -3.4009 -1.2955 -2.2232 0.0979 -1.1414 0.5671 -1.4271 -0.0458 -1.3629 -3.4329 -0.8394 0.5201 2.4816 -2.6955 -0.7013 -2.1451 -3.2672 3.9379 3.0154 3.9709 1.2956 -2.1875 1.1166 3.0944 1.4991 2.4361 2.3344 -4.0123 
-2.2974 -1.6484 2.8383 -2.4308 0.1299 -0.2528 -1.9603 -2.3617 1.5642 -2.8078 -2.3655 3.9836 3.0554 1.1978 0.221 -2.9518 -1.7577 2.2827 0.0632 -0.9364 -1.3652 0.4375 -0.5812 -0.853 -0.0723 -1.0985 0.7096 2.107 1.9202 0.8307 1.1335 1.3122 -2.2753 -1.4912 3.403 0.3304 0.8314 -2.3151 3.4425 1.4917 1.0827 -0.5894 -3.636 0.3802 3.836 -3.0318 -4.0058 -2.7094 2.2469 -1.33 -3.4171 1.572 -3.8153 -2.3823 -0.2301 -0.331 3.3513 2.858 2.0698 1.5223 1.1012 -3.7028 3.8232 2.1801 -0.282 1.9057 -3.9876 3.3259 1.2077 -3.0992 2.2288 0.4342 3.0145 1.539 -3.4689 -3.8721 -3.8745 3.8363 -0.024 -1.5028 -3.3836 -1.285 -2.2215 0.0879 -1.1241 0.5869 -1.4303 -0.0621 -1.328 -3.4553 -0.874 0.5475 2.504 -2.6974 -0.696 -2.1642 -3.2899 3.9452 2.9908 3.9408 1.28 -2.1833 1.126 3.109 1.5233 2.4157 2.3302 -4.0225 
-2.2867 -1.6164 2.8484 -2.4342 0.1433 -0.2708 -1.9648 -2.3998 1.5336 -2.8203 -2.3518 3.9674 3.0304 1.1974 0.2293 -2.9389 -1.7832 2.2592 0.0433 -0.9344 -1.3463 0.4538 -0.5689 -0.8617 -0.0392 -1.1348 0.7162 2.0953 1.9206 0.8158 1.0914 1.3024 -2.2662 -1.4948 3.4125 0.3063 0.8533 -2.3005 3.4931 1.509 1.056 -0.5662 -3.6266 0.4254 3.8366 -2.9972 -4.0077 -2.7312 2.296 -1.3223 -3.4352 1.561 -3.8195 -2.4192 -0.209 -0.3471 3.336 2.8605 2.08 1.505 1.1307 -3.6854 3.7899 2.1963 -0.2819 1.9077 -3.9798 3.3191 1.2079 -3.0994 2.2406 0.4229 3.026 1.5394 -3.4624 -3.8688 -3.9028 3.8492 -0.014 -1.514 -3.3661 -1.275 -2.2196 0.078 -1.1045 0.6075 -1.4335 -0.079 -1.2948 -3.4777 -0.9085 0.5749 2.5265 -2.6992 -0.6904 -2.1832 -3.3127 3.9526 2.9663 3.9109 1.2643 -2.1798 1.1356 3.1234 1.5473 2.3953 2.326 -4.0328 
-2.2761 -1.5855 2.8563 -2.4339 0.1562 -0.289 -1.9704 -2.4375 1.5034 -2.833 -2.3379 3.9512 3.0047 1.201 0.2376 -2.926 -1.8088 2.2358 0.0233 -0.9319 -1.3275 0.4702 -0.5558 -0.8704 -0.0059 -1.1712 0.723 2.0826 1.9209 0.8004 1.0496 1.2924 -2.2571 -1.4978 3.4221 0.282 0.8749 -2.2857 3.5436 1.5264 1.0292 -0.5403 -3.6173 0.4674 3.8373 -2.9629 -4.0093 -2.7531 2.3409 -1.3147 -3.4534 1.5498 -3.8241 -2.4562 -0.1878 -0.3633 3.3205 2.8631 2.09 1.4877 1.1596 -3.6681 3.7566 2.2126 -0.2818 1.9098 -3.9719 3.3148 1.2082 -3.1031 2.2525 0.4118 3.0413 1.5398 -3.4559 -3.8654 -3.9313 3.864 -0.0041 -1.5254 -3.3482 -1.2655 -2.2174 0.0682 -1.083 0.6283 -1.4368 -0.0958 -1.2646 -3.5 -0.943 0.6025 2.5491 -2.701 -0.6845 -2.2019 -3.3356 3.96 2.942 3.8811 1.2487 -2.1765 1.1451 3.1377 1.5711 2.3747 2.3219 -4.0431 
-2.2655 -1.5557 2.8628 -2.4278 0.168 -0.3075 -1.9767 -2.4748 1.4743 -2.8459 -2.3238 3.935 2.9797 1.2082 0.2458 -2.9132 -1.8345 2.2126 0.0035 -0.9288 -1.3087 0.4868 -0.5417 -0.8791 0.0277 -1.2079 0.7301 2.0681 1.921 0.7841 1.0083 1.2823 -2.2477 -1.5007 3.4317 0.2575 0.8962 -2.2707 3.5941 1.5439 1.0022 -0.5106 -3.608 0.5064 3.8386 -2.9287 -4.0109 -2.7752 2.3811 -1.3072 -3.4719 1.5385 -3.8294 -2.4934 -0.1666 -0.3798 3.3049 2.8659 2.0998 1.4706 1.1878 -3.6508 3.723 2.2288 -0.2819 1.9119 -3.9641 3.312 1.2086 -3.1128 2.2645 0.4011 3.0607 1.5403 -3.4495 -3.862 -3.9599 3.8794 0.0057 -1.537 -3.3294 -1.2566 -2.2151 0.0584 -1.0602 0.6491 -1.44 -0.1124 -1.2384 -3.5221 -0.9775 0.6302 2.5719 -2.7027 -0.6783 -2.2203 -3.3586 3.9674 2.9177 3.8513 1.2331 -2.1734 1.1545 3.152 1.5946 2.354 2.318 -4.0534 
-2.2549 -1.5275 2.8686 -2.4144 0.1782 -0.3265 -1.9833 -2.5118 1.4473 -2.859 -2.3096 3.9187 2.9561 1.2182 0.254 -2.9004 -1.8602 2.1895 -0.0162 -0.925 -1.2898 0.5035 -0.5261 -0.8879 0.0616 -1.2448 0.7374 2.0515 1.921 0.7656 0.9681 1.2721 -2.2382 -1.5033 3.4415 0.2328 0.9173 -2.2557 3.6446 1.5613 0.9752 -0.4771 -3.5987 0.5434 3.8412 -2.8946 -4.0126 -2.7972 2.4171 -1.2998 -3.4906 1.5273 -3.8356 -2.5308 -0.1452 -0.3964 3.2894 2.8688 2.1093 1.4535 1.2154 -3.6336 3.6891 2.2449 -0.282 1.914 -3.9562 3.3101 1.209 -3.1297 2.2763 0.3913 3.083 1.541 -3.443 -3.8589 -3.9887 3.8951 0.0154 -1.5488 -3.3096 -1.2486 -2.2126 0.0487 -1.0368 0.6697 -1.443 -0.1288 -1.2164 -3.5439 -1.0121 0.658 2.5949 -2.7044 -0.6719 -2.2386 -3.3815 3.975 2.8936 3.8215 1.2175 -2.1702 1.1637 3.1667 1.6179 2.3331 2.3141 -4.0638 
-2.2444 -1.5011 2.8741 -2.3952 0.186 -0.3462 -1.99 -2.5486 1.4238 -2.8722 -2.2951 3.9025 2.9339 1.2296 0.2623 -2.8876 -1.8857 2.1663 -0.036 -0.9204 -1.271 0.5203 -0.5086 -0.8966 0.0958 -1.282 0.7448 2.0325 1.921 0.7439 0.9296 1.2619 -2.2286 -1.5058 3.4513 0.2079 0.9382 -2.2405 3.6951 1.5788 0.9483 -0.4405 -3.5893 0.5792 3.8467 -2.8606 -4.0156 -2.8191 2.45 -1.2924 -3.5095 1.5165 -3.8433 -2.5683 -0.1237 -0.413 3.274 2.8719 2.1185 1.4366 1.2429 -3.6162 3.6549 2.2608 -0.2822 1.9163 -3.9484 3.3085 1.2095 -3.1529 2.288 0.3827 3.1054 1.5417 -3.4366 -3.8561 -4.0172 3.9107 0.025 -1.5607 -3.2883 -1.2415 -2.2099 0.0391 -1.0131 0.6901 -1.4459 -0.1449 -1.1978 -3.5644 -1.0469 0.6859 2.6181 -2.7061 -0.6655 -2.2567 -3.4045 3.9826 2.8695 3.7913 1.2019 -2.1669 1.1727 3.182 1.6407 2.312 2.3103 4.0691 
-2.2339 -1.4767 2.8797 -2.3728 0.1911 -0.3667 -1.9966 -2.5852 1.4049 -2.8856 -2.2804 3.8862 2.9133 1.2418 0.2704 -2.8748 -1.9105 2.1432 -0.0557 -0.9149 -1.252 0.5373 -0.489 -0.9055 0.1303 -1.3193 0.7525 2.0109 1.9209 0.7177 0.8928 1.2518 -2.2187 -1.5081 3.4613 0.1826 0.9589 -2.2253 3.7457 1.5963 0.9216 -0.402 -3.5798 0.6143 3.858 -2.8265 -4.0223 -2.8405 2.481 -1.285 -3.5287 1.5062 -3.8524 -2.606 -0.102 -0.4298 3.2591 2.875 2.1274 1.4198 1.2703 -3.5989 3.6206 2.2766 -0.2826 1.9186 -3.9405 3.3072 1.21 -3.1803 2.2993 0.3757 3.1238 1.5425 -3.4302 -3.854 -4.0447 3.9263 0.0344 -1.5727 -3.2652 -1.2353 -2.207 0.0296 -0.9891 0.7105 -1.4486 -0.161 -1.1814 -3.5811 -1.0817 0.7137 2.6416 -2.7076 -0.6595 -2.2745 -3.4274 3.9903 2.8455 3.7597 1.1863 -2.1635 1.1816 3.1982 1.6632 2.2908 2.3067 4.0588 
-2.2236 -1.4546 2.8853 -2.35 0.1934 -0.3878 -2.0031 -2.6216 1.3911 -2.8991 -2.2656 3.8698 2.8941 1.2542 0.2786 -2.862 -1.9339 2.1199 -0.0754 -0.9087 -1.2329 0.5545 -0.467 -0.9143 0.1648 -1.3567 0.7602 1.9868 1.9209 0.6868 0.8576 1.2417 -2.2087 -1.5104 3.4714 0.157 0.9795 -2.2101 3.7954 1.6139 0.895 -0.3627 -3.5702 0.6493 3.8781 -2.7925 -4.0364 -2.8612 2.511 -1.2773 -3.5482 1.4968 -3.8623 -2.6439 -0.0801 -0.4467 3.2451 2.8782 2.1359 1.403 1.2976 -3.5815 3.5869 2.2921 -0.2831 1.9212 -3.9326 3.3059 1.2106 -3.2098 2.3097 0.3709 3.1335 1.5434 -3.4239 -3.8528 -4.0691 3.9419 0.0437 -1.5848 -3.2405 -1.2299 -2.2039 0.0202 -0.9651 0.7308 -1.4511 -0.1771 -1.1662 -3.5903 -1.1166 0.7415 2.6653 -2.7091 -0.6545 -2.2922 -3.4502 3.9981 2.8214 3.7246 1.1707 -2.16 1.1902 3.2151 1.6852 2.2694 2.3032 4.0485 
-2.2134 -1.4346 2.891 -2.3288 0.1935 -0.4088 -2.0094 -2.6579 1.3816 -2.9127 -2.2505 3.8534 2.8761 1.2667 0.2868 -2.8492 -1.9554 2.0965 -0.0952 -0.9018 -1.2136 0.5717 -0.4427 -0.9233 0.1993 -1.3943 0.7682 1.9605 1.9208 0.652 0.8231 1.2319 -2.1985 -1.5125 3.4816 0.131 0.9999 -2.1949 3.8417 1.6314 0.8686 -0.323 -3.5604 0.6843 3.9078 -2.7584 -4.0594 -2.8809 2.5403 -1.2694 -3.5679 1.4884 -3.8698 -2.682 -0.058 -0.4636 3.2325 2.8815 2.1442 1.3863 1.3248 -3.5641 3.5554 2.3075 -0.2838 1.9239 -3.9247 3.3048 1.2112 -3.2402 2.3187 0.3685 3.1318 1.5444 -3.4176 -3.8531 4.0558 3.9576 0.0528 -1.5968 -3.2142 -1.2252 -2.2008 0.0109 -0.9412 0.7511 -1.4533 -0.1932 -1.1515 -3.5907 -1.1516 0.7692 2.6894 -2.7104 -0.6514 -2.3096 -3.473 4.0059 2.7974 3.6831 1.1552 -2.1564 1.1987 3.2326 1.7068 2.2478 2.3001 4.0382 
-2.2036 -1.4164 2.8969 -2.31 0.1921 -0.4289 -2.0155 -2.6942 1.3752 -2.9265 -2.2353 3.8369 2.8591 1.2791 0.2949 -2.8365 -1.9747 2.073 -0.115 -0.8943 -1.1941 0.5891 -0.4164 -0.9322 0.2335 -1.4319 0.7764 1.9323 1.9207 0.6148 0.7886 1.2224 -2.188 -1.5146 3.4919 0.1048 1.0202 -2.1798 3.877 1.649 0.8425 -0.2835 -3.5505 0.7194 3.9446 -2.7243 4.0547 -2.8993 2.5692 -1.2611 -3.5879 1.4812 -3.8674 -2.7203 -0.0356 -0.4806 3.222 2.8848 2.152 1.3696 1.352 -3.5467 3.5283 2.3228 -0.2846 1.9269 -3.9167 3.3037 1.2119 -3.2707 2.3256 0.3682 3.1188 1.5455 -3.4113 -3.855 4.0443 3.9734 0.0618 -1.6087 -3.1868 -1.221 -2.1975 0.0017 -0.9173 0.7715 -1.4554 -0.2093 -1.137 -3.5851 -1.1867 0.7968 2.7137 -2.7117 -0.6508 -2.327 -3.4957 4.0139 2.7733 3.6343 1.1397 -2.1527 1.207 3.2503 1.728 2.226 2.2974 4.0279 
-2.1942 -1.3997 2.903 -2.2935 0.1898 -0.4481 -2.0213 -2.7304 1.3706 -2.9404 -2.2199 3.8202 2.843 1.2916 0.303 -2.8237 -1.9921 2.0492 -0.135 -0.8864 -1.1744 0.6067 -0.3884 -0.9412 0.2671 -1.4696 0.7848 1.9024 1.9206 0.5768 0.7533 1.2132 -2.1774 -1.5167 3.5023 0.0783 1.0405 -2.165 3.8966 1.6665 0.8167 -0.2443 -3.5402 0.7548 3.985 -2.69 4.0227 -2.9161 2.5977 -1.2525 -3.6082 1.4752 -3.8498 -2.7587 -0.013 -0.4976 3.2146 2.8882 2.1596 1.3528 1.379 -3.5291 3.5063 2.3379 -0.2857 1.9301 -3.9086 3.3026 1.2127 -3.3012 2.3295 0.3697 3.0969 1.5468 -3.405 -3.8588 4.0373 3.9894 0.0706 -1.6202 -3.1586 -1.2171 -2.1941 -0.0074 -0.8934 0.7919 -1.4574 -0.2255 -1.1224 -3.5767 -1.2219 0.8242 2.7376 -2.7128 -0.6524 -2.3441 -3.5183 4.0219 2.7492 3.5812 1.1243 -2.149 1.2152 3.268 1.7488 2.204 2.2951 4.0176 
-2.1853 -1.3842 2.9094 -2.2789 0.187 -0.4668 -2.027 -2.7666 1.3669 -2.9545 -2.2045 3.8035 2.8275 1.304 0.3111 -2.8109 -2.0085 2.0251 -0.1552 -0.8783 -1.1545 0.6243 -0.3592 -0.9502 0.3003 -1.5072 0.7934 1.8711 1.9205 0.5387 0.7168 1.2047 -2.1666 -1.5188 3.5129 0.0516 1.0606 -2.1505 3.9072 1.6841 0.7911 -0.2052 -3.5294 0.7903 4.0268 -2.6558 3.9895 -2.9311 2.626 -1.2437 -3.6288 1.4703 -3.8236 -2.7973 0.0099 -0.5147 3.2108 2.8916 2.1668 1.336 1.406 -3.5115 3.4882 2.353 -0.2869 1.9335 -3.9001 3.3015 1.2136 -3.3316 2.33 0.3723 3.0697 1.5482 -3.3989 -3.8647 4.032 4.0057 0.0793 -1.6313 -3.1297 -1.2133 -2.1907 -0.0164 -0.8696 0.8124 -1.4591 -0.2417 -1.1078 -3.5675 -1.2572 0.8513 2.7601 -2.7139 -0.6553 -2.361 -3.5408 4.03 2.7251 3.5275 1.1089 -2.1453 1.2232 3.2855 1.7692 2.1817 2.2934 4.0073 
-2.1772 -1.3694 2.9157 -2.2655 0.1839 -0.4852 -2.0326 -2.803 1.3636 -2.9686 -2.1889 3.7866 2.8123 1.3164 0.3192 -2.798 -2.0242 2.0008 -0.1755 -0.8699 -1.1344 0.6421 -0.3292 -0.9592 0.3331 -1.5448 0.8023 1.8387 1.9204 0.5011 0.6791 1.1967 -2.1555 -1.521 3.5237 0.0248 1.0806 -2.1364 3.9154 1.7016 0.7657 -0.1665 -3.5181 0.8261 4.0686 -2.6214 3.9555 -2.9446 2.6541 -1.2346 -3.6497 1.4665 -3.7953 -2.8358 0.033 -0.5317 3.2108 2.895 2.1737 1.3191 1.4329 -3.4939 3.4723 2.3681 -0.2884 1.9372 -3.8911 3.3004 1.2145 -3.3616 2.3266 0.3757 3.0399 1.5496 -3.3928 -3.8726 4.0272 4.0223 0.0878 -1.6418 -3.1004 -1.2094 -2.1873 -0.0253 -0.8457 0.833 -1.4607 -0.258 -1.0931 -3.5581 -1.2925 0.8781 2.7791 -2.7151 -0.6587 -2.3776 -3.5632 4.0382 2.7008 3.4767 1.0935 -2.1416 1.231 3.3028 1.7893 2.1592 2.2922 3.997 
-2.17 -1.3551 2.9219 -2.2529 0.1807 -0.5035 -2.0381 -2.8394 1.3604 -2.9828 -2.1734 3.7695 2.7973 1.3288 0.3272 -2.7852 -2.0396 1.9761 -0.196 -0.8614 -1.1141 0.66 -0.2987 -0.968 0.3657 -1.5824 0.8114 1.8055 1.9203 0.4638 0.6404 1.1893 -2.1443 -1.5232 3.5345 -0.0022 1.1006 -2.123 3.9232 1.7191 0.7405 -0.1279 -3.5056 0.8621 -4.0336 -2.587 3.9208 -2.9567 2.682 -1.2255 -3.6709 1.4634 -3.7674 -2.8738 0.0564 -0.5485 3.2145 2.8984 2.1803 1.3021 1.4596 -3.4762 3.4572 2.3831 -0.2899 1.941 -3.8814 3.2993 1.2155 -3.3915 2.3197 0.3793 3.0093 1.5513 -3.3869 -3.8821 4.0222 4.0391 0.0962 -1.6515 -3.0708 -1.2052 -2.1839 -0.034 -0.8218 0.8538 -1.4621 -0.2743 -1.0784 -3.5487 -1.3278 0.9046 2.7923 -2.7168 -0.662 -2.3933 -3.5856 4.0466 2.6765 3.4322 1.0781 -2.1379 1.2387 3.3198 1.8092 2.1365 2.2917 3.9867 
-2.1637 -1.3409 2.9272 -2.2407 0.1774 -0.5215 -2.0435 -2.876 1.3573 -2.9971 -2.1578 3.7522 2.7823 1.3412 0.3353 -2.7723 -2.055 1.9512 -0.2166 -0.8529 -1.0937 0.6779 -0.2679 -0.9767 0.3983 -1.6201 0.8208 1.7716 1.9202 0.4268 0.601 1.1825 -2.1328 -1.5257 3.5456 -0.0292 1.1205 -2.1103 3.9311 1.7369 0.7155 -0.0895 -3.4913 0.8984 -3.994 -2.5524 3.8853 -2.9678 2.71 -1.2164 -3.6924 1.4607 -3.7414 -2.9101 0.0799 -0.5651 3.2211 2.9018 2.1866 1.285 1.4863 -3.4584 3.4424 2.398 -0.2916 1.945 -3.8708 3.298 1.2166 -3.4211 2.3101 0.3829 2.9785 1.553 -3.3811 -3.8929 4.017 4.0562 0.1045 -1.6603 -3.0412 -1.2005 -2.1804 -0.0427 -0.7979 0.8746 -1.4635 -0.2908 -1.0635 -3.5394 -1.3632 0.9308 2.7987 -2.7198 -0.6652 -2.4075 -3.6078 4.055 2.652 3.3954 1.0625 -2.1342 1.2463 3.3364 1.8289 2.1135 2.2916 3.9763 
-2.1584 -1.3267 2.9303 -2.2289 0.174 -0.5394 -2.049 -2.9128 1.3544 -3.0114 -2.1423 3.7346 2.7671 1.3537 0.3434 -2.7594 -2.0702 1.9262 -0.2375 -0.8444 -1.0734 0.696 -0.2369 -0.9853 0.4307 -1.6579 0.8304 1.7373 1.92 0.39 0.5613 1.1762 -2.1211 -1.5285 3.5568 -0.0564 1.1404 -2.0985 3.9393 1.7552 0.6906 -0.0511 -3.4742 0.935 -3.9568 -2.5179 3.8492 -2.9781 2.7379 -1.2073 -3.7141 1.4582 -3.7196 -2.942 0.1035 -0.5812 3.2299 2.9051 2.1926 1.2679 1.513 -3.4406 3.4276 2.4126 -0.2931 1.9492 -3.8593 3.2966 1.2179 -3.4505 2.2984 0.3864 2.9479 1.5549 -3.3754 -3.9047 4.0115 -4.0698 0.1126 -1.6681 -3.0117 -1.1951 -2.1771 -0.0513 -0.7738 0.8953 -1.4647 -0.3075 -1.0485 -3.5302 -1.3988 0.9569 2.8001 -2.7253 -0.6682 -2.4188 -3.6299 4.0636 2.6274 3.3661 1.0462 -2.1307 1.2536 3.3526 1.8485 2.0903 2.2918 3.9659 
-2.1541 -1.3123 2.9295 -2.2172 0.1704 -0.5569 -2.0547 -2.9495 1.352 -3.0258 -2.127 3.7166 2.7518 1.3661 0.3514 -2.7464 -2.0855 1.9014 -0.2586 -0.836 -1.0535 0.7142 -0.2055 -0.9937 0.4627 -1.6958 0.8402 1.7027 1.9198 0.3533 0.5217 1.1704 -2.1091 -1.5317 3.5682 -0.0836 1.1602 -2.0877 3.9478 1.7748 0.6658 -0.0128 -3.4536 0.9719 -3.9232 -2.4832 3.8126 -2.988 2.7658 -1.1985 -3.7362 1.4556 -3.7057 -2.9662 0.1271 -0.5967 3.2401 2.9082 2.1983 1.2507 1.5396 -3.4227 3.4128 2.4267 -0.2941 1.9535 -3.847 3.295 1.2192 -3.4798 2.2854 0.3897 2.9178 1.5569 -3.37 -3.917 4.0058 -4.0526 0.1206 -1.6749 -2.9823 -1.1889 -2.1737 -0.0598 -0.7497 0.9157 -1.4658 -0.3248 -1.0332 -3.521 -1.4345 0.9828 2.799 -2.7347 -0.6708 -2.4261 -3.652 -4.0709 2.6028 3.3435 1.0287 -2.1272 1.2608 3.3685 1.868 2.0669 2.2922 3.9555 
-2.1507 -1.2976 2.9237 -2.2057 0.1668 -0.5741 -2.0607 -2.9842 1.3506 -3.0403 -2.1118 3.6984 2.7361 1.3785 0.3595 -2.7334 -2.1006 1.8774 -0.2799 -0.8276 -1.0345 0.7325 -0.1739 -1.0018 0.4939 -1.734 0.85 1.6681 1.9197 0.3164 0.4826 1.1647 -2.097 -1.5358 3.5797 -0.1109 1.18 -2.0779 3.9568 1.7962 0.641 0.0256 -3.4307 1.0091 -3.8936 -2.4485 3.7757 -2.9976 2.7938 -1.1899 -3.7584 1.4529 -3.7018 -2.9802 0.1506 -0.6111 3.251 2.9107 2.2038 1.2337 1.5661 -3.4046 3.398 2.44 -0.2942 1.9579 -3.8336 3.2937 1.2207 -3.509 2.2717 0.3929 2.8886 1.559 -3.3647 -3.9296 4.0 -4.0356 0.1285 -1.681 -2.9531 -1.1819 -2.1704 -0.0683 -0.7254 0.9351 -1.4668 -0.3427 -1.0172 -3.5118 -1.4706 1.0087 2.797 -2.7479 -0.6731 -2.4292 -3.6739 -4.062 2.578 3.3269 1.0092 -2.1239 1.2678 3.384 1.8874 2.0433 2.2926 3.945 
-2.148 -1.2824 2.914 -2.1942 0.163 -0.5909 -2.0672 -3.0099 1.3507 -3.0548 -2.0969 3.6797 2.7201 1.391 0.3676 -2.7204 -2.1158 1.855 -0.3013 -0.8194 -1.0174 0.7508 -0.142 -1.0098 0.5235 -1.7724 0.8595 1.6335 1.9196 0.2792 0.4444 1.1591 -2.0846 -1.5409 3.5914 -0.1382 1.1997 -2.0692 3.9668 1.8201 0.6162 0.064 -3.413 1.0466 -3.8677 -2.4138 3.7386 -3.0071 2.8217 -1.1817 -3.7809 1.4498 -3.7064 -2.9855 0.1739 -0.6243 3.2616 2.9115 2.209 1.217 1.5926 -3.3864 3.3832 2.452 -0.2924 1.9624 -3.8193 3.2937 1.2224 -3.5381 2.2576 0.3958 2.8608 1.5613 -3.3596 -3.9424 3.9942 -4.0194 0.1363 -1.6863 -2.9241 -1.174 -2.1671 -0.0767 -0.7008 0.9528 -1.4677 -0.3611 -1.0003 -3.5026 -1.5074 1.0346 2.7948 -2.7638 -0.6752 -2.4293 -3.6958 -4.0529 2.5533 3.3144 0.9871 -2.1206 1.2746 3.3992 1.9068 2.0198 2.2931 3.9344 
-2.1458 -1.2668 2.902 -2.1827 0.1592 -0.6074 -2.0745 -3.0152 1.3529 -3.0693 -2.0822 3.6608 2.7038 1.4034 0.3757 -2.7073 -2.1308 1.8354 -0.3229 -0.8112 -1.003 0.7691 -0.1101 -1.0175 0.5507 -1.8109 0.8686 1.5989 1.92 0.2417 0.4073 1.1533 -2.0719 -1.5475 3.6033 -0.1656 1.2194 -2.0614 3.9785 1.8465 0.5914 0.1026 -3.4124 1.0843 -3.845 -2.379 3.7015 -3.0164 2.8495 -1.1738 -3.8037 1.4465 -3.7159 -2.9857 0.1969 -0.6358 3.2707 2.9077 2.2139 1.201 1.619 -3.3679 3.3683 2.4627 -0.2878 1.9669 -3.8039 3.298 1.2242 -3.5671 2.2433 0.3986 2.8345 1.5638 -3.3543 -3.9551 3.9884 -4.0039 0.144 -1.6911 -2.8954 -1.1653 -2.1639 -0.0851 -0.676 0.9677 -1.4686 -0.3801 -0.9822 -3.4934 -1.5448 1.0604 2.7927 -2.7812 -0.6769 -2.4277 -3.7176 -4.0436 2.5286 3.3042 0.9623 -2.1175 1.2812 3.4141 1.926 1.9964 2.2934 3.9238 
-2.144 -1.2506 2.889 -2.1713 0.1554 -0.6236 -2.0831 -3.0053 1.3574 -3.0839 -2.0679 3.6417 2.6871 1.4159 0.3838 -2.6942 -2.1459 1.8198 -0.3446 -0.8031 -0.9924 0.7875 -0.0782 -1.025 0.5747 -1.8497 0.8767 1.5643 1.9214 0.2037 0.3713 1.147 -2.059 -1.5559 3.6154 -0.193 1.239 -2.0544 3.9929 1.875 0.5665 0.1413 -3.4246 1.1222 -3.8251 -2.3441 3.6644 -3.0255 2.8769 -1.1662 -3.8266 1.4428 -3.7274 -2.9836 0.2197 -0.6455 3.2764 2.8952 2.2187 1.1862 1.6455 -3.3491 3.3533 2.4723 -0.2793 1.9713 -3.7876 3.3105 1.2261 -3.596 2.229 0.4013 2.8096 1.5664 -3.3481 -3.9676 3.9828 -3.9892 0.1516 -1.6955 -2.867 -1.1558 -2.1606 -0.0934 -0.651 0.9787 -1.4694 -0.3995 -0.9629 -3.4842 -1.5826 1.0862 2.7907 -2.7991 -0.6784 -2.4253 -3.7393 -4.0342 2.504 3.2948 0.9352 -2.1145 1.2876 3.4288 1.9449 1.9735 2.2936 3.9131 
-2.1425 -1.2339 2.8757 -2.1598 0.1516 -0.6395 -2.0937 -2.991 1.3635 -3.0986 -2.054 3.6228 2.67 1.4284 0.3919 -2.681 -2.1609 1.8089 -0.3663 -0.7952 -0.986 0.8058 -0.0466 -1.0323 0.5951 -1.8886 0.8837 1.53 1.925 0.1654 0.3362 1.1397 -2.0459 -1.5661 3.6276 -0.2204 1.2585 -2.0481 4.0109 1.9048 0.5414 0.1801 -3.4395 1.1601 -3.8076 -2.3093 3.6275 -3.0341 2.9037 -1.1589 -3.8498 1.4388 -3.7395 -2.9806 0.2424 -0.6532 3.2767 2.8735 2.2232 1.1728 1.6719 -3.3296 3.3383 2.4812 -0.2666 1.9756 -3.7707 3.3315 1.2282 -3.6249 2.2147 0.4039 2.7861 1.5691 -3.3399 -3.9798 3.9775 -3.9752 0.159 -1.6996 -2.8388 -1.1457 -2.1574 -0.1018 -0.6256 0.9854 -1.4702 -0.4191 -0.9424 -3.4749 -1.6202 1.1116 2.789 -2.817 -0.6797 -2.4225 -3.761 -4.0245 2.4796 3.2855 0.9067 -2.1117 1.2937 3.4433 1.9632 1.9515 2.2937 3.9023 
-2.141 -1.2167 2.8623 -2.1484 0.1478 -0.6551 -2.107 -2.9761 1.3696 -3.1132 -2.0404 3.6043 2.6526 1.4409 0.4 -2.6678 -2.1758 1.8024 -0.3881 -0.7874 -0.9833 0.8241 -0.0153 -1.0393 0.6121 -1.9277 0.8895 1.4959 1.9323 0.1268 0.3017 1.1311 -2.0325 -1.5783 3.64 -0.2479 1.2781 -2.0423 4.031 1.9352 0.5162 0.219 -3.4546 1.1981 -3.792 -2.2743 3.5907 -3.0419 2.9295 -1.152 -3.8731 1.4344 -3.7516 -2.9774 0.2652 -0.6591 3.2702 2.8463 2.2276 1.1607 1.6983 -3.3092 3.3231 2.4898 -0.2502 1.9797 -3.7535 3.357 1.2305 -3.6536 2.2005 0.4062 2.7638 1.572 -3.327 -3.9916 3.973 -3.9615 0.1664 -1.7035 -2.8108 -1.135 -2.1541 -0.1101 -0.5999 0.9882 -1.471 -0.4389 -0.9211 -3.4656 -1.6565 1.1366 2.7873 -2.8349 -0.6807 -2.4195 -3.7826 -4.0146 2.4556 3.2762 0.8775 -2.109 1.2996 3.4576 1.9807 1.9308 2.2936 3.8915 
-2.1397 -1.1989 2.8487 -2.137 0.144 -0.6705 -2.1239 -2.9612 1.3734 -3.1279 -2.0272 3.5866 2.6347 1.4534 0.4082 -2.6545 -2.1908 1.7996 -0.4099 -0.7797 -0.9835 0.8424 0.0157 -1.0461 0.6263 -1.967 0.8944 1.4623 1.9448 0.0882 0.2677 1.1207 -2.0189 -1.5922 3.6525 -0.2755 1.2975 -2.0368 4.0494 1.9658 0.4908 0.2577 -3.4699 1.236 -3.7781 -2.2394 3.5541 -3.0487 2.9539 -1.1453 -3.8966 1.4297 -3.7636 -2.974 0.288 -0.6633 3.2576 2.8171 2.2318 1.1497 1.7247 -3.2875 3.3079 2.4983 -0.2308 1.9835 -3.7364 3.3829 1.2329 -3.6821 2.1863 0.4081 2.7428 1.5751 -3.3061 -4.0029 3.9699 -3.9481 0.1736 -1.7074 -2.783 -1.1239 -2.1508 -0.1185 -0.574 0.9881 -1.4717 -0.4588 -0.8992 -3.4562 -1.6907 1.1607 2.7858 -2.8526 -0.6815 -2.4164 -3.8042 -4.0045 2.432 3.2667 0.8483 -2.1064 1.3052 3.4718 1.9972 1.9118 2.2933 3.8805 
-2.1384 -1.1807 2.8351 -2.1256 0.1403 -0.6855 -2.1452 -2.9464 1.3739 -3.1425 -2.0144 3.5701 2.6166 1.466 0.4164 -2.6412 -2.2057 1.7997 -0.4317 -0.7721 -0.9854 0.8606 0.0464 -1.0527 0.6389 -2.0063 0.8988 1.4296 1.9625 0.0496 0.2341 1.1084 -2.005 -1.6076 3.6651 -0.303 1.317 -2.0315 4.0619 1.9963 0.4653 0.2957 -3.4859 1.2736 -3.7656 -2.2044 3.5177 -3.0545 2.9767 -1.139 -3.9202 1.4248 -3.7754 -2.9705 0.3111 -0.6662 3.2402 2.7873 2.2359 1.1395 1.7512 -3.2642 3.2926 2.5069 -0.2097 1.9868 -3.7194 3.407 1.2354 -3.7104 2.1721 0.4091 2.7234 1.5783 -3.2747 -4.0139 3.9692 -3.9348 0.1807 -1.7111 -2.7554 -1.1123 -2.1475 -0.1269 -0.5479 0.9861 -1.4723 -0.4788 -0.8769 -3.4468 -1.7218 1.1838 2.7843 -2.8702 -0.682 -2.4132 -3.8257 -3.9942 2.4088 3.2571 0.82 -2.104 1.3106 3.486 2.0124 1.8948 2.2928 3.8695 
-2.137 -1.1621 2.8214 -2.1143 0.1367 -0.7004 -2.1707 -2.9317 1.3711 -3.1572 -2.002 3.5549 2.598 1.4787 0.4246 -2.6278 -2.2207 1.8022 -0.4534 -0.7647 -0.9884 0.879 0.0766 -1.0591 0.6505 -2.0457 0.9029 1.3985 1.9844 0.0111 0.2009 1.094 -1.9909 -1.6243 3.6778 -0.3306 1.3363 -2.0263 4.0679 2.0266 0.4397 0.332 -3.5026 1.3109 -3.7547 -2.1694 3.4814 -3.0593 2.9978 -1.1329 -3.944 1.4196 -3.7871 -2.967 0.3342 -0.6681 3.2198 2.7575 2.2399 1.1295 1.7778 -3.2391 3.2772 2.5156 -0.1876 1.9892 -3.7028 3.428 1.238 -3.7384 2.158 0.4086 2.7057 1.5817 -3.2338 -4.0243 3.9714 -3.9215 0.1876 -1.7148 -2.7279 -1.1004 -2.1441 -0.1353 -0.5219 0.9832 -1.473 -0.4989 -0.8545 -3.4372 -1.75 1.2056 2.7829 -2.8875 -0.6823 -2.4099 -3.8472 -3.9836 2.3862 3.2473 0.7936 -2.1018 1.3157 3.5002 2.0264 1.8799 2.2924 3.8584 
-2.1356 -1.143 2.8075 -2.1032 0.1331 -0.715 -2.1997 -2.917 1.3661 -3.1719 -1.9899 3.5408 2.5792 1.4914 0.4328 -2.6144 -2.2357 1.8064 -0.4752 -0.7574 -0.9919 0.8974 0.1066 -1.0652 0.6618 -2.0852 0.907 1.3702 2.0088 -0.0273 0.1682 1.0779 -1.9765 -1.6418 3.6906 -0.3583 1.3556 -2.0212 4.0694 2.0566 0.4143 0.3654 -3.5199 1.3475 -3.7452 -2.1344 3.4453 -3.0633 3.0174 -1.1271 -3.9679 1.4142 -3.7987 -2.9634 0.3575 -0.6692 3.1976 2.7278 2.244 1.1197 1.8044 -3.2121 3.2618 2.5244 -0.165 1.99 -3.6864 3.4455 1.2406 -3.766 2.1437 0.4053 2.6904 1.5852 -3.1867 -4.0344 3.9768 -3.9085 0.1945 -1.7185 -2.7006 -1.0882 -2.1407 -0.1438 -0.4964 0.98 -1.4736 -0.519 -0.8319 -3.4276 -1.7759 1.2258 2.7815 -2.9048 -0.6821 -2.4066 -3.8686 -3.9728 2.364 3.2374 0.7703 -2.0997 1.3205 3.5145 2.0397 1.8668 2.2922 3.8473 
-2.134 -1.1236 2.7935 -2.0922 0.1296 -0.7294 -2.2312 -2.9024 1.3594 -3.1865 -1.9781 3.5273 2.56 1.5043 0.441 -2.601 -2.2507 1.8123 -0.4971 -0.7502 -0.9959 0.9159 0.1362 -1.0711 0.6732 -2.1246 0.9111 1.346 2.0344 -0.0654 0.1363 1.0605 -1.9619 -1.66 3.7034 -0.3859 1.3749 -2.0161 4.0689 2.0863 0.3892 0.3952 -3.5374 1.3831 -3.7371 -2.0994 3.4094 -3.0669 3.0359 -1.1215 -3.9919 1.4086 -3.8102 -2.9597 0.3809 -0.67 3.1742 2.6982 2.248 1.11 1.831 -3.1832 3.2465 2.5331 -0.1423 1.9877 -3.6703 3.4602 1.2433 -3.7932 2.1294 0.3979 2.6789 1.5889 -3.1366 -4.0441 3.9849 -3.8956 0.2014 -1.7222 -2.6734 -1.0759 -2.1371 -0.1524 -0.4717 0.9767 -1.4742 -0.5392 -0.8093 -3.4178 -1.8002 1.2446 2.7802 -2.9218 -0.6815 -2.4032 -3.89 -3.9617 2.3422 3.2274 0.7509 -2.0977 1.3251 3.5288 2.0528 1.8551 2.2924 3.8361 
-2.1324 -1.104 2.7796 -2.0813 0.126 -0.7436 -2.2646 -2.8878 1.3512 -3.2012 -1.9665 3.5143 2.5405 1.5172 0.4492 -2.5875 -2.2657 1.8194 -0.5191 -0.7431 -1.0003 0.9345 0.1654 -1.0767 0.6848 -2.1638 0.9153 1.3274 2.0606 -0.1034 0.1051 1.0423 -1.9471 -1.6786 3.7162 -0.4136 1.3941 -2.0111 4.0675 2.1158 0.3646 0.4217 -3.5548 1.4175 -3.7301 -2.0644 3.3736 -3.0703 3.0536 -1.1161 -4.016 1.4029 -3.8219 -2.956 0.4043 -0.6705 3.1503 2.6689 2.2522 1.1002 1.8575 -3.1527 3.2313 2.5418 -0.1196 1.9795 -3.6545 3.4727 1.2459 -3.8199 2.1151 0.385 2.6736 1.5927 -3.0853 -4.0535 3.9948 -3.8829 0.2083 -1.7259 -2.6464 -1.0633 -2.1336 -0.161 -0.4483 0.9734 -1.4749 -0.5594 -0.7867 -3.408 -1.8238 1.262 2.779 -2.9387 -0.68 -2.3999 -3.9113 -3.9503 2.3207 3.2173 0.735 -2.0959 1.3294 3.5432 2.0663 1.8446 2.2936 3.8249 
-2.1306 -1.0841 2.7662 -2.0704 0.1224 -0.7576 -2.2991 -2.8731 1.3416 -3.2158 -1.9551 3.5014 2.5208 1.53 0.4575 -2.574 -2.2806 1.8275 -0.5413 -0.7361 -1.0053 0.9532 0.1945 -1.0821 0.6965 -2.2029 0.9196 1.3147 2.0867 -0.1411 0.0747 1.0235 -1.9321 -1.6973 3.729 -0.4413 1.4132 -2.0061 4.0657 2.1451 0.3409 0.4463 -3.5721 1.4502 -3.724 -2.0295 3.338 -3.0735 3.0707 -1.1109 -4.0402 1.3971 -3.8336 -2.9523 0.4278 -0.6708 3.1263 2.6397 2.2565 1.0904 1.8832 -3.121 3.2163 2.5505 -0.0971 1.963 -3.639 3.4839 1.2483 -3.8462 2.1008 0.3661 2.6768 1.5967 -3.0338 -4.0625 4.0058 -3.8704 0.2153 -1.7296 -2.6195 -1.0507 -2.1299 -0.1697 -0.4263 0.9703 -1.4755 -0.5797 -0.7642 -3.3979 -1.8471 1.2783 2.7777 -2.9555 -0.6776 -2.3968 -3.9326 -3.9387 2.2994 3.2071 0.7212 -2.0943 1.3334 3.5577 2.0811 1.8348 2.296 3.8136 
-2.1288 -1.064 2.7547 -2.0591 0.1188 -0.7714 -2.3344 -2.8585 1.3307 -3.2305 -1.9439 3.4884 2.5007 1.5417 0.4658 -2.5604 -2.2954 1.8363 -0.5639 -0.7292 -1.0112 0.9721 0.2232 -1.0873 0.7086 -2.2417 0.924 1.3075 2.1125 -0.1787 0.0448 1.0046 -1.9168 -1.7159 3.7417 -0.469 1.4325 -2.0011 4.0638 2.1742 0.3182 0.47 -3.589 1.4809 -3.7185 -1.9946 3.3025 -3.0766 3.0875 -1.1058 -4.0646 1.3912 -3.8455 -2.9486 0.4512 -0.6712 3.1023 2.6106 2.2609 1.0805 1.9069 -3.0884 3.2015 2.5593 -0.0748 1.938 -3.6237 3.4944 1.2506 -3.872 2.0876 0.3418 2.6887 1.6008 -2.9832 -4.0712 4.0174 -3.8582 0.2225 -1.7332 -2.5929 -1.038 -2.1262 -0.1785 -0.4055 0.9674 -1.4761 -0.6001 -0.742 -3.3878 -1.8704 1.2937 2.7765 -2.9723 -0.6739 -2.3941 -3.9538 -3.9267 2.2782 3.1969 0.7086 -2.0928 1.337 3.5722 2.0977 1.8257 2.2998 3.8023 
-2.1268 -1.0437 2.7477 -2.046 0.1152 -0.785 -2.3702 -2.8439 1.3187 -3.2451 -1.9327 3.4752 2.4805 1.549 0.474 -2.5468 -2.3097 1.8455 -0.5869 -0.7224 -1.0181 0.9911 0.2517 -1.0924 0.7208 -2.2802 0.9284 1.3042 2.1377 -0.216 0.015 0.9856 -1.9014 -1.7339 3.7543 -0.4968 1.4519 -1.996 4.0618 2.2032 0.2963 0.4934 -3.6057 1.5093 -3.7133 -1.9598 3.2674 -3.0795 3.1039 -1.101 4.0543 1.3852 -3.8577 -2.945 0.4747 -0.6716 3.0785 2.5817 2.2654 1.0706 1.9258 -3.0553 3.187 2.5681 -0.0527 1.9067 -3.6086 3.5046 1.2526 -3.8974 2.0786 0.3136 2.7069 1.6051 -2.9346 4.0637 4.0291 -3.8462 0.2301 -1.7369 -2.5667 -1.0254 -2.1225 -0.1873 -0.3857 0.9647 -1.4768 -0.6207 -0.7198 -3.3775 -1.8937 1.3086 2.7753 -2.9889 -0.6686 -2.3923 -3.975 -3.9144 2.257 3.1866 0.6964 -2.0916 1.3402 3.5868 2.1163 1.8171 2.3053 3.791 
-2.1246 -1.0232 2.749 -2.0284 0.1116 -0.7985 -2.4063 -2.8293 1.3059 -3.2598 -1.9216 3.4617 2.4599 1.5454 0.4823 -2.5332 -2.3232 1.8549 -0.6104 -0.7157 -1.0261 1.0103 0.2801 -1.0973 0.7333 -2.3185 0.9329 1.3034 2.1616 -0.253 -0.0148 0.9666 -1.8858 -1.7507 3.7668 -0.5246 1.4717 -1.9907 4.0595 2.232 0.2753 0.5167 -3.6221 1.5356 -3.7083 -1.925 3.2329 -3.0824 3.1201 -1.0963 4.0298 1.3792 -3.8702 -2.9414 0.4982 -0.6721 3.0551 2.5528 2.2697 1.0607 1.9361 -3.0219 3.1727 2.5771 -0.0308 1.8721 -3.5937 3.5147 1.2543 -3.9224 2.0803 0.2828 2.7283 1.6095 -2.8909 4.0555 4.0408 -3.8344 0.238 -1.7405 -2.5414 -1.0128 -2.1186 -0.1963 -0.3664 0.9621 -1.4774 -0.6413 -0.6979 -3.367 -1.9173 1.323 2.7742 -3.0054 -0.6619 -2.3917 -3.9961 -3.9019 2.2359 3.1763 0.6843 -2.0904 1.3426 3.6013 2.137 1.809 2.3125 3.7796 
-2.1223 -1.0027 2.761 -2.0018 0.1081 -0.8119 -2.4428 -2.8148 1.2928 -3.2745 -1.9104 3.4479 2.4391 1.5262 0.4906 -2.5195 -2.3357 1.8643 -0.6344 -0.709 -1.0349 1.0297 0.3082 -1.1022 0.7459 -2.3565 0.9374 1.304 2.184 -0.2899 -0.0449 0.9478 -1.87 -1.7657 3.7793 -0.5524 1.4922 -1.9847 4.0572 2.2607 0.2547 0.5401 -3.6383 1.5602 -3.7035 -1.8904 3.1998 -3.085 3.1362 -1.0918 4.0053 1.3732 -3.883 -2.9379 0.5218 -0.6726 3.0324 2.5241 2.273 1.0507 1.9355 -2.989 3.1586 2.5862 -0.0091 1.8362 -3.5789 3.5248 1.2556 -3.9471 2.0969 0.2507 2.7513 1.6141 -2.8567 4.0476 4.0525 -3.8229 0.2463 -1.7441 -2.5171 -1.0003 -2.1147 -0.2053 -0.3474 0.9596 -1.4781 -0.6621 -0.6762 -3.3563 -1.9412 1.3373 2.773 -3.0219 -0.6539 -2.3929 -4.0172 -3.889 2.2147 3.166 0.6723 -2.0895 1.3441 3.6158 2.1594 1.8014 2.3216 3.7681 
-2.1198 -0.9821 2.7823 -1.9626 0.1045 -0.825 -2.4794 -2.8002 1.2795 -3.2891 -1.8991 3.4337 2.4181 1.4964 0.4989 -2.5058 -2.347 1.8737 -0.6587 -0.7024 -1.0443 1.0495 0.3362 -1.107 0.7587 -2.3943 0.9419 1.3053 2.2043 -0.3266 -0.0752 0.929 -1.8542 -1.7785 3.7917 -0.5802 1.5134 -1.9775 4.0546 2.2893 0.2345 0.5636 -3.6543 1.5835 -3.6986 -1.8558 3.1697 -3.0875 3.1522 -1.0874 3.9807 1.3672 -3.8962 -2.9346 0.5454 -0.6732 3.0111 2.4954 2.274 1.0406 1.9253 -2.957 3.1446 2.5955 0.0124 1.7998 -3.5641 3.535 1.2566 -3.9717 2.1229 0.2179 2.7746 1.6188 -2.8354 4.04 4.064 -3.8117 0.2549 -1.7477 -2.494 -0.9879 -2.1107 -0.2144 -0.3284 0.9573 -1.4787 -0.6831 -0.6546 -3.3455 -1.9652 1.3514 2.7719 -3.0383 -0.6449 -2.3963 -4.0384 -3.8758 2.1935 3.1556 0.6603 -2.0886 1.3446 3.6302 2.1832 1.7942 2.3325 3.7565 
-2.1172 -0.9614 2.8091 -1.912 0.1009 -0.8381 -2.5161 -2.7857 1.2664 -3.3038 -1.8878 3.4193 2.3969 1.4622 0.5072 -2.4921 -2.3574 1.883 -0.6834 -0.6958 -1.0539 1.0695 0.364 -1.1118 0.7716 -2.4321 0.9464 1.3068 2.2229 -0.363 -0.1056 0.9104 -1.8384 -1.7886 3.8041 -0.6082 1.5354 -1.9681 4.052 2.3178 0.2145 0.5871 -3.6705 1.6058 -3.6938 -1.8214 3.1449 -3.0898 3.1683 -1.0832 3.956 1.3613 -3.9098 -2.9318 0.569 -0.674 2.9936 2.4669 2.2702 1.0305 1.9092 -2.927 3.1308 2.605 0.0337 1.7636 -3.5492 3.5452 1.2571 -3.996 2.1496 0.1848 2.7979 1.6236 -2.8258 4.0325 -4.068 -3.8007 0.2636 -1.7512 -2.4718 -0.9755 -2.1065 -0.2235 -0.3092 0.955 -1.4794 -0.7043 -0.6332 -3.3345 -1.9895 1.3656 2.7708 -3.0547 -0.6352 -2.4018 -4.0596 -3.8623 2.1722 3.1452 0.6483 -2.088 1.3441 3.6445 2.2079 1.7876 2.3449 3.7448 
-2.1144 -0.9408 2.8383 -1.8546 0.0973 -0.851 -2.5529 -2.7714 1.2535 -3.3185 -1.8763 3.4047 2.3754 1.4268 0.5155 -2.4784 -2.3671 1.8922 -0.7083 -0.6892 -1.0638 1.0898 0.3918 -1.1166 0.7846 -2.4697 0.9509 1.3085 2.2401 -0.3993 -0.1361 0.8919 -1.8225 -1.7965 3.8166 -0.6363 1.5578 -1.9557 4.0493 2.3462 0.1944 0.6106 -3.6881 1.6277 -3.6889 -1.7872 3.1284 -3.0919 3.1844 -1.0792 3.9312 1.3554 -3.9237 -2.93 0.5928 -0.6748 2.9849 2.4383 2.2589 1.0204 1.8904 -2.8999 3.1169 2.6146 0.0549 1.7276 -3.5328 3.5556 1.2573 -4.0203 2.1689 0.1517 2.821 1.6286 -2.8233 4.0253 -4.0567 -3.7899 0.2725 -1.7546 -2.4502 -0.9631 -2.1023 -0.2325 -0.2898 0.9528 -1.4801 -0.7255 -0.6118 -3.3232 -2.014 1.3797 2.7697 -3.071 -0.625 -2.4086 4.0625 -3.8485 2.1508 3.1347 0.6364 -2.0874 1.3428 3.6587 2.2332 1.7814 2.3581 3.7328 
-2.1113 -0.9201 2.8683 -1.7941 0.0937 -0.8638 -2.5897 -2.7572 1.241 -3.3332 -1.8646 3.39 2.3538 1.3912 0.5238 -2.4646 -2.3766 1.9011 -0.7333 -0.6827 -1.0736 1.1103 0.4195 -1.1214 0.7977 -2.5073 0.9554 1.31 2.2566 -0.4355 -0.1667 0.8735 -1.8068 -1.8026 3.829 -0.6647 1.5806 -1.9395 4.0466 2.3745 0.1742 0.6342 -3.7096 1.6493 -3.6841 -1.7531 3.1216 -3.0938 3.2006 -1.0753 3.9064 1.3496 -3.9381 -2.9299 0.6167 -0.6757 2.9916 2.4099 2.2384 1.0101 1.8703 -2.8764 3.103 2.6244 0.0759 1.6918 -3.5123 3.566 1.2572 -4.0446 2.1731 0.1188 2.8438 1.6336 -2.8241 4.0181 -4.0457 -3.7793 0.2814 -1.758 -2.4289 -0.9507 -2.0979 -0.2415 -0.2702 0.9506 -1.4807 -0.747 -0.5905 -3.3118 -2.0386 1.3938 2.7686 -3.0872 -0.6146 -2.4155 4.0412 -3.8343 2.1294 3.1242 0.6245 -2.087 1.341 3.6727 2.2588 1.7756 2.3717 3.7206 
-2.1081 -0.8996 2.8984 -1.7327 0.0901 -0.8765 -2.6263 -2.7432 1.2287 -3.348 -1.8528 3.3754 2.3319 1.3556 0.5322 -2.4509 -2.3858 1.9099 -0.7583 -0.6761 -1.0834 1.1308 0.4472 -1.1263 0.811 -2.5448 0.9598 1.3115 2.273 -0.4715 -0.1972 0.8552 -1.7913 -1.8076 3.8416 -0.6935 1.6034 -1.9193 4.0438 2.4028 0.1539 0.6579 -3.7363 1.6707 -3.6793 -1.7193 3.1233 -3.0956 3.2168 -1.0716 3.8815 1.3439 -3.9528 -2.9323 0.6408 -0.6767 3.0149 2.3814 2.2092 0.9998 1.8496 -2.8568 3.0891 2.6343 0.0968 1.6563 -3.4868 3.5765 1.2568 -4.0688 2.1612 0.086 2.8663 1.6386 -2.8262 4.0112 -4.0347 -3.769 0.2901 -1.7614 -2.4077 -0.9379 -2.0934 -0.2501 -0.2504 0.9486 -1.4814 -0.7685 -0.5692 -3.3002 -2.0634 1.4081 2.7675 -3.1035 -0.6041 -2.421 4.0198 -3.8198 2.1078 3.1137 0.6127 -2.0867 1.3388 3.6867 2.2847 1.7702 2.3854 3.7082 
-2.1046 -0.8792 2.9283 -1.6711 0.0864 -0.8891 -2.6628 -2.7296 1.2169 -3.3629 -1.8408 3.3609 2.3099 1.3204 0.5405 -2.4371 -2.3949 1.9186 -0.7833 -0.6696 -1.0932 1.1506 0.4751 -1.1312 0.8243 -2.5823 0.9641 1.3129 2.2899 -0.5074 -0.2277 0.8369 -1.7761 -1.8118 3.8542 -0.7229 1.6261 -1.8955 4.0409 2.4309 0.1334 0.6816 -3.7659 1.6922 -3.6746 -1.6857 3.1306 -3.0975 3.2331 -1.0681 3.8565 1.3383 -3.9679 -2.9378 0.6651 -0.6778 3.0484 2.3531 2.1742 0.9894 1.8287 -2.8406 3.0751 2.6443 0.1176 1.621 -3.4582 3.5871 1.2563 4.0502 2.1398 0.0532 2.8884 1.6437 -2.8287 4.0043 -4.0238 -3.7589 0.2986 -1.7647 -2.3865 -0.9249 -2.0886 -0.2583 -0.2304 0.9466 -1.482 -0.7902 -0.5479 -3.2885 -2.0881 1.4223 2.7665 -3.1196 -0.5937 -2.4242 3.9984 -3.805 2.0863 3.1032 0.6013 -2.0865 1.3365 3.7006 2.3106 1.7651 2.3992 3.6955 
-2.1009 -0.859 2.9579 -1.6096 0.0827 -0.9016 -2.6989 -2.7163 1.2053 -3.3777 -1.8285 3.3466 2.2877 1.2857 0.5489 -2.4233 -2.4039 1.927 -0.8083 -0.6633 -1.1029 1.168 0.5034 -1.1362 0.8378 -2.6197 0.9683 1.3143 2.3072 -0.5432 -0.2581 0.8187 -1.7612 -1.8158 3.8669 -0.7532 1.6487 -1.869 4.038 2.459 0.1126 0.7053 -3.7964 1.7138 -3.67 -1.6523 3.1407 -3.0996 3.2495 -1.0648 3.8314 1.3328 -3.9832 -2.9462 0.6897 -0.6789 3.0863 2.3247 2.1358 0.9789 1.8075 -2.8269 3.0611 2.6543 0.1384 1.5858 -3.4286 3.5978 1.2557 4.0259 2.1159 0.0202 2.91 1.6489 -2.8313 3.9976 -4.013 -3.7489 0.3065 -1.7679 -2.3653 -0.9112 -2.0837 -0.2657 -0.2102 0.9448 -1.4827 -0.812 -0.5265 -3.2765 -2.1128 1.4366 2.7654 -3.1358 -0.5836 -2.4247 3.9771 -3.7898 2.0646 3.0926 0.5907 -2.0863 1.334 3.7146 2.3366 1.7602 2.4129 3.6826 
-2.0969 -0.8389 2.9873 -1.5484 0.0793 -0.914 -2.7344 -2.7036 1.1938 -3.3925 -1.8161 3.3327 2.2653 1.2521 0.5572 -2.4095 -2.4128 1.9353 -0.8333 -0.6573 -1.1125 1.1802 0.5324 -1.1412 0.8513 -2.6571 0.9723 1.3158 2.325 -0.5789 -0.2884 0.8006 -1.7469 -1.8195 3.8796 -0.7845 1.6711 -1.8406 4.0351 2.487 0.0917 0.7291 -3.8272 1.7355 -3.6655 -1.6192 3.1517 -3.1021 3.2658 -1.0617 3.8062 1.3273 -3.9988 -2.9572 0.7144 -0.6802 3.1252 2.2964 2.0961 0.9683 1.7863 -2.8149 3.047 2.6644 0.159 1.5507 -3.399 3.6086 1.2549 4.0016 2.0949 -0.0133 2.9312 1.6544 -2.8339 3.9909 -4.0023 -3.7392 0.3138 -1.771 -2.3442 -0.8968 -2.0786 -0.2722 -0.1897 0.943 -1.4833 -0.834 -0.505 -3.2644 -2.1373 1.4509 2.7643 -3.1518 -0.5741 -2.423 3.9565 -3.7742 2.0429 3.082 0.5813 -2.0862 1.3315 3.7287 2.3626 1.7555 2.4265 3.6695 
-2.0926 -0.8191 3.0165 -1.4874 0.0762 -0.9263 -2.7692 -2.6913 1.182 -3.4073 -1.8036 3.3192 2.2427 1.2195 0.5656 -2.3957 -2.4215 1.9434 -0.8582 -0.6519 -1.1222 1.1838 0.5622 -1.1463 0.8649 -2.6944 0.9762 1.3174 2.3429 -0.6145 -0.3187 0.7825 -1.7332 -1.8231 3.8925 -0.817 1.6933 -1.8112 4.0321 2.515 0.0704 0.753 -3.8579 1.7574 -3.6612 -1.5863 3.1625 -3.1051 3.2821 -1.0588 3.7809 1.3218 -4.0146 -2.9698 0.7392 -0.6816 3.1626 2.2681 2.0558 0.9575 1.7652 -2.8037 3.0328 2.6746 0.1796 1.5156 -3.3694 3.6194 1.254 3.9772 2.0811 -0.0478 2.952 1.6605 -2.8365 3.9843 -3.9916 -3.7296 0.3201 -1.7741 -2.323 -0.8816 -2.0732 -0.2775 -0.169 0.9412 -1.4838 -0.856 -0.4833 -3.2521 -2.1616 1.4652 2.7633 -3.1678 -0.5654 -2.4197 3.938 -3.7583 2.0212 3.0714 0.5737 -2.0861 1.3289 3.7434 2.3886 1.7509 2.44 3.6563 
-2.0881 -0.7995 3.0455 -1.4266 0.0742 -0.9385 -2.803 -2.6796 1.1686 -3.4235 -1.791 3.3061 2.2201 1.1877 0.574 -2.3819 -2.4301 1.9514 -0.8833 -0.6477 -1.1318 1.1775 0.5929 -1.1512 0.8785 -2.7317 0.98 1.3191 2.361 -0.65 -0.3489 0.7645 -1.7201 -1.8267 3.9057 -0.8508 1.7153 -1.7812 4.0291 2.5429 0.049 0.777 -3.8885 1.7798 -3.6571 -1.5538 3.1724 -3.109 3.2985 -1.056 3.7555 1.3159 -4.0307 -2.9835 0.7639 -0.6831 3.1952 2.2398 2.0156 0.9466 1.7448 -2.7928 3.0184 2.6848 0.2001 1.4805 -3.3388 3.6303 1.2529 3.9528 2.0765 -0.0835 2.9724 1.6683 -2.8391 3.9776 -3.9811 -3.7203 0.3254 -1.7771 -2.3019 -0.8654 -2.0675 -0.2817 -0.1481 0.9395 -1.4843 -0.8782 -0.4616 -3.2397 -2.1856 1.4796 2.7622 -3.1838 -0.5576 -2.4156 3.9245 -3.7419 1.9994 3.0607 0.5682 -2.086 1.3263 3.7589 2.4148 1.7464 2.4534 3.643 
-2.0832 -0.7802 3.0744 -1.3659 0.0739 -0.9507 -2.8359 -2.6684 1.1516 -3.4421 -1.7785 3.2934 2.1973 1.1563 0.5824 -2.368 -2.4385 1.9593 -0.9083 -0.6454 -1.1415 1.163 0.6247 -1.156 0.8922 -2.769 0.9837 1.321 2.3792 -0.6855 -0.3791 0.7465 -1.7077 -1.8303 3.9193 -0.8858 1.7371 -1.7509 4.0262 2.5708 0.0274 0.801 -3.9191 1.8026 -3.6532 -1.5215 3.1806 -3.1137 3.3147 -1.0536 3.7299 1.3091 -4.0469 -2.9977 0.7882 -0.6847 3.2182 2.2115 1.9756 0.9359 1.7262 -2.7819 3.004 2.6951 0.2205 1.4453 -3.3061 3.6412 1.2514 3.9283 2.08 -0.1205 2.9924 1.6798 -2.8418 3.971 -3.9705 -3.7111 0.3295 -1.78 -2.2809 -0.8482 -2.0616 -0.2848 -0.1268 0.9378 -1.4847 -0.9005 -0.4399 -3.2272 -2.2094 1.4939 2.7611 -3.1996 -0.5506 -2.411 3.9206 -3.7251 1.9775 3.05 0.5648 -2.0859 1.3237 3.7757 2.441 1.742 2.4666 3.6296 
-2.0779 -0.7612 3.1032 -1.3055 0.0762 -0.9628 -2.8678 -2.6578 1.1285 -3.4623 -1.7661 3.2811 2.1746 1.1249 0.5908 -2.3541 -2.4468 1.967 -0.9335 -0.6458 -1.1512 1.1432 0.6572 -1.1605 0.906 -2.8063 0.9874 1.323 2.3975 -0.721 -0.4094 0.7285 -1.696 -1.8338 3.9337 -0.9217 1.7586 -1.7206 4.0235 2.5986 0.0059 0.8252 -3.9496 1.8261 -3.6496 -1.4896 3.1865 -3.1192 3.3309 -1.0513 3.7042 1.3002 -4.0634 -3.0122 0.8117 -0.6864 3.2291 2.1832 1.9359 0.9255 1.7112 -2.7708 2.9896 2.7055 0.2409 1.4101 -3.2721 3.6522 1.2493 3.9037 2.089 -0.1586 3.0122 1.697 -2.8445 3.9643 -3.96 -3.7021 0.3323 -1.7828 -2.2598 -0.8303 -2.0554 -0.287 -0.1049 0.936 -1.485 -0.9228 -0.4184 -3.2145 -2.233 1.5083 2.76 -3.2154 -0.5442 -2.4063 3.9287 -3.7079 1.9556 3.0392 0.5632 -2.0858 1.3212 3.794 2.4673 1.7376 2.4797 3.6161 
-2.0724 -0.7426 3.1319 -1.2451 0.0817 -0.9749 -2.899 -2.6475 1.0986 -3.483 -1.7542 3.2691 2.1518 1.0937 0.5992 -2.3402 -2.4549 1.9747 -0.9588 -0.6496 -1.161 1.1207 0.6903 -1.1644 0.9197 -2.8435 0.9913 1.325 2.4158 -0.7564 -0.4396 0.7105 -1.6849 -1.8373 3.9491 -0.9584 1.7799 -1.6903 4.0211 2.6264 -0.015 0.8494 -3.98 1.8505 -3.6463 -1.458 3.1893 -3.1254 3.347 -1.0492 3.6784 1.2879 4.0631 -3.0268 0.8339 -0.6883 3.2302 2.1549 1.8963 0.9164 1.702 -2.7594 2.975 2.7158 0.2613 1.3747 -3.238 3.6632 1.2466 3.8791 2.1008 -0.1976 3.0318 1.7203 -2.8473 3.9576 -3.9496 -3.6933 0.3331 -1.7856 -2.2388 -0.8122 -2.049 -0.2885 -0.0824 0.934 -1.4852 -0.9453 -0.3974 -3.2016 -2.2564 1.5226 2.7588 -3.2311 -0.5384 -2.4017 3.9462 -3.6903 1.9334 3.0286 0.5628 -2.0857 1.3186 3.8143 2.4939 1.7334 2.4927 3.6027 
-2.0665 -0.7242 3.1605 -1.1848 0.0905 -0.9869 -2.9297 -2.6376 1.063 -3.5039 -1.743 3.2573 2.1292 1.0625 0.6077 -2.3263 -2.4629 1.9824 -0.9842 -0.6569 -1.1706 1.097 0.7238 -1.1675 0.9335 -2.8807 0.9959 1.3269 2.4343 -0.7917 -0.4699 0.6925 -1.6743 -1.8406 3.9661 -0.9956 1.8009 -1.6601 4.0193 2.6543 -0.0339 0.8737 -4.0104 1.876 -3.6433 -1.4268 3.1886 -3.1319 3.3631 -1.0473 3.6523 1.271 4.0461 -3.0414 0.8542 -0.6903 3.2258 2.1266 1.8569 0.9105 1.7006 -2.7477 2.9605 2.7257 0.2817 1.3394 -3.2041 3.6742 1.2429 3.8545 2.114 -0.237 3.0514 1.7482 -2.8502 3.9507 -3.9391 -3.6846 0.3304 -1.7883 -2.2177 -0.7954 -2.0425 -0.2895 -0.0588 0.9315 -1.4853 -0.9679 -0.3775 -3.1886 -2.2798 1.5369 2.7577 -3.2468 -0.5327 -2.3972 3.9687 -3.6723 1.9111 3.0183 0.5631 -2.0854 1.3161 3.8367 2.5208 1.7292 2.5056 3.5893 
-2.0602 -0.7062 3.1891 -1.1245 0.1021 -0.9989 -2.9601 -2.6279 1.0236 -3.5247 -1.7327 3.2458 2.1067 1.0315 0.6161 -2.3123 -2.4707 1.99 -1.0097 -0.6672 -1.1801 1.0729 0.7575 -1.1695 0.9473 -2.918 1.0018 1.3287 2.4529 -0.8271 -0.5003 0.6745 -1.6643 -1.8439 3.985 -1.0331 1.8217 -1.63 4.0183 2.6822 -0.0479 0.8981 -4.0408 1.9028 -3.6406 -1.3959 3.1841 -3.1387 3.3792 -1.0457 3.6261 1.2498 4.0289 -3.056 0.8724 -0.6924 3.2188 2.0982 1.8176 0.9106 1.7073 -2.7357 2.9458 2.7338 0.302 1.3043 -3.1705 3.6852 1.2381 3.8298 2.1277 -0.2768 3.071 1.7787 -2.8531 3.9436 -3.9287 -3.6761 0.3214 -1.7909 -2.1967 -0.7826 -2.0361 -0.2902 -0.0339 0.9278 -1.4852 -0.9907 -0.3593 -3.1754 -2.3032 1.5511 2.7565 -3.2625 -0.5271 -2.393 3.9931 -3.6539 1.8886 3.0098 0.5639 -2.0851 1.3136 3.861 2.5481 1.7251 2.5185 3.5759 
-2.0536 -0.6886 3.2176 -1.0643 0.1158 -1.0109 -2.9904 -2.6185 0.9822 -3.5455 -1.7237 3.2344 2.0845 1.0006 0.6246 -2.2983 -2.4785 1.9976 -1.0355 -0.6796 -1.189 1.0488 0.7914 -1.1701 0.9611 -2.9552 1.0101 1.3301 2.4716 -0.8624 -0.5307 0.6564 -1.6549 -1.8471 4.006 -1.0708 1.8423 -1.5999 4.0185 2.7102 -0.0533 0.9227 -4.0713 1.9308 -3.6382 -1.3654 3.1758 -3.1455 3.3954 -1.0442 3.5997 1.2257 4.0114 -3.0706 0.8882 -0.6947 3.21 2.0698 1.7784 0.9187 1.7206 -2.7233 2.9312 2.7374 0.3224 1.2697 -3.1373 3.6962 1.2322 3.805 2.1416 -0.3166 3.0906 1.8103 -2.8562 3.9364 -3.9183 -3.6676 0.3043 -1.7934 -2.1758 -0.7777 -2.03 -0.2907 -0.0076 0.9219 -1.4851 -1.0135 -0.3431 -3.162 -2.3266 1.5653 2.7552 -3.2782 -0.5213 -2.3891 4.0182 -3.635 1.8658 3.0054 0.5647 -2.0846 1.3112 3.8869 2.5757 1.7211 2.5312 3.5625 
-2.0467 -0.6713 3.2461 -1.0041 0.1307 -1.0228 -3.0206 -2.6091 0.9397 -3.5664 -1.7162 3.2232 2.0628 0.9699 0.6331 -2.2842 -2.4861 2.0052 -1.0614 -0.6935 -1.197 1.0249 0.8252 -1.1691 0.9749 -2.9924 1.0216 1.3311 2.4905 -0.8976 -0.5614 0.6384 -1.6462 -1.8502 4.0289 -1.1085 1.8626 -1.57 4.0201 2.7383 -0.0476 0.9473 4.0416 1.96 -3.6359 -1.3352 3.1644 -3.1523 3.4122 -1.0428 3.573 1.1999 3.9933 -3.0851 0.9018 -0.6972 3.1997 2.0412 1.7392 0.9341 1.7389 -2.7105 2.9165 2.735 0.3428 1.2365 -3.1044 3.7071 1.2252 3.7803 2.1555 -0.3564 3.1103 1.8422 -2.8594 3.929 -3.9079 -3.6593 0.2798 -1.7959 -2.1548 -0.7829 -2.0247 -0.2911 0.0194 0.9127 -1.4848 -1.0366 -0.3289 -3.1483 -2.3502 1.5795 2.7539 -3.2939 -0.5155 -2.3855 4.0434 -3.6157 1.8429 3.0065 0.5656 -2.084 1.3088 3.9142 2.6037 1.7171 2.5439 3.5493 
-2.0395 -0.6543 3.2746 -0.9438 0.1463 -1.0348 -3.0509 -2.5999 0.8968 -3.5873 -1.7101 3.212 2.0416 0.9393 0.6416 -2.2701 -2.4936 2.0129 -1.0875 -0.7081 -1.2036 1.0011 0.859 -1.1666 0.9888 -3.0297 1.0364 1.3314 2.5094 -0.9329 -0.5922 0.6203 -1.6387 -1.8531 4.0535 -1.1463 1.8826 -1.5403 4.0233 2.7665 -0.0326 0.9722 4.0111 1.9903 -3.6332 -1.3054 3.1505 -3.1591 3.4301 -1.0415 3.5461 1.1735 3.9743 -3.0995 0.9135 -0.6998 3.1878 2.0126 1.7 0.9543 1.7604 -2.6974 2.9018 2.7284 0.3631 1.2057 -3.0719 3.7182 1.2175 3.7554 2.1693 -0.3962 3.13 1.8742 -2.8627 3.9213 -3.8975 -3.651 0.2507 -1.7982 -2.1338 -0.7956 -2.0206 -0.2916 0.0462 0.8994 -1.4845 -1.0597 -0.3162 -3.1345 -2.374 1.5936 2.7526 -3.3096 -0.5095 -2.3821 4.0686 -3.596 1.8197 3.0106 0.5663 -2.0832 1.3064 3.9423 2.632 1.7133 2.5565 3.5361 
-2.0322 -0.6376 3.3031 -0.8835 0.1621 -1.0467 -3.0812 -2.5907 0.854 -3.6083 -1.7055 3.2003 2.021 0.9089 0.6501 -2.2559 -2.501 2.0206 -1.1138 -0.7232 -1.2083 0.9775 0.8925 -1.1625 1.0027 -3.067 1.0543 1.3309 2.5285 -0.9681 -0.6232 0.6021 -1.6333 -1.856 -4.0641 -1.1839 1.9024 -1.5111 4.0282 2.7948 -0.0122 0.9972 3.9806 2.0215 -3.6293 -1.2759 3.1349 -3.1658 3.4502 -1.0403 3.519 1.1468 3.9536 -3.1139 0.9237 -0.7025 3.1743 1.9838 1.6607 0.9767 1.784 -2.684 2.887 2.72 0.3835 1.1787 -3.0396 3.7298 1.2092 3.7306 2.1831 -0.4358 3.1497 1.9061 -2.866 3.9133 -3.8872 -3.6427 0.2195 -1.8005 -2.1129 -0.8109 -2.0183 -0.2921 0.0721 0.881 -1.4841 -1.083 -0.3042 -3.1204 -2.3979 1.6077 2.7512 -3.3252 -0.5033 -2.3791 -4.0495 -3.576 1.7965 3.0141 0.567 -2.0822 1.3041 3.9709 2.6605 1.7096 2.5691 3.523 
-2.0248 -0.6211 3.3317 -0.8232 0.1777 -1.0586 -3.1116 -2.5815 0.8114 -3.6294 -1.7019 3.1873 2.0011 0.8788 0.6586 -2.2417 -2.5083 2.0284 -1.1404 -0.7385 -1.2108 0.954 0.9257 -1.1573 1.017 -3.1043 1.0749 1.3296 2.5478 -1.0033 -0.6544 0.584 -1.6316 -1.8586 -4.0376 -1.2215 1.9219 -1.4829 4.0348 2.8232 0.0108 1.0223 3.9502 2.0533 -3.6229 -1.2468 3.1184 -3.1724 3.4737 -1.0389 3.4916 1.1202 3.9299 -3.1283 0.9332 -0.7054 3.1593 1.9549 1.6213 1.0001 1.8086 -2.6703 2.8721 2.7112 0.4038 1.1556 -3.0077 3.743 1.2007 3.7056 2.1968 -0.4752 3.1695 1.9379 -2.8695 3.9052 -3.8768 -3.6344 0.1874 -1.8027 -2.092 -0.824 -2.0181 -0.2926 0.0965 0.8578 -1.4836 -1.1065 -0.2927 -3.106 -2.4221 1.6217 2.7497 -3.3408 -0.497 -2.3763 -4.0243 -3.5557 1.7732 3.0146 0.5676 -2.081 1.3019 3.9999 2.689 1.7061 2.5816 3.51 
-2.0176 -0.6048 3.3604 -0.7628 0.1929 -1.0705 -3.1421 -2.5724 0.7689 -3.6506 -1.6992 3.1712 1.9819 0.8488 0.6672 -2.2274 -2.5152 2.0362 -1.1671 -0.7539 -1.2109 0.9307 0.9581 -1.1511 1.0319 -3.1418 1.0977 1.3274 2.5671 -1.0384 -0.6856 0.566 -1.6352 -1.8612 -4.0108 -1.259 1.9411 -1.4563 4.0428 2.8515 0.0348 1.0477 3.9197 2.0857 -3.6127 -1.2181 3.1014 -3.1791 3.5013 -1.0372 3.4639 1.0936 3.9019 -3.1426 0.9423 -0.7085 3.1428 1.9259 1.5818 1.0238 1.8336 -2.6566 2.8572 2.7022 0.424 1.1354 -2.9761 3.7596 1.1923 3.6806 2.2106 -0.5144 3.1894 1.9697 -2.8731 3.897 -3.8664 -3.626 0.1553 -1.8049 -2.0712 -0.8311 -2.0202 -0.2934 0.1195 0.8313 -1.4832 -1.1301 -0.2811 -3.0913 -2.4466 1.6356 2.7482 -3.3564 -0.4906 -2.3737 -3.9991 -3.5352 1.75 3.0111 0.5681 -2.0795 1.2996 4.0289 2.7173 1.7027 2.5942 3.4972 
-2.0106 -0.5887 3.3891 -0.7025 0.2075 -1.0824 -3.1727 -2.5633 0.7265 -3.672 -1.6971 3.1504 1.9634 0.819 0.6758 -2.213 -2.5212 2.0442 -1.1939 -0.7693 -1.2089 0.9074 0.9895 -1.1444 1.0476 -3.1793 1.1219 1.3242 2.5866 -1.0735 -0.7163 0.5482 -1.6451 -1.8636 -3.9839 -1.2964 1.9601 -1.4321 4.052 2.8796 0.0593 1.0733 3.8891 2.1183 -3.598 -1.1898 3.0844 -3.1857 3.5322 -1.0352 3.436 1.0673 3.8694 -3.1568 0.9514 -0.7117 3.1253 1.8968 1.5421 1.0475 1.8588 -2.6435 2.8421 2.6932 0.4437 1.1169 -2.9447 3.7814 1.1843 3.6556 2.2243 -0.5534 3.2093 2.0015 -2.8768 3.8889 -3.856 -3.6175 0.1233 -1.807 -2.0504 -0.8304 -2.0243 -0.2944 0.1414 0.803 -1.4828 -1.1539 -0.2693 -3.076 -2.4712 1.6495 2.7465 -3.3719 -0.484 -2.3713 -3.9737 -3.5149 1.7268 3.0042 0.5687 -2.0777 1.2975 4.0578 2.7449 1.6994 2.6067 3.4844 
-2.0042 -0.5726 3.418 -0.6424 0.2212 -1.0944 -3.2034 -2.5543 0.6841 -3.6936 -1.6953 3.1246 1.9456 0.7894 0.6843 -2.1985 -2.525 2.0522 -1.221 -0.7847 -1.2053 0.8842 1.0198 -1.1373 1.0642 -3.2169 1.147 1.3202 2.6062 -1.1085 -0.7456 0.5307 -1.6608 -1.8658 -3.957 -1.3337 1.9787 -1.4116 4.062 2.9073 0.0838 1.099 3.8585 2.1512 -3.5796 -1.1618 3.0676 -3.1923 3.5651 -1.0324 3.4079 1.0411 3.8328 -3.171 0.9608 -0.715 3.1069 1.8675 1.5024 1.0711 1.8838 -2.6323 2.8268 2.6843 0.4626 1.0997 -2.9136 3.809 1.1771 3.6305 2.238 -0.5923 3.2292 2.0332 -2.8808 3.881 -3.8455 -3.609 0.0916 -1.809 -2.0296 -0.8218 -2.0299 -0.2959 0.1626 0.7738 -1.4826 -1.1779 -0.257 -3.0599 -2.496 1.6634 2.7449 -3.3873 -0.4774 -2.3688 -3.9483 -3.4953 1.7037 2.9951 0.5692 -2.0756 1.2954 -4.0567 2.7716 1.6963 2.6191 3.4718 
-1.9986 -0.5565 3.447 -0.583 0.2341 -1.1063 -3.2342 -2.5453 0.6417 -3.7154 -1.6935 3.0956 1.9283 0.76 0.6929 -2.1839 -2.5256 2.0604 -1.2482 -0.8001 -1.2006 0.8609 1.0496 -1.13 1.0814 -3.2546 1.1721 1.3155 2.6258 -1.1435 -0.7718 0.5138 -1.6805 -1.8679 -3.93 -1.3709 1.9971 -1.3964 -4.0707 2.9343 0.1083 1.1249 3.8278 2.1842 -3.5585 -1.1342 3.0511 -3.1988 3.5989 -1.0288 3.3796 1.015 3.7936 -3.1852 0.9706 -0.7185 3.088 1.8381 1.4631 1.0946 1.9086 -2.6239 2.8114 2.6753 0.4801 1.084 -2.8828 3.8408 1.1708 3.6054 2.2518 -0.631 3.2491 2.0649 -2.8849 3.8737 -3.8351 -3.6003 0.0601 -1.811 -2.0089 -0.8069 -2.0366 -0.298 0.1835 0.7445 -1.4825 -1.202 -0.2438 -3.0422 -2.5209 1.6771 2.7431 -3.4027 -0.4705 -2.3661 -3.9227 -3.4772 1.6806 2.9851 0.5698 -2.0732 1.2933 -4.0283 2.797 1.6934 2.6315 3.4593 
-1.9941 -0.5403 3.4761 -0.5249 0.2459 -1.1183 -3.2651 -2.5363 0.5993 -3.7373 -1.6918 3.0651 1.9115 0.7309 0.7015 -2.1693 -2.5239 2.0687 -1.2755 -0.8155 -1.1952 0.8377 1.0789 -1.1227 1.0987 -3.2924 1.1963 1.3101 2.6456 -1.1785 -0.7923 0.4979 -1.7025 -1.8698 -3.9029 -1.408 2.0153 -1.3887 -4.0598 2.9604 0.1327 1.1509 3.7969 2.2173 -3.5357 -1.107 3.0351 -3.2054 3.6331 -1.0239 3.3512 0.9891 3.7529 -3.1993 0.9807 -0.7221 3.0687 1.8086 1.4247 1.1179 1.9332 -2.6176 2.7958 2.6664 0.4955 1.0703 -2.8522 3.8748 1.1655 3.5802 2.2656 -0.6696 3.2692 2.0964 -2.8894 3.8671 -3.8246 -3.5916 0.0288 -1.8129 -1.9882 -0.7878 -2.0438 -0.301 0.2044 0.7152 -1.4826 -1.2264 -0.2293 -3.0224 -2.5458 1.6909 2.7413 -3.4179 -0.4636 -2.3627 -3.897 -3.4616 1.6577 2.9747 0.5704 -2.0703 1.2913 -4.0004 2.8212 1.6906 2.6439 3.447 
-1.991 -0.5241 3.5051 -0.4686 0.2568 -1.1303 -3.2961 -2.5274 0.557 -3.7592 -1.69 3.0345 1.8949 0.7019 0.7101 -2.1545 -2.5213 2.0771 -1.3032 -0.8309 -1.1895 0.8143 1.1081 -1.1155 1.116 -3.3303 1.2188 1.3042 2.6654 -1.2134 -0.8054 0.4832 -1.7257 -1.8715 -3.8754 -1.4451 2.0336 -1.3901 -4.0487 2.9853 0.1568 1.1766 3.7659 2.2505 -3.512 -1.0801 3.0194 -3.212 3.6674 -1.0174 3.3227 0.9633 3.7116 -3.2134 0.9911 -0.7258 3.0493 1.7791 1.3881 1.1409 1.9576 -2.612 2.78 2.6575 0.5085 1.0591 -2.8218 3.9093 1.1613 3.5549 2.2794 -0.7081 3.2895 2.1278 -2.8944 3.8614 -3.8141 -3.5826 -0.0022 -1.8147 -1.9676 -0.7662 -2.0513 -0.3053 0.2255 0.6862 -1.4829 -1.251 -0.2131 -3.0002 -2.5707 1.7046 2.7394 -3.433 -0.4565 -2.3584 -3.8711 -3.4493 1.6349 2.9641 0.5712 -2.067 1.2893 -3.9731 2.8445 1.6881 2.6564 3.4348 
-1.9894 -0.5078 3.5333 -0.4145 0.2669 -1.1423 -3.3272 -2.5185 0.5148 -3.7804 -1.688 3.0041 1.8784 0.6731 0.7187 -2.1396 -2.5184 2.0856 -1.3313 -0.8464 -1.1838 0.7909 1.1372 -1.1085 1.1334 -3.3684 1.2395 1.298 2.6854 -1.2482 -0.8116 0.4703 -1.7492 -1.8731 -3.8475 -1.482 2.0526 -1.3993 -4.0375 3.0088 0.1804 1.2015 3.7347 2.2838 -3.4876 -1.0536 3.0042 -3.2184 3.7017 -1.009 3.2942 0.9376 3.6701 -3.2275 1.0018 -0.7297 3.0298 1.7494 1.3533 1.1634 1.9817 -2.6067 2.7641 2.6486 0.5194 1.0503 -2.7915 3.9434 1.1581 3.5296 2.2933 -0.7464 3.3103 2.1587 -2.8998 3.8564 -3.8035 -3.5736 -0.0331 -1.8165 -1.947 -0.7432 -2.0588 -0.3114 0.247 0.6579 -1.4834 -1.2757 -0.195 -2.976 -2.5955 1.7183 2.7375 -3.448 -0.4493 -2.3528 -3.8452 -3.4401 1.6122 2.9534 0.572 -2.0631 1.2874 -3.9466 2.8673 1.6858 2.6689 3.4227 
-1.9894 -0.4914 3.5594 -0.3622 0.2762 -1.1544 -3.3585 -2.5096 0.4727 -3.7996 -1.6859 2.9738 1.862 0.6446 0.7272 -2.1246 -2.5154 2.0943 -1.3597 -0.8619 -1.178 0.7673 1.1661 -1.1016 1.1507 -3.4066 1.2587 1.2915 2.7054 -1.2829 -0.8135 0.4595 -1.7727 -1.8745 -3.8191 -1.5189 2.0733 -1.4137 -4.0264 3.0306 0.2032 1.2247 3.7032 2.3171 -3.4626 -1.0273 2.9893 -3.2247 3.7361 -0.9987 3.2658 0.912 3.6286 -3.2415 1.0127 -0.7336 3.0103 1.7196 1.32 1.1854 2.0056 -2.6014 2.7479 2.6397 0.5291 1.0432 -2.7614 3.9767 1.1556 3.5042 2.3073 -0.7847 3.3321 2.1889 -2.9057 3.852 -3.793 -3.5644 -0.0639 -1.8182 -1.9266 -0.7194 -2.0661 -0.3196 0.2688 0.6306 -1.4841 -1.3007 -0.1759 -2.9506 -2.6201 1.7319 2.7355 -3.4629 -0.4419 -2.3458 -3.8194 -3.4333 1.5896 2.9427 0.573 -2.0588 1.2856 -3.9209 2.89 1.6837 2.6819 3.4108 
-1.991 -0.475 3.5802 -0.311 0.285 -1.1665 -3.3899 -2.5008 0.4307 -3.8135 -1.6836 2.9437 1.8456 0.6163 0.7358 -2.1095 -2.5123 2.103 -1.3884 -0.8775 -1.1724 0.7436 1.195 -1.0949 1.168 -3.4449 1.2773 1.2849 2.7254 -1.3176 -0.8133 0.4511 -1.7958 -1.8757 -3.7902 -1.5558 2.097 -1.4309 -4.0152 3.0499 0.2248 1.2445 3.6716 2.3504 -3.437 -1.0014 2.9748 -3.2306 3.7706 -0.9867 3.2376 0.8864 3.5873 -3.2555 1.0237 -0.7377 2.991 1.6897 1.2876 1.2066 2.0294 -2.5963 2.7315 2.6308 0.5388 1.0372 -2.7314 4.009 1.1538 3.4787 2.3213 -0.823 3.3559 2.218 -2.9123 3.848 -3.7824 -3.5551 -0.0945 -1.8199 -1.9062 -0.6955 -2.0733 -0.3301 0.2911 0.6051 -1.4849 -1.3258 -0.1572 -2.9251 -2.6445 1.7456 2.7334 -3.4777 -0.4343 -2.3373 -3.7937 -3.428 1.5671 2.9319 0.5741 -2.0538 1.2837 -3.8959 2.9126 1.6819 2.6954 3.399 
-1.9939 -0.4585 3.5911 -0.2602 0.2934 -1.1786 -3.4215 -2.4919 0.389 -3.8176 -1.6811 2.9135 1.829 0.5883 0.7443 -2.0943 -2.5092 2.1119 -1.4173 -0.8931 -1.1669 0.7197 1.2237 -1.0884 1.1852 -3.4833 1.2957 1.2781 2.7455 -1.3522 -0.8123 0.445 -1.8183 -1.8768 -3.7609 -1.5925 2.1256 -1.4494 -4.0041 3.066 0.2445 1.2595 3.6397 2.3836 -3.4107 -0.9755 2.9606 -3.236 3.8052 -0.9732 3.2097 0.861 3.5463 -3.2695 1.0349 -0.7419 2.9718 1.6597 1.2559 1.227 2.0531 -2.5915 2.7149 2.6218 0.5495 1.0318 -2.7013 4.0403 1.1524 3.4532 2.3353 -0.8612 3.3825 2.2457 -2.9193 3.8442 -3.7717 -3.5456 -0.1251 -1.8215 -1.8859 -0.6715 -2.0803 -0.343 0.3138 0.5824 -1.4857 -1.3511 -0.1404 -2.9001 -2.6688 1.7592 2.7312 -3.4923 -0.4265 -2.3277 -3.7684 -3.4235 1.5446 2.921 0.5753 -2.0484 1.2819 -3.8714 2.9354 1.6803 2.7099 3.3873 
-1.9978 -0.4421 3.5896 -0.2095 0.3016 -1.1906 -3.4533 -2.4831 0.3474 -3.8093 -1.6786 2.8831 1.8123 0.5606 0.7528 -2.0791 -2.506 2.1209 -1.4459 -0.9087 -1.1615 0.6955 1.2524 -1.0822 1.2024 -3.5219 1.3138 1.2714 2.7657 -1.3867 -0.8112 0.4409 -1.8397 -1.8777 -3.7316 -1.6293 2.1599 -1.4686 -3.9931 3.0787 0.262 1.2687 3.6077 2.4168 -3.3837 -0.9496 2.9467 -3.2406 3.8397 -0.9589 3.1822 0.8356 3.5059 -3.2835 1.0461 -0.7461 2.9527 1.6295 1.2244 1.2469 2.0768 -2.5877 2.6982 2.6128 0.5617 1.0265 -2.6713 4.0706 1.1512 3.4276 2.3495 -0.8994 3.4124 2.2715 -2.9268 3.8404 -3.761 -3.5361 -0.1557 -1.823 -1.8657 -0.6477 -2.0871 -0.3579 0.3367 0.5635 -1.4866 -1.3763 -0.1268 -2.8756 -2.693 1.7728 2.729 -3.5068 -0.4185 -2.3174 -3.7438 -3.419 1.5222 2.91 0.5767 -2.0425 1.2802 -3.8472 2.9583 1.679 2.7256 3.3756 
-2.0026 -0.4258 3.5781 -0.1588 0.3097 -1.2027 -3.4852 -2.4744 0.3059 -3.7911 -1.6759 2.8524 1.7954 0.5332 0.7613 -2.0638 -2.5028 2.13 -1.4743 -0.9244 -1.1563 0.6712 1.2809 -1.0761 1.2197 -3.5606 1.3318 1.2648 2.7859 -1.4211 -0.8102 0.4383 -1.8588 -1.8784 -3.7022 -1.666 2.1995 -1.4883 -3.9821 3.0886 0.277 1.2727 3.5756 2.4497 -3.3561 -0.9235 2.933 -3.2444 3.8736 -0.9442 3.1552 0.8103 3.4663 -3.2974 1.0573 -0.7505 2.9338 1.5994 1.1931 1.267 2.1004 -2.5859 2.6811 2.6038 0.5756 1.0211 -2.6411 -4.0431 1.1502 3.4019 2.3636 -0.9376 3.4451 2.2952 -2.9347 3.8365 -3.7503 -3.5264 -0.1862 -1.8246 -1.8456 -0.624 -2.0937 -0.3745 0.3593 0.5492 -1.4875 -1.4015 -0.1168 -2.8516 -2.7173 1.7865 2.7267 -3.5212 -0.4102 -2.3066 -3.7199 -3.4137 1.4999 2.8989 0.5782 -2.0363 1.2785 -3.8231 2.9814 1.678 2.7426 3.3638 
-2.0078 -0.4095 3.5612 -0.1079 0.3177 -1.2148 -3.5173 -2.4656 0.2646 -3.7675 -1.6731 2.821 1.7782 0.506 0.7697 -2.0486 -2.4995 2.1392 -1.5025 -0.9401 -1.1511 0.6467 1.3094 -1.0701 1.2371 -3.5994 1.3496 1.2588 2.8062 -1.4554 -0.8094 0.4366 -1.874 -1.879 -3.6728 -1.7027 2.2429 -1.5085 -3.971 3.0967 0.2889 1.2733 3.5436 2.4825 -3.3278 -0.8971 2.9195 -3.2472 3.9046 -0.9293 3.1288 0.785 3.4277 -3.3113 1.0685 -0.7549 2.9151 1.5691 1.1634 1.2874 2.1239 -2.5878 2.6638 2.5946 0.5909 1.0151 -2.6108 -4.0143 1.1492 3.3761 2.3779 -0.9758 3.4795 2.3169 -2.9428 3.8324 -3.7396 -3.5168 -0.2168 -1.826 -1.8256 -0.6006 -2.1 -0.3925 0.3803 0.5402 -1.4883 -1.4265 -0.1103 -2.828 -2.7416 1.8001 2.7243 -3.5354 -0.4017 -2.296 -3.6969 -3.4052 1.4775 2.8878 0.5797 -2.03 1.2768 -3.7992 3.0046 1.6773 2.7608 3.3517 
-2.0132 -0.3934 3.542 -0.0569 0.3258 -1.2268 -3.5497 -2.4568 0.2234 -3.7418 -1.6702 2.7888 1.7608 0.479 0.7781 -2.0335 -2.4962 2.1485 -1.5303 -0.9559 -1.1459 0.622 1.3379 -1.0642 1.2547 -3.6383 1.3673 1.2538 2.8265 -1.4896 -0.8088 0.4349 -1.8837 -1.8794 -3.6434 -1.7394 2.2884 -1.5289 -3.9598 3.1039 0.2968 1.2724 3.5119 2.515 -3.299 -0.8701 2.9061 -3.2491 3.9278 -0.9146 3.1033 0.7597 3.3903 -3.3252 1.0798 -0.7594 2.8965 1.5388 1.1385 1.308 2.1475 -2.5951 2.6459 2.585 0.6071 1.0081 -2.5803 -3.986 1.1483 3.3502 2.3922 -1.0141 3.515 2.3369 -2.9509 3.8281 -3.7288 -3.507 -0.2474 -1.8275 -1.8057 -0.5775 -2.1062 -0.4113 0.3961 0.5373 -1.4889 -1.4509 -0.1067 -2.8046 -2.7662 1.8138 2.7219 -3.5494 -0.3929 -2.286 -3.6749 -3.3887 1.4552 2.8767 0.5812 -2.0238 1.2751 -3.7755 3.0279 1.6769 2.78 3.3391 
-2.0186 -0.3774 3.5221 -0.0059 0.3338 -1.2387 -3.5823 -2.4481 0.1823 -3.7153 -1.667 2.7554 1.7432 0.4521 0.7865 -2.0186 -2.4929 2.1578 -1.558 -0.9717 -1.1408 0.5972 1.3663 -1.0583 1.2727 -3.6774 1.3848 1.2505 2.8468 -1.5237 -0.8084 0.4324 -1.8874 -1.8796 -3.614 -1.776 2.335 -1.5493 -3.9486 3.1106 0.2996 1.2719 3.481 2.5474 -3.2697 -0.8426 2.893 -3.2504 3.9368 -0.9001 3.0789 0.7345 3.3543 -3.339 1.091 -0.7639 2.878 1.5086 1.1244 1.3288 2.1712 -2.6084 2.6271 2.5747 0.6239 0.9995 -2.5499 -3.9581 1.1476 3.3243 2.4066 -1.0526 3.551 2.3556 -2.959 3.8236 -3.7179 -3.4972 -0.2781 -1.8289 -1.786 -0.5545 -2.1122 -0.4308 0.4012 0.541 -1.4893 -1.4746 -0.1051 -2.7813 -2.7911 1.8276 2.7194 -3.5632 -0.3839 -2.2768 -3.6536 -3.3576 1.4329 2.8662 0.5824 -2.0177 1.2734 -3.752 3.0514 1.6767 2.7996 3.3259 
-2.0239 -0.3617 3.5021 0.0453 0.3418 -1.2506 -3.6152 -2.4393 0.1413 -3.6888 -1.6634 2.7208 1.7254 0.4249 0.7947 -2.004 -2.4895 2.1673 -1.5855 -0.9876 -1.1357 0.5723 1.3946 -1.0522 1.2914 -3.7166 1.402 1.2488 2.8671 -1.5576 -0.8082 0.4281 -1.8864 -1.8796 -3.5846 -1.8127 2.382 -1.5694 -3.9373 3.1171 0.2981 1.2732 3.451 2.5796 -3.24 -0.8147 2.8799 -3.2512 3.9313 -0.886 3.0563 0.7094 3.3198 -3.3529 1.1023 -0.7685 2.8596 1.4783 1.1245 1.3495 2.1949 -2.6265 2.6067 2.5629 0.641 0.9891 -2.5195 -3.9305 1.1472 3.2982 2.4212 -1.0911 3.5872 2.3734 -2.967 3.8189 -3.707 -3.4873 -0.3088 -1.8302 -1.7663 -0.5318 -2.1181 -0.4508 0.3921 0.5506 -1.4896 -1.4972 -0.105 -2.758 -2.8162 1.8414 2.7169 -3.5768 -0.3745 -2.269 -3.6329 -3.3116 1.4106 2.857 0.583 -2.0122 1.2718 -3.7287 3.0749 1.6768 2.8195 3.3117 
-2.029 -0.3461 3.4821 0.0965 0.3498 -1.2624 -3.6483 -2.4305 0.1004 -3.6625 -1.6594 2.6849 1.7074 0.397 0.803 -1.99 -2.4861 2.1768 -1.6128 -1.0035 -1.1306 0.5474 1.4229 -1.046 1.3109 -3.7559 1.4192 1.2486 2.8875 -1.5915 -0.8082 0.4214 -1.8825 -1.8794 -3.5553 -1.8494 2.4289 -1.5887 -3.9261 3.1235 0.294 1.277 3.4222 2.6117 -3.21 -0.7865 2.867 -3.2519 3.9169 -0.8722 3.0366 0.6842 3.2867 -3.3668 1.1135 -0.7732 2.8413 1.448 1.1352 1.3702 2.2187 -2.6478 2.5835 2.5484 0.6583 0.9774 -2.4893 -3.903 1.1475 3.2721 2.4358 -1.1297 3.6235 2.3907 -2.9746 3.8139 -3.6961 -3.4773 -0.3397 -1.8315 -1.7469 -0.5092 -2.1238 -0.471 0.3723 0.5639 -1.4896 -1.5185 -0.106 -2.7347 -2.8414 1.8552 2.7142 -3.5902 -0.3649 -2.2628 -3.6127 -3.2565 1.3883 2.8502 0.5829 -2.0074 1.2702 -3.7056 3.0983 1.6771 2.8395 3.2968 
-2.0339 -0.3307 3.4623 0.1477 0.3579 -1.2743 -3.6815 -2.4217 0.0595 -3.6362 -1.6549 2.648 1.6894 0.3679 0.8111 -1.9767 -2.4826 2.1864 -1.6402 -1.0194 -1.1254 0.5225 1.4512 -1.0393 1.3316 -3.7954 1.4361 1.2493 2.9079 -1.6252 -0.8083 0.4121 -1.8772 -1.8791 -3.526 -1.8861 2.4757 -1.607 -3.9151 3.1299 0.2886 1.2837 3.3947 2.6437 -3.1797 -0.7581 2.8542 -3.2526 3.8991 -0.8588 3.0211 0.6591 3.2547 -3.3806 1.1248 -0.7778 2.823 1.4178 1.1512 1.3909 2.2426 -2.6707 2.5571 2.5297 0.6757 0.9648 -2.4594 -3.8756 1.1493 3.2458 2.4506 -1.1685 3.6598 2.4077 -2.9819 3.8086 -3.6851 -3.4672 -0.3706 -1.8328 -1.7275 -0.4868 -2.1294 -0.4913 0.3471 0.5795 -1.4894 -1.5383 -0.1078 -2.7112 -2.8665 1.8692 2.7115 -3.6034 -0.355 -2.2584 -3.5928 -3.1977 1.3659 2.8462 0.5818 -2.0035 1.2686 -3.6828 3.1212 1.6777 2.8594 3.2812 
-2.0386 -0.3155 3.4426 0.199 0.3659 -1.2864 -3.7148 -2.4129 0.0186 -3.6102 -1.6499 2.6102 1.6713 0.3367 0.8192 -1.9642 -2.4791 2.1959 -1.6674 -1.0353 -1.1202 0.4979 1.4794 -1.032 1.3536 -3.835 1.4528 1.2505 2.9283 -1.6588 -0.8082 0.4004 -1.8714 -1.8786 -3.4968 -1.9228 2.5223 -1.6239 -3.9049 3.1363 0.2831 1.293 3.3689 2.6758 -3.1492 -0.7299 2.8416 -3.2536 3.8803 -0.8457 3.0105 0.634 3.2236 -3.3945 1.136 -0.7825 2.8049 1.3878 1.1689 1.4116 2.2666 -2.6943 2.5278 2.5061 0.693 0.9519 -2.43 -3.8483 1.1531 3.2195 2.4655 -1.2073 3.6961 2.4246 -2.9888 3.8031 -3.674 -3.4568 -0.4017 -1.8341 -1.7083 -0.4648 -2.1348 -0.5118 0.3199 0.5964 -1.489 -1.5565 -0.1102 -2.6877 -2.8909 1.8833 2.7086 -3.6163 -0.3448 -2.2557 -3.5731 -3.1377 1.3436 2.8448 0.5794 -2.0007 1.267 -3.6603 3.143 1.6786 2.8791 3.2652 
-2.0431 -0.3005 3.423 0.2503 0.3739 -1.2991 -3.7477 -2.4041 -0.0223 -3.5843 -1.6447 2.5719 1.6532 0.3031 0.8273 -1.9529 -2.4755 2.2055 -1.6947 -1.0512 -1.115 0.4736 1.5076 -1.0238 1.3767 -3.8748 1.4694 1.252 2.9486 -1.6923 -0.8075 0.387 -1.8656 -1.878 -3.4675 -1.9595 2.5687 -1.6395 -3.8965 3.1427 0.278 1.3042 3.3453 2.7078 -3.1185 -0.7018 2.829 -3.2549 3.8614 -0.8329 3.0044 0.6089 3.1931 -3.4084 1.1473 -0.7871 2.7867 1.3578 1.1871 1.4323 2.2907 -2.7183 2.4966 2.4778 0.7102 0.939 -2.4009 -3.8212 1.1593 3.193 2.4807 -1.2459 3.732 2.4415 -2.9952 3.7973 -3.6629 -3.4463 -0.4329 -1.8354 -1.6893 -0.4434 -2.14 -0.5323 0.2917 0.6139 -1.4883 -1.5734 -0.1129 -2.664 -2.9136 1.8975 2.7057 -3.629 -0.3343 -2.2547 -3.5536 -3.0776 1.3212 2.8451 0.5759 -1.9989 1.2654 -3.638 3.1631 1.6796 2.8986 3.2488 
-2.0473 -0.2856 3.4035 0.3016 0.3819 -1.3132 -3.7796 -2.3952 -0.0632 -3.5585 -1.64 2.5333 1.6351 0.2671 0.8352 -1.9424 -2.4718 2.215 -1.7219 -1.0671 -1.11 0.4497 1.5359 -1.0146 1.4007 -3.9148 1.4858 1.2542 2.969 -1.7257 -0.8055 0.3726 -1.86 -1.8771 -3.4383 -1.9963 2.6149 -1.6537 -3.8913 3.1491 0.2741 1.3167 3.324 2.7397 -3.0877 -0.674 2.8165 -3.2566 3.8426 -0.8204 3.0014 0.5838 3.163 -3.4223 1.1586 -0.7915 2.7686 1.328 1.2053 1.4531 2.315 -2.7422 2.4642 2.4465 0.7267 0.9261 -2.3725 -3.7942 1.1678 3.1664 2.496 -1.2841 3.7669 2.4585 -3.0011 3.7913 -3.6517 -3.4355 -0.4643 -1.8367 -1.6704 -0.4232 -2.1451 -0.5529 0.2631 0.6319 -1.4876 -1.5892 -0.1157 -2.6401 -2.9331 1.9118 2.7026 -3.6415 -0.3235 -2.2547 -3.5343 -3.0176 1.2988 2.8462 0.5713 -1.9981 1.2638 -3.6161 3.1813 1.6808 2.9179 3.2323 
-2.0514 -0.271 3.384 0.3528 0.3899 -1.3297 -3.8089 -2.3863 -0.1042 -3.5327 -1.6365 2.4945 1.6171 0.229 0.8432 -1.9316 -2.4681 2.2245 -1.7491 -1.0826 -1.1051 0.4263 1.5641 -1.004 1.4254 -3.955 1.5021 1.2575 2.9893 -1.759 -0.8011 0.3576 -1.8547 -1.8761 -3.409 -2.0331 2.6611 -1.6669 -3.8909 3.1554 0.2727 1.3299 3.3044 2.7716 -3.0567 -0.6465 2.8041 -3.2587 3.8238 -0.8081 3.0001 0.5587 3.133 -3.4362 1.1699 -0.7955 2.7505 1.2983 1.2234 1.4739 2.3394 -2.7655 2.4313 2.4136 0.7422 0.9132 -2.3459 -3.7677 1.1784 3.1397 2.5115 -1.3209 3.7989 2.4756 -3.0066 3.7849 -3.6404 -3.4243 -0.4958 -1.8379 -1.6517 -0.4055 -2.1501 -0.5735 0.234 0.6501 -1.4868 -1.6042 -0.1184 -2.6161 -2.948 1.9263 2.6993 -3.6537 -0.3125 -2.2552 -3.5151 -2.9579 1.2765 2.8476 0.566 -1.998 1.2622 -3.5944 3.1981 1.6821 2.9371 3.2156 
