-3.353 -2.0956 -2.051 -3.3288 -3.3313 -2.105 -2.1811 -3.3681 -3.3517 -2.0196 -2.0962 -3.3222 -3.3737 -2.167 -2.0769 -3.2906 -3.3997 -2.1548 -2.0475 -3.3487 -3.3955 -2.1151 -2.0971 -3.3236 -3.3335 -2.1241 -2.1103 -3.4086 -3.2939 -2.0408 -2.0403 -3.2942 -3.3475 -2.1633 -2.1107 -3.3683 -0.5443 0.7173 0.7119 -0.5688 -0.6244 0.6122 0.6978 -0.5883 -0.672 0.6092 0.5875 -0.5834 -0.6861 0.5963 0.6256 -0.6496 -0.6981 0.7182 0.601 -0.6946 -0.5926 0.5866 0.6226 -0.6149 -0.6724 0.5381 0.6258 -0.6022 -0.6129 0.6618 0.6447 -0.5824 -0.6408 0.6148 0.7036 -0.6367 2.1901 3.3166 3.2994 2.1105 2.0022 3.3555 3.4542 2.1331 2.0681 3.2488 3.3365 2.0693 2.1101 3.2637 3.3173 2.0959 2.1016 3.3392 3.4777 2.0787 1.9713 3.3863 3.3926 2.1604 2.0428 3.2802 3.3829 2.1175 2.0688 3.3108 3.4133 2.1536 2.0552 3.3196 3.3413 2.0532 
-3.3309 -2.1126 -2.0506 -3.2972 -3.32 -2.1067 -2.2297 -3.3804 -3.3482 -1.9878 -2.1114 -3.3166 -3.379 -2.1929 -2.0846 -3.2725 -3.415 -2.1759 -2.0437 -3.3534 -3.4092 -2.1206 -2.1128 -3.3185 -3.3229 -2.1332 -2.1311 -3.4368 -3.2678 -2.0172 -2.0336 -3.2775 -3.3425 -2.1878 -2.1317 -3.3808 -0.5044 0.7579 0.7333 -0.5478 -0.6159 0.6117 0.7138 -0.575 -0.6822 0.6075 0.5601 -0.5682 -0.7019 0.5895 0.6131 -0.6604 -0.7185 0.7593 0.579 -0.723 -0.5717 0.5761 0.609 -0.612 -0.6827 0.5086 0.6135 -0.5943 -0.5999 0.6808 0.6398 -0.5667 -0.6388 0.6154 0.7219 -0.6424 2.2378 3.3122 3.271 2.1176 1.9762 3.3663 3.4866 2.1492 2.0679 3.2177 3.3227 2.0603 2.1265 3.2385 3.296 2.0974 2.1146 3.3437 3.5193 2.0734 1.9332 3.4092 3.4008 2.1872 2.0328 3.2615 3.3874 2.1274 2.069 3.304 3.4297 2.1777 2.05 3.3164 3.3294 2.0379 
-3.3088 -2.1297 -2.0502 -3.2655 -3.3086 -2.1083 -2.2783 -3.3928 -3.3447 -1.9559 -2.1268 -3.3109 -3.3841 -2.2189 -2.0923 -3.2543 -3.4304 -2.1971 -2.0398 -3.3581 -3.4229 -2.1262 -2.1285 -3.3134 -3.3123 -2.1424 -2.152 -3.465 -3.2416 -1.9937 -2.027 -3.2608 -3.3374 -2.2124 -2.1527 -3.3931 -0.4645 0.7986 0.7547 -0.5268 -0.6073 0.6112 0.7297 -0.5616 -0.6924 0.6058 0.5328 -0.5529 -0.7176 0.5827 0.6007 -0.6711 -0.739 0.8004 0.557 -0.7514 -0.5507 0.5655 0.5954 -0.6091 -0.6931 0.479 0.6012 -0.5864 -0.5869 0.6997 0.6349 -0.5511 -0.6367 0.6159 0.7401 -0.648 2.2857 3.3077 3.2426 2.1248 1.9503 3.377 3.519 2.1653 2.0678 3.1867 3.3089 2.0513 2.1429 3.2133 3.2747 2.0989 2.1276 3.3481 3.561 2.0681 1.895 3.432 3.4089 2.214 2.0227 3.2427 3.3918 2.1374 2.0692 3.2972 3.4461 2.2018 2.0448 3.3131 3.3174 2.0226 
-3.2867 -2.1468 -2.0498 -3.2338 -3.2971 -2.11 -2.3271 -3.4052 -3.341 -1.9241 -2.1422 -3.3052 -3.3892 -2.245 -2.1002 -3.2361 -3.4458 -2.2183 -2.036 -3.3628 -3.4367 -2.1317 -2.1442 -3.3083 -3.3016 -2.1516 -2.1729 -3.4932 -3.2154 -1.9702 -2.0204 -3.244 -3.3322 -2.2371 -2.1738 -3.4055 -0.4244 0.8393 0.7761 -0.5057 -0.5988 0.6106 0.7455 -0.5481 -0.7025 0.6041 0.5054 -0.5376 -0.7333 0.5759 0.5882 -0.6817 -0.7594 0.8415 0.5348 -0.7798 -0.5296 0.5548 0.5817 -0.6061 -0.7034 0.4493 0.5888 -0.5785 -0.5739 0.7186 0.63 -0.5354 -0.6346 0.6163 0.7582 -0.6536 2.3337 3.3031 3.2142 2.1321 1.9243 3.3878 3.5514 2.1815 2.0677 3.1555 3.295 2.0424 2.1594 3.1879 3.2532 2.1005 2.1406 3.3525 3.6027 2.0628 1.8569 3.4549 3.4171 2.2409 2.0127 3.2238 3.3962 2.1474 2.0694 3.2904 3.4624 2.2259 2.0396 3.3098 3.3055 2.0073 
-3.2645 -2.164 -2.0495 -3.2021 -3.2857 -2.1116 -2.3759 -3.4177 -3.3373 -1.8923 -2.1577 -3.2994 -3.3943 -2.2712 -2.108 -3.2177 -3.4611 -2.2395 -2.0322 -3.3674 -3.4504 -2.1373 -2.1599 -3.3032 -3.2908 -2.1608 -2.1938 -3.5214 -3.1891 -1.9467 -2.014 -3.2271 -3.327 -2.2619 -2.1949 -3.4177 -0.3843 0.8799 0.7974 -0.4847 -0.5901 0.61 0.7614 -0.5346 -0.7127 0.6023 0.4779 -0.5223 -0.7491 0.5689 0.5757 -0.6923 -0.7799 0.8826 0.5127 -0.8082 -0.5084 0.544 0.5679 -0.6031 -0.7136 0.4197 0.5764 -0.5706 -0.5609 0.7376 0.6251 -0.5196 -0.6323 0.6168 0.7764 -0.6591 2.382 3.2984 3.1856 2.1394 1.8982 3.3985 3.5838 2.1976 2.0676 3.1243 3.2811 2.0335 2.1759 3.1625 3.2317 2.1021 2.1537 3.3568 3.6445 2.0575 1.8187 3.4777 3.4252 2.2679 2.0027 3.2048 3.4005 2.1575 2.0696 3.2835 3.4788 2.25 2.0344 3.3064 3.2936 1.9921 
-3.2423 -2.1813 -2.0492 -3.1702 -3.2742 -2.1133 -2.4249 -3.4303 -3.3334 -1.8605 -2.1733 -3.2936 -3.3992 -2.2975 -2.116 -3.1992 -3.4764 -2.2608 -2.0284 -3.372 -3.4641 -2.1429 -2.1756 -3.298 -3.2799 -2.1701 -2.2148 -3.5496 -3.1628 -1.9232 -2.0075 -3.21 -3.3218 -2.2868 -2.2161 -3.43 -0.344 0.9205 0.8188 -0.4635 -0.5815 0.6094 0.7772 -0.521 -0.7228 0.6005 0.4504 -0.5069 -0.7648 0.5619 0.5631 -0.7029 -0.8005 0.9238 0.4905 -0.8367 -0.4872 0.5331 0.5541 -0.6 -0.7238 0.3899 0.564 -0.5626 -0.5479 0.7564 0.6201 -0.5039 -0.6301 0.6172 0.7945 -0.6646 2.4305 3.2937 3.157 2.1467 1.8722 3.4091 3.6163 2.2139 2.0676 3.0931 3.2671 2.0246 2.1926 3.1371 3.2101 2.1038 2.1668 3.3612 3.6864 2.0522 1.7805 3.5005 3.4332 2.2951 1.9926 3.1857 3.4048 2.1677 2.0699 3.2766 3.4952 2.2742 2.0292 3.303 3.2816 1.9768 
-3.2201 -2.1986 -2.049 -3.1383 -3.2628 -2.115 -2.474 -3.443 -3.3292 -1.8287 -2.189 -3.2878 -3.4039 -2.3239 -2.1241 -3.1806 -3.4916 -2.2821 -2.0245 -3.3765 -3.4778 -2.1485 -2.1914 -3.2929 -3.269 -2.1795 -2.2359 -3.5779 -3.1363 -1.8998 -2.0012 -3.1929 -3.3165 -2.312 -2.2373 -3.4421 -0.3036 0.9611 0.8401 -0.4424 -0.5727 0.6087 0.7929 -0.5073 -0.7329 0.5987 0.4229 -0.4914 -0.7806 0.5548 0.5505 -0.7134 -0.821 0.9649 0.4683 -0.8652 -0.4658 0.5221 0.5402 -0.5968 -0.734 0.3602 0.5515 -0.5546 -0.5349 0.7753 0.6152 -0.4881 -0.6277 0.6177 0.8127 -0.67 2.4793 3.2888 3.1282 2.1541 1.8461 3.4198 3.6488 2.2302 2.0675 3.0618 3.2531 2.0158 2.2094 3.1115 3.1884 2.1055 2.1799 3.3655 3.7285 2.0469 1.7422 3.5233 3.4412 2.3224 1.9826 3.1664 3.409 2.1779 2.0702 3.2696 3.5115 2.2984 2.0239 3.2996 3.2696 1.9615 
-3.1979 -2.216 -2.0488 -3.1063 -3.2513 -2.1167 -2.5233 -3.456 -3.3249 -1.797 -2.2048 -3.2819 -3.4086 -2.3505 -2.1323 -3.1618 -3.5069 -2.3035 -2.0206 -3.381 -3.4915 -2.154 -2.2072 -3.2878 -3.2579 -2.189 -2.257 -3.6061 -3.1097 -1.8764 -1.9949 -3.1756 -3.3111 -2.3373 -2.2587 -3.4542 -0.2631 1.0017 0.8613 -0.4212 -0.5639 0.6081 0.8086 -0.4935 -0.743 0.5969 0.3953 -0.4759 -0.7964 0.5476 0.5378 -0.7238 -0.8417 1.0061 0.446 -0.8938 -0.4443 0.5109 0.5262 -0.5935 -0.7442 0.3304 0.539 -0.5466 -0.5219 0.7943 0.6103 -0.4722 -0.6252 0.6181 0.8308 -0.6753 2.5284 3.2838 3.0993 2.1615 1.8199 3.4303 3.6814 2.2465 2.0675 3.0305 3.2389 2.0071 2.2263 3.0858 3.1665 2.1073 2.193 3.3699 3.7708 2.0416 1.7038 3.5461 3.4491 2.3498 1.9726 3.1471 3.4132 2.1882 2.0706 3.2625 3.5279 2.3226 2.0186 3.2961 3.2577 1.9463 
-3.1757 -2.2335 -2.0487 -3.0742 -3.2399 -2.1183 -2.5727 -3.4688 -3.3203 -1.7652 -2.2207 -3.276 -3.413 -2.3772 -2.1407 -3.1427 -3.5221 -2.3249 -2.0167 -3.3854 -3.5052 -2.1596 -2.2229 -3.2827 -3.2467 -2.1986 -2.2783 -3.6344 -3.083 -1.853 -1.9888 -3.1581 -3.3057 -2.3629 -2.2801 -3.4661 -0.2224 1.0423 0.8825 -0.3999 -0.555 0.6074 0.8242 -0.4795 -0.7531 0.595 0.3677 -0.4603 -0.8122 0.5404 0.525 -0.7342 -0.8624 1.0473 0.4237 -0.9224 -0.4226 0.4996 0.512 -0.5901 -0.7543 0.3006 0.5264 -0.5386 -0.509 0.8132 0.6054 -0.4563 -0.6226 0.6185 0.8489 -0.6805 2.5776 3.2787 3.0703 2.1689 1.7936 3.4409 3.714 2.2629 2.0675 2.999 3.2247 1.9983 2.2433 3.06 3.1444 2.1093 2.2062 3.3742 3.8129 2.0362 1.6653 3.5689 3.4569 2.3775 1.9625 3.1278 3.4174 2.1986 2.071 3.2554 3.5443 2.3468 2.0133 3.2926 3.2457 1.931 
-3.1534 -2.2512 -2.0487 -3.0419 -3.2284 -2.1199 -2.6224 -3.4804 -3.3154 -1.7335 -2.2368 -3.27 -3.4171 -2.4041 -2.1493 -3.1235 -3.5372 -2.3463 -2.0127 -3.3897 -3.519 -2.1651 -2.2387 -3.2776 -3.2354 -2.2082 -2.2996 -3.6628 -3.0561 -1.8297 -1.9828 -3.1405 -3.3001 -2.3887 -2.3016 -3.478 -0.1815 1.0829 0.9037 -0.3786 -0.5461 0.6067 0.8397 -0.4654 -0.7631 0.5932 0.34 -0.4447 -0.828 0.533 0.5121 -0.7444 -0.8833 1.0886 0.4013 -0.9512 -0.4006 0.4881 0.4977 -0.5866 -0.7643 0.2707 0.5138 -0.5305 -0.496 0.8322 0.6004 -0.4404 -0.6198 0.6188 0.867 -0.6857 2.6264 3.2734 3.0412 2.1763 1.7672 3.4513 3.7468 2.2794 2.0676 2.9675 3.2104 1.9896 2.2606 3.034 3.1221 2.1113 2.2194 3.3785 3.8538 2.0309 1.6267 3.5916 3.4646 2.4054 1.9525 3.1094 3.4215 2.2091 2.0715 3.2482 3.5607 2.3711 2.0079 3.2891 3.2337 1.9158 
-3.131 -2.269 -2.0488 -3.0095 -3.217 -2.1214 -2.6722 -3.4863 -3.3105 -1.7018 -2.2531 -3.264 -3.421 -2.4312 -2.158 -3.1041 -3.5523 -2.3678 -2.0086 -3.3939 -3.5327 -2.1706 -2.2545 -3.2726 -3.2239 -2.218 -2.3211 -3.6912 -3.0291 -1.8065 -1.977 -3.1227 -3.2944 -2.4145 -2.3233 -3.4898 -0.1404 1.1235 0.9248 -0.3573 -0.5371 0.606 0.8552 -0.4511 -0.7731 0.5914 0.3123 -0.4289 -0.8439 0.5254 0.4992 -0.7546 -0.9043 1.1299 0.3788 -0.98 -0.3786 0.4763 0.4833 -0.5829 -0.7744 0.2408 0.5011 -0.5225 -0.483 0.8512 0.5955 -0.4244 -0.6168 0.6192 0.8851 -0.6907 2.6732 3.2679 3.012 2.1838 1.7407 3.4617 3.7796 2.296 2.0676 2.9358 3.1959 1.981 2.278 3.0078 3.0995 2.1135 2.2326 3.3829 3.889 2.0255 1.5879 3.6143 3.4722 2.4335 1.9424 3.0931 3.4255 2.2196 2.072 3.2409 3.5771 2.3954 2.0024 3.2856 3.2218 1.9005 
-3.1087 -2.287 -2.0489 -2.9769 -3.2056 -2.1229 -2.7221 -3.4756 -3.3056 -1.6702 -2.2696 -3.2579 -3.4245 -2.4585 -2.1668 -3.0846 -3.5674 -2.3893 -2.0045 -3.3981 -3.5464 -2.176 -2.2703 -3.2677 -3.2122 -2.2279 -2.3426 -3.7197 -3.0018 -1.7833 -1.9713 -3.1049 -3.2887 -2.4402 -2.345 -3.5014 -0.0991 1.164 0.9458 -0.3359 -0.528 0.6053 0.8705 -0.4367 -0.7831 0.5896 0.2846 -0.4132 -0.8598 0.5178 0.4861 -0.7648 -0.9255 1.1713 0.3563 -1.0091 -0.3564 0.4643 0.4688 -0.5791 -0.7844 0.2108 0.4884 -0.5144 -0.4701 0.8703 0.5907 -0.4084 -0.6137 0.6195 0.9032 -0.6957 2.7152 3.2622 2.9826 2.1913 1.7141 3.472 3.8127 2.3126 2.0677 2.9041 3.1813 1.9724 2.2957 2.9815 3.0767 2.1159 2.2459 3.3872 3.9077 2.0201 1.549 3.637 3.4797 2.4619 1.9324 3.082 3.4295 2.2303 2.0727 3.2335 3.5935 2.4197 1.9968 3.2819 3.2098 1.8852 
-3.0863 -2.305 -2.0491 -2.9442 -3.1943 -2.1242 -2.7721 -3.4397 -3.3012 -1.6385 -2.2862 -3.2518 -3.4278 -2.4861 -2.1752 -3.0653 -3.5824 -2.4108 -2.0002 -3.4021 -3.5602 -2.1814 -2.2861 -3.2628 -3.2003 -2.2379 -2.3644 -3.7483 -2.9742 -1.7602 -1.9658 -3.0871 -3.2827 -2.4654 -2.3669 -3.513 -0.0576 1.2046 0.9667 -0.3144 -0.5188 0.6046 0.8857 -0.4221 -0.7931 0.5878 0.2569 -0.3973 -0.8758 0.51 0.4729 -0.7748 -0.9469 1.2127 0.3337 -1.0383 -0.3345 0.4521 0.4547 -0.5752 -0.7943 0.1807 0.4757 -0.5063 -0.4571 0.8894 0.5858 -0.3923 -0.6103 0.6198 0.9213 -0.7005 2.7501 3.2564 2.9531 2.1989 1.6873 3.4823 3.8458 2.3293 2.0678 2.8722 3.1667 1.9638 2.3135 2.955 3.0537 2.1185 2.2592 3.3916 3.901 2.0147 1.5099 3.6597 3.487 2.4906 1.9223 3.078 3.4335 2.241 2.0734 3.2261 3.6099 2.444 1.9912 3.2783 3.1979 1.8699 
-3.0638 -2.3232 -2.0495 -2.9114 -3.1831 -2.1254 -2.8218 -3.3867 -3.2977 -1.6069 -2.3031 -3.2456 -3.431 -2.5141 -2.1827 -3.0465 -3.5973 -2.4324 -1.9958 -3.4061 -3.5739 -2.1867 -2.3019 -3.2581 -3.1882 -2.2481 -2.3862 -3.777 -2.9464 -1.7371 -1.9605 -3.0695 -3.2766 -2.4896 -2.389 -3.5243 -0.0158 1.2452 0.9875 -0.2929 -0.5095 0.6036 0.901 -0.4072 -0.803 0.586 0.2294 -0.3813 -0.8918 0.5021 0.4596 -0.7846 -0.9685 1.2542 0.3111 -1.0677 -0.3138 0.4396 0.4418 -0.571 -0.8042 0.1503 0.4629 -0.4982 -0.4442 0.9087 0.581 -0.3762 -0.6067 0.6201 0.9393 -0.7051 2.7792 3.2505 2.9235 2.2064 1.6603 3.4925 3.8792 2.3461 2.0679 2.8402 3.152 1.9552 2.3313 2.9283 3.0305 2.1212 2.2725 3.3959 3.8774 2.0093 1.4706 3.6825 3.4942 2.5196 1.9121 3.0799 3.4373 2.2518 2.0741 3.2186 3.6263 2.4683 1.9855 3.2746 3.186 1.8546 
-3.0413 -2.3413 -2.0499 -2.8787 -3.1719 -2.1264 -2.8712 -3.3276 -3.2955 -1.5753 -2.3202 -3.2395 -3.4346 -2.5428 -2.1879 -3.0287 -3.6122 -2.454 -1.9912 -3.4099 -3.5876 -2.1919 -2.3176 -3.2535 -3.1758 -2.2583 -2.4082 -3.8059 -2.9182 -1.7141 -1.9554 -3.0524 -3.2704 -2.5124 -2.4112 -3.5356 0.0263 1.2857 1.0083 -0.2712 -0.5001 0.6021 0.9166 -0.3922 -0.8129 0.5844 0.2025 -0.3653 -0.9081 0.4941 0.4461 -0.7942 -0.9904 1.2957 0.2884 -1.0974 -0.2962 0.4269 0.4321 -0.5667 -0.8141 0.1191 0.4501 -0.4901 -0.4313 0.928 0.5762 -0.3601 -0.603 0.6204 0.9574 -0.7096 2.8046 3.2455 2.8939 2.2139 1.6332 3.5025 3.9128 2.363 2.0681 2.808 3.1373 1.9467 2.3488 2.9014 3.0076 2.1242 2.2859 3.4003 3.8476 2.0039 1.4309 3.7054 3.501 2.5489 1.902 3.0845 3.4411 2.2628 2.0749 3.211 3.6427 2.4926 1.9797 3.2709 3.1741 1.8393 
-3.0187 -2.3592 -2.0505 -2.8462 -3.161 -2.1273 -2.9199 -3.2673 -3.2949 -1.5437 -2.3375 -3.2332 -3.4395 -2.573 -2.1887 -3.0123 -3.627 -2.4757 -1.9865 -3.4137 -3.6013 -2.1971 -2.3333 -3.249 -3.1633 -2.2688 -2.4303 -3.8348 -2.8898 -1.6911 -1.9506 -3.0359 -3.264 -2.5335 -2.4336 -3.5466 0.0685 1.3263 1.0292 -0.2495 -0.4906 0.5992 0.9335 -0.3769 -0.8228 0.5828 0.1769 -0.3492 -0.9245 0.4861 0.4323 -0.8035 -1.0125 1.3373 0.2657 -1.1274 -0.2854 0.4142 0.4294 -0.5621 -0.8239 0.0866 0.4372 -0.482 -0.4184 0.9475 0.5715 -0.3439 -0.5993 0.6207 0.9755 -0.714 2.825 3.2441 2.8641 2.2214 1.6059 3.5125 3.9467 2.3801 2.0682 2.7756 3.1228 1.9381 2.3653 2.8743 2.9856 2.1273 2.2993 3.4048 3.8166 1.9984 1.391 3.7291 3.5071 2.5785 1.8919 3.0901 3.4448 2.2742 2.0755 3.2033 3.6591 2.517 1.9738 3.2672 3.1623 1.8239 
-2.996 -2.3767 -2.0512 -2.8141 -3.1501 -2.1281 -2.9682 -3.2068 -3.2957 -1.5122 -2.3551 -3.2269 -3.4473 -2.6058 -2.183 -2.9968 -3.6417 -2.4974 -1.9816 -3.4172 -3.6149 -2.2021 -2.349 -3.2447 -3.1506 -2.2794 -2.4526 -3.864 -2.8612 -1.6683 -1.9458 -3.0199 -3.2573 -2.5532 -2.4562 -3.5575 0.1109 1.3669 1.0501 -0.2277 -0.481 0.593 0.9533 -0.3614 -0.8326 0.5813 0.1529 -0.333 -0.9415 0.4782 0.4179 -0.8122 -1.0349 1.3789 0.2429 -1.1577 -0.2853 0.4016 0.4374 -0.5572 -0.8338 0.0524 0.4243 -0.474 -0.4055 0.9669 0.5668 -0.3277 -0.5958 0.6209 0.9936 -0.7182 2.8337 3.2538 2.8343 2.2289 1.5785 3.5223 3.9809 2.3973 2.0684 2.7431 3.1085 1.9295 2.3795 2.8472 2.9658 2.1304 2.3127 3.4092 3.7854 1.9929 1.3508 3.7542 3.5119 2.6081 1.8817 3.096 3.4484 2.2865 2.0755 3.1956 3.6755 2.5413 1.9679 3.2634 3.1505 1.8085 
-2.9732 -2.3936 -2.052 -2.7827 -3.1394 -2.1287 -3.0163 -3.1466 -3.2974 -1.4806 -2.3729 -3.2206 -3.4589 -2.6424 -2.1694 -2.9812 -3.6563 -2.5192 -1.9765 -3.4207 -3.6286 -2.2071 -2.3647 -3.2406 -3.1378 -2.2902 -2.4748 -3.8934 -2.8324 -1.6454 -1.9411 -3.0042 -3.2505 -2.5717 -2.4789 -3.5682 0.1531 1.4076 1.0715 -0.2059 -0.4712 0.582 0.9778 -0.3456 -0.8424 0.5798 0.1301 -0.3167 -0.959 0.4709 0.4026 -0.8201 -1.0575 1.4207 0.2201 -1.1882 -0.2961 0.3895 0.4563 -0.5521 -0.8435 0.0167 0.4113 -0.466 -0.3926 0.9861 0.5621 -0.3115 -0.593 0.6212 1.0117 -0.7222 2.8259 3.2793 2.8044 2.2363 1.5512 3.532 4.0153 2.4146 2.0686 2.7105 3.0947 1.9209 2.3898 2.8202 2.95 2.1333 2.3261 3.4137 3.7544 1.9874 1.3103 3.7816 3.5146 2.6376 1.8715 3.1019 3.4519 2.3005 2.0739 3.1877 3.6919 2.5657 1.9619 3.2596 3.1387 1.7931 
-2.9504 -2.4097 -2.053 -2.7522 -3.1288 -2.1293 -3.0646 -3.0866 -3.2997 -1.4491 -2.391 -3.2143 -3.4745 -2.6832 -2.1483 -2.9649 -3.6708 -2.541 -1.9713 -3.424 -3.6421 -2.212 -2.3804 -3.2367 -3.1251 -2.3012 -2.4968 -3.923 -2.8038 -1.6226 -1.9362 -2.9883 -3.2436 -2.5897 -2.5018 -3.5787 0.1948 1.4483 1.0937 -0.1839 -0.4614 0.5658 1.0072 -0.3295 -0.8521 0.5785 0.108 -0.3003 -0.9773 0.4642 0.3864 -0.8273 -1.0803 1.4624 0.1972 -1.2191 -0.3141 0.3787 0.4824 -0.5467 -0.8532 -0.0197 0.3983 -0.4581 -0.3798 1.0049 0.5574 -0.2952 -0.5914 0.6214 1.0298 -0.7261 2.8083 3.314 2.7744 2.2437 1.5243 3.5416 4.0498 2.4321 2.0689 2.6779 3.0813 1.912 2.3947 2.7936 2.9397 2.1356 2.3396 3.4182 3.7237 1.9819 1.2695 3.8119 3.5151 2.6668 1.8613 3.1078 3.4553 2.3176 2.0696 3.1799 3.7083 2.5901 1.9558 3.2557 3.127 1.7777 
-2.9274 -2.4251 -2.0541 -2.7224 -3.1181 -2.1301 -3.1132 -3.0269 -3.3022 -1.4176 -2.4092 -3.2079 -3.493 -2.7271 -2.1218 -2.9477 -3.6852 -2.5628 -1.966 -3.4271 -3.6556 -2.2167 -2.396 -3.233 -3.1126 -2.3125 -2.5186 -3.9529 -2.7758 -1.5999 -1.9306 -2.9722 -3.2365 -2.6074 -2.5247 -3.5891 0.2355 1.4891 1.1172 -0.162 -0.4516 0.5459 1.0401 -0.3132 -0.8617 0.5773 0.0861 -0.2839 -0.9962 0.4579 0.3694 -0.8337 -1.1031 1.5043 0.1742 -1.2501 -0.3355 0.3698 0.5119 -0.541 -0.8629 -0.0565 0.3853 -0.4502 -0.3669 1.0228 0.5527 -0.2789 -0.5919 0.6218 1.0479 -0.7297 2.7872 3.3513 2.7442 2.251 1.4983 3.5511 -4.0588 2.4498 2.0691 2.6453 3.0685 1.9028 2.3944 2.7677 2.9355 2.1364 2.3531 3.4226 3.6931 1.9764 1.2285 3.8445 3.5142 2.6951 1.8511 3.1138 3.4586 2.3384 2.0618 3.172 3.7248 2.6145 1.9496 3.2518 3.1153 1.7622 
-2.9043 -2.4398 -2.0554 -2.6933 -3.107 -2.1312 -3.162 -2.9672 -3.3045 -1.386 -2.4278 -3.2014 -3.5132 -2.7729 -2.0923 -2.9299 -3.6995 -2.5847 -1.9608 -3.4301 -3.669 -2.2215 -2.4115 -3.2293 -3.1007 -2.3239 -2.5397 -3.983 -2.7491 -1.5771 -1.9235 -2.9557 -3.2295 -2.6251 -2.5475 -3.5992 0.2744 1.5301 1.143 -0.1401 -0.4416 0.5239 1.0747 -0.2966 -0.8713 0.5761 0.0643 -0.2673 -1.0156 0.4519 0.3517 -0.8396 -1.1256 1.5462 0.1512 -1.281 -0.3583 0.3639 0.5423 -0.5351 -0.8725 -0.0934 0.3722 -0.4425 -0.3541 1.0389 0.5478 -0.2624 -0.5953 0.6222 1.066 -0.7333 2.765 3.389 2.7138 2.2583 1.474 3.5604 -4.0245 2.4677 2.0694 2.613 3.0563 1.893 2.3902 2.7428 2.9363 2.1347 2.3666 3.4269 3.6627 1.9708 1.1878 3.8785 3.5134 2.7222 1.8409 3.1197 3.4618 2.3623 2.0512 3.164 3.7415 2.6389 1.9433 3.2478 3.1037 1.7467 
-2.881 -2.4542 -2.0569 -2.6647 -3.095 -2.1328 -3.2111 -2.9077 -3.3066 -1.3543 -2.4465 -3.1949 -3.5342 -2.8195 -2.0613 -2.9118 -3.7136 -2.6067 -1.9562 -3.4328 -3.6824 -2.2263 -2.427 -3.2255 -3.0896 -2.3355 -2.5599 -4.0135 -2.7249 -1.5544 -1.914 -2.9392 -3.2229 -2.6429 -2.57 -3.6091 0.3107 1.5715 1.1717 -0.1184 -0.4318 0.5012 1.1099 -0.2798 -0.8808 0.5749 0.0424 -0.2506 -1.0354 0.446 0.3337 -0.8452 -1.1478 1.5882 0.1281 -1.3115 -0.3814 0.3613 0.5723 -0.5287 -0.8821 -0.1304 0.3592 -0.4349 -0.3413 1.0525 0.5428 -0.2458 -0.6023 0.6229 1.0841 -0.7367 2.7423 3.4265 2.6831 2.2656 1.4521 3.5696 -3.991 2.4858 2.0696 2.5813 3.0447 1.8823 2.3839 2.7197 2.9411 2.1295 2.3802 3.4307 3.6324 1.9652 1.1477 3.9127 3.5138 2.7476 1.8307 3.1255 3.4649 2.388 2.0391 3.156 3.7587 2.6633 1.937 3.2439 3.0922 1.7312 
-2.8576 -2.4684 -2.0586 -2.6363 -3.0812 -2.1353 -3.2603 -2.8484 -3.3085 -1.3226 -2.4655 -3.1884 -3.5555 -2.8661 -2.0299 -2.8935 -3.7276 -2.6287 -1.9525 -3.4354 -3.6957 -2.2311 -2.4425 -3.2211 -3.0796 -2.3474 -2.5789 -4.0443 -2.7043 -1.5316 -1.9008 -2.9224 -3.2168 -2.661 -2.5919 -3.6188 0.344 1.6135 1.204 -0.0971 -0.422 0.4781 1.1452 -0.2628 -0.8901 0.5733 0.0205 -0.2338 -1.0553 0.44 0.3154 -0.8506 -1.1692 1.6303 0.1049 -1.341 -0.4044 0.3622 0.6009 -0.522 -0.8917 -0.1673 0.346 -0.4274 -0.3286 1.0631 0.5374 -0.2289 -0.6129 0.6239 1.1023 -0.74 2.7195 3.4637 2.6519 2.2728 1.4331 3.5787 -3.9591 2.5041 2.0699 2.5507 3.0337 1.8701 2.3767 2.6985 2.9486 2.1206 2.3938 3.4339 3.6021 1.9596 1.109 3.9465 3.5163 2.7707 1.8205 3.1313 3.4678 2.4147 2.0263 3.1479 3.7767 2.6877 1.9306 3.2398 3.0808 1.7157 
-2.834 -2.4826 -2.0605 -2.608 -3.0647 -2.1389 -3.3095 -2.7891 -3.3102 -1.2908 -2.4847 -3.1817 -3.5769 -2.9125 -1.9984 -2.8751 -3.7414 -2.6507 -1.9505 -3.4377 -3.7089 -2.2361 -2.4579 -3.2152 -3.0708 -2.3595 -2.5966 4.0679 -2.6881 -1.5088 -1.8831 -2.9054 -3.2121 -2.6791 -2.6128 -3.6283 0.3743 1.6566 1.2394 -0.0766 -0.4126 0.4549 1.1802 -0.2456 -0.8994 0.5711 -0.0014 -0.2168 -1.0753 0.4339 0.297 -0.8559 -1.1896 1.6724 0.0816 -1.3688 -0.4271 0.366 0.6276 -0.5147 -0.9012 -0.2042 0.3329 -0.4201 -0.3158 1.0711 0.5317 -0.2116 -0.6269 0.6253 1.1204 -0.7433 2.6965 3.5006 2.6199 2.2802 1.4168 3.5876 -3.9299 2.5227 2.0702 2.5217 3.0231 1.8561 2.3691 2.6792 2.9575 2.1087 2.4074 3.4358 3.5719 1.954 1.0724 3.9786 3.5211 2.7917 1.8104 3.1371 3.4707 2.4419 2.0133 3.1398 3.7958 2.7121 1.9242 3.2357 3.0696 1.7001 
-2.8103 -2.4969 -2.0626 -2.5797 -3.0444 -2.1437 -3.3588 -2.73 -3.3116 -1.259 -2.5041 -3.175 -3.5984 -2.9587 -1.967 -2.8566 -3.755 -2.6728 -1.9509 -3.4398 -3.722 -2.2413 -2.4733 -3.2065 -3.0632 -2.3719 -2.6131 4.0367 -2.6763 -1.4859 -1.8609 -2.8879 -3.2094 -2.6975 -2.632 -3.6375 0.4027 1.7011 1.277 -0.0572 -0.4035 0.4317 1.2151 -0.2282 -0.9086 0.5677 -0.0235 -0.1998 -1.0955 0.4276 0.2784 -0.8613 -1.209 1.7147 0.0582 -1.3939 -0.4494 0.372 0.6521 -0.5067 -0.9107 -0.2409 0.3197 -0.413 -0.3031 1.0772 0.5257 -0.1937 -0.6436 0.6269 1.1385 -0.7467 2.6737 3.5371 2.5871 2.2877 1.4023 3.5964 -3.9044 2.5414 2.0704 2.4949 3.0131 1.8395 2.3616 2.6613 2.967 2.0948 2.421 3.4361 3.5418 1.9484 1.0389 4.0077 3.5281 2.8105 1.8002 3.1428 3.4734 2.4693 2.0003 3.1315 3.8167 2.7365 1.9177 3.2316 3.0584 1.6845 
-2.7864 -2.5113 -2.0649 -2.5515 -3.0199 -2.1497 -3.4081 -2.671 -3.3127 -1.2278 -2.5238 -3.1682 -3.6198 -3.0045 -1.9358 -2.8382 -3.7685 -2.6949 -1.9543 -3.4417 -3.735 -2.2468 -2.4887 -3.1928 -3.0566 -2.3845 -2.6284 4.0055 -2.668 -1.4629 -1.8352 -2.8693 -3.2099 -2.716 -2.6492 -3.6466 0.4304 1.7476 1.3155 -0.0395 -0.3951 0.4085 1.2498 -0.2106 -0.9176 0.5621 -0.0455 -0.1827 -1.1157 0.4212 0.2597 -0.8667 -1.2272 1.757 0.0347 -1.416 -0.4709 0.3793 0.6747 -0.4975 -0.9202 -0.2772 0.3065 -0.406 -0.2904 1.0822 0.5195 -0.1751 -0.6625 0.6288 1.1567 -0.7504 2.6509 3.5733 2.5533 2.2957 1.3889 3.6052 -3.8831 2.5603 2.0707 2.4704 3.0035 1.8201 2.3543 2.6443 2.9769 2.0799 2.4345 3.4344 3.5117 1.9428 1.0089 4.0316 3.537 2.8277 1.7902 3.1484 3.476 2.4969 1.9875 3.1227 3.8396 2.7609 1.9112 3.2275 3.0473 1.6689 
-2.7623 -2.5258 -2.0674 -2.5233 -2.9914 -2.1569 -3.4573 -2.6121 -3.3137 -1.1982 -2.5436 -3.1613 -3.6413 -3.05 -1.9047 -2.8197 -3.7817 -2.7171 -1.9605 -3.4434 -3.748 -2.2526 -2.504 -3.1727 -3.0507 -2.3974 -2.643 3.9747 -2.6621 -1.4399 -1.8071 -2.8487 -3.2148 -2.7346 -2.664 -3.6554 0.4586 1.7961 1.3537 -0.0239 -0.3872 0.3853 1.2842 -0.1928 -0.9266 0.5537 -0.0676 -0.1654 -1.1359 0.4146 0.2409 -0.8721 -1.2444 1.7995 0.011 -1.435 -0.4903 0.3873 0.6959 -0.4871 -0.9296 -0.313 0.2933 -0.3991 -0.2778 1.0867 0.5131 -0.1558 -0.6832 0.6307 1.1748 -0.7545 2.628 3.6093 2.5186 2.3043 1.376 3.6138 -3.8658 2.5794 2.0709 2.4484 2.9945 1.7979 2.3473 2.6276 2.9874 2.0642 2.4475 3.4308 3.4816 1.9371 0.9829 4.0487 3.5471 2.8437 1.7802 3.154 3.4784 2.5247 1.9747 3.1131 3.8644 2.7853 1.9046 3.2232 3.0364 1.6533 
-2.7382 -2.5403 -2.07 -2.4951 -2.9599 -2.1648 -3.5064 -2.5533 -3.3145 -1.1729 -2.5637 -3.1542 -3.6627 -3.0953 -1.8737 -2.8014 -3.7947 -2.7393 -1.9689 -3.4448 -3.7609 -2.2588 -2.5192 -3.1456 -3.0451 -2.4105 -2.6572 3.9451 -2.6575 -1.4168 -1.7776 -2.8252 -3.2251 -2.7533 -2.6763 -3.664 0.488 1.8461 1.3912 -0.0105 -0.3798 0.3621 1.3185 -0.175 -0.9353 0.542 -0.0897 -0.148 -1.1563 0.408 0.2219 -0.8776 -1.261 1.8421 -0.0128 -1.4515 -0.505 0.3956 0.7161 -0.4754 -0.9392 -0.3481 0.2801 -0.3923 -0.2651 1.0909 0.5067 -0.1358 -0.7052 0.6328 1.1929 -0.7593 2.605 3.6451 2.4833 2.3137 1.3633 3.6224 -3.8515 2.5986 2.071 2.4284 2.9859 1.7733 2.3405 2.6112 2.9995 2.0478 2.4593 3.4256 3.4516 1.9315 0.9607 4.0587 3.5582 2.8589 1.7702 3.1595 3.4807 2.5526 1.962 3.102 3.8909 2.8097 1.898 3.219 3.0256 1.6376 
-2.7141 -2.5547 -2.0726 -2.467 -2.9265 -2.1734 -3.5554 -2.4946 -3.3152 -1.1561 -2.5839 -3.147 -3.6842 -3.1404 -1.8427 -2.7833 -3.8075 -2.7615 -1.9788 -3.4459 -3.7736 -2.2653 -2.5344 -3.1128 -3.0397 -2.4239 -2.6712 3.9178 -2.6535 -1.3937 -1.7475 -2.7985 -3.2411 -2.7722 -2.6864 -3.6724 0.519 1.8964 1.4274 0.0008 -0.3729 0.3389 1.3526 -0.157 -0.944 0.5274 -0.1118 -0.1304 -1.1767 0.4012 0.2028 -0.883 -1.2771 1.8848 -0.0368 -1.4663 -0.5108 0.4038 0.7357 -0.4626 -0.9488 -0.3822 0.2668 -0.3855 -0.2525 1.0952 0.5003 -0.1153 -0.7281 0.6348 1.2111 -0.7649 2.5819 3.6806 2.4481 2.3243 1.3507 3.631 -3.8393 2.618 2.0712 2.4099 2.9779 1.7468 2.3339 2.5949 3.0153 2.0304 2.4685 3.4192 3.4215 1.9258 0.9417 4.0628 3.5697 2.8738 1.7604 3.1649 3.483 2.5806 1.9494 3.0883 3.9186 2.8341 1.8914 3.2147 3.015 1.6218 
-2.6901 -2.5686 -2.075 -2.439 -2.892 -2.1822 -3.6041 -2.4361 -3.3157 -1.151 -2.6044 -3.1396 -3.7056 -3.1853 -1.8117 -2.766 -3.8201 -2.7838 -1.9895 -3.4468 -3.7863 -2.272 -2.5495 -3.0764 -3.0342 -2.4376 -2.6851 3.8941 -2.6495 -1.3708 -1.7171 -2.769 -3.2617 -2.7911 -2.6946 -3.6806 0.5513 1.9457 1.4616 0.0106 -0.3662 0.3156 1.3867 -0.1389 -0.9524 0.5108 -0.134 -0.1128 -1.1973 0.3943 0.1836 -0.8883 -1.293 1.9276 -0.061 -1.4802 -0.5049 0.4119 0.7548 -0.4488 -0.9586 -0.4152 0.2535 -0.3786 -0.2399 1.0994 0.494 -0.0943 -0.7513 0.6368 1.2293 -0.7716 2.5591 3.7158 2.4148 2.3361 1.3381 3.6397 -3.8283 2.6374 2.0712 2.3923 2.9704 1.7189 2.3277 2.5785 3.0368 2.0115 2.4733 3.4121 3.3915 1.9201 0.9247 4.063 3.5815 2.8884 1.7507 3.1703 3.4853 2.6086 1.9368 3.0706 3.947 2.8585 1.8847 3.2104 3.0045 1.606 
-2.6665 -2.581 -2.0772 -2.4109 -2.8572 -2.1913 -3.6527 -2.3777 -3.3161 -1.1558 -2.625 -3.132 -3.7271 -3.2302 -1.7807 -2.7502 -3.8324 -2.8061 -2.0005 -3.4473 -3.7989 -2.2789 -2.5646 -3.0379 -3.0287 -2.4516 -2.699 3.8751 -2.6454 -1.3483 -1.6868 -2.7379 -3.2856 -2.81 -2.7015 -3.6885 0.5845 1.9924 1.4903 0.0193 -0.3596 0.2923 1.4208 -0.1208 -0.9607 0.4929 -0.1561 -0.095 -1.218 0.3873 0.1643 -0.8933 -1.3089 1.9706 -0.0855 -1.4935 -0.4889 0.4198 0.7735 -0.4341 -0.9688 -0.4471 0.2401 -0.3713 -0.2273 1.1038 0.4876 -0.0731 -0.7747 0.6387 1.2474 -0.7793 2.5372 3.7509 2.3872 2.3491 1.3253 3.6483 -3.8178 2.6569 2.0713 2.3752 2.9634 1.6901 2.3217 2.5623 3.0648 1.9908 2.4736 3.4045 3.3615 1.9144 0.9089 4.061 3.5934 2.9029 1.7411 3.1756 3.4876 2.6365 1.9242 3.0479 3.9759 2.8829 1.8779 3.2061 2.9942 1.5902 
-2.6435 -2.591 -2.0787 -2.383 -2.8222 -2.2006 -3.701 -2.3193 -3.3164 -1.1664 -2.6458 -3.1244 -3.7485 -3.275 -1.7499 -2.737 -3.8445 -2.8284 -2.0115 -3.4476 -3.8114 -2.286 -2.5797 -2.9987 -3.0231 -2.4659 -2.7129 3.8613 -2.6409 -1.3265 -1.6567 -2.706 -3.3112 -2.8291 -2.7075 -3.6963 0.6185 2.0355 1.5066 0.0274 -0.353 0.2689 1.4548 -0.1026 -0.9689 0.4744 -0.1783 -0.0771 -1.2388 0.3802 0.1448 -0.8978 -1.3249 2.0138 -0.1101 -1.5068 -0.4673 0.4274 0.7919 -0.4184 -0.9794 -0.4779 0.2268 -0.3633 -0.2147 1.1082 0.4812 -0.0517 -0.798 0.6406 1.2656 -0.7879 2.5172 3.7858 2.3736 2.3631 1.3118 3.657 -3.8077 2.6764 2.0712 2.3583 2.9567 1.6607 2.316 2.5461 3.0978 1.9685 2.4706 3.3967 3.3315 1.9087 0.8935 4.0579 3.6053 2.9174 1.7316 3.1808 3.4901 2.6641 1.9117 3.0196 4.0051 2.9072 1.8712 3.2017 2.984 1.5743 
-2.6217 -2.5986 -2.0792 -2.3551 -2.7875 -2.2102 -3.7491 -2.261 -3.3166 -1.1798 -2.6667 -3.1166 -3.77 -3.3198 -1.7195 -2.7264 -3.8564 -2.8506 -2.0221 -3.4476 -3.8238 -2.2932 -2.5947 -2.9591 -3.0174 -2.4805 -2.7269 3.852 -2.6361 -1.3057 -1.6268 -2.6739 -3.3377 -2.8482 -2.713 -3.7038 0.6527 2.0744 1.5037 0.0353 -0.3464 0.2455 1.4889 -0.0844 -0.9768 0.4557 -0.2004 -0.0591 -1.2598 0.373 0.1252 -0.9016 -1.3411 2.0571 -0.1349 -1.52 -0.4434 0.4348 0.81 -0.4016 -0.9904 -0.508 0.2134 -0.3541 -0.2021 1.1126 0.4749 -0.0302 -0.8212 0.6424 1.2838 -0.7972 2.4998 3.8204 2.3815 2.3778 1.297 3.6658 -3.7975 2.6958 2.0711 2.3415 2.9503 1.6309 2.3105 2.5299 3.1337 1.9449 2.4663 3.3888 3.3015 1.903 0.878 4.0543 3.6171 2.932 1.7223 3.186 3.493 2.6913 1.8991 2.9867 4.0343 2.9316 1.8644 3.1973 2.9741 1.5583 
-2.6013 -2.6046 -2.0783 -2.3272 -2.7529 -2.2205 -3.7969 -2.2027 -3.3166 -1.1944 -2.6877 -3.1087 -3.7914 -3.3646 -1.6895 -2.7174 -3.8682 -2.8729 -2.032 -3.4473 -3.8361 -2.3005 -2.6096 -2.9197 -3.0115 -2.4955 -2.741 3.8459 -2.6312 -1.2866 -1.5972 -2.6418 -3.3644 -2.8674 -2.7184 -3.7112 0.6869 2.1094 1.4856 0.043 -0.3397 0.2221 1.5231 -0.0662 -0.9846 0.4371 -0.2226 -0.0411 -1.2809 0.3657 0.1055 -0.9045 -1.3575 2.1007 -0.1597 -1.5334 -0.4186 0.442 0.8278 -0.384 -1.0018 -0.5375 0.1999 -0.3434 -0.1896 1.1171 0.4686 -0.0086 -0.8441 0.6441 1.3019 -0.807 2.4852 3.8549 2.4079 2.3931 1.2797 3.6745 -3.7872 2.7152 2.0708 2.3244 2.944 1.6008 2.3053 2.5138 3.1709 1.9204 2.4619 3.3808 3.2714 1.8972 0.8624 4.0506 3.6289 2.9466 1.7131 3.1912 3.4965 2.7177 1.8866 2.9503 4.0636 2.956 1.8576 3.1929 2.9643 1.5423 
-2.5827 -2.6099 -2.0756 -2.2994 -2.7187 -2.2317 -3.8445 -2.1445 -3.3166 -1.2097 -2.7089 -3.1008 -3.813 -3.4095 -1.6605 -2.7092 -3.8798 -2.895 -2.0408 -3.4467 -3.8482 -2.308 -2.6244 -2.8806 -3.0056 -2.5108 -2.7551 3.8419 -2.626 -1.2695 -1.5677 -2.6098 -3.391 -2.8866 -2.7237 -3.7185 0.7207 2.1415 1.4622 0.0507 -0.3328 0.1985 1.5574 -0.048 -0.9921 0.4188 -0.2447 -0.0232 -1.3023 0.3584 0.0856 -0.9062 -1.3742 2.1444 -0.1842 -1.5469 -0.3936 0.4489 0.8454 -0.3658 -1.0135 -0.5667 0.1865 -0.3305 -0.177 1.1217 0.4622 0.013 -0.8667 0.6459 1.3201 -0.817 2.4729 3.8893 2.4439 2.4087 1.2593 3.6832 -3.7768 2.7345 2.0705 2.3073 2.9378 1.5706 2.3003 2.4978 3.2087 1.8954 2.4576 3.3727 3.2412 1.8915 0.8463 4.0468 3.6406 2.9612 1.7041 3.1963 3.5008 2.743 1.874 2.9117 -4.0503 2.9804 1.8507 3.1885 2.9547 1.5261 
-2.5662 -2.6151 -2.071 -2.2716 -2.6846 -2.2441 -3.8919 -2.0862 -3.3163 -1.2253 -2.7301 -3.0929 -3.8345 -3.4545 -1.6327 -2.7012 -3.8913 -2.9172 -2.0483 -3.4457 -3.8603 -2.3155 -2.6391 -2.8417 -2.9997 -2.5264 -2.7693 3.8391 -2.6209 -1.2549 -1.5384 -2.5777 -3.4175 -2.9057 -2.7291 -3.7257 0.7532 2.1718 1.4392 0.0586 -0.3259 0.175 1.5916 -0.0298 -0.9995 0.4011 -0.2669 -0.0058 -1.3238 0.3509 0.0655 -0.9065 -1.3911 2.1884 -0.208 -1.5606 -0.3687 0.4556 0.8626 -0.3473 -1.0252 -0.5956 0.173 -0.3152 -0.1644 1.1263 0.4559 0.0345 -0.8891 0.6476 1.3383 -0.827 2.462 3.9234 2.4834 2.4244 1.2366 3.6917 -3.766 2.7538 2.0701 2.2901 2.9315 1.5402 2.2955 2.4818 3.2468 1.8703 2.4537 3.3645 3.211 1.8857 0.8296 4.0432 3.6523 2.976 1.6952 3.2013 3.5062 2.7669 1.8613 2.872 -4.0209 3.0047 1.8439 3.1841 2.9453 1.5099 
-2.5515 -2.6203 -2.0648 -2.2437 -2.6507 -2.2577 -3.9391 -2.0279 -3.3159 -1.2411 -2.7515 -3.0851 -3.856 -3.4996 -1.6069 -2.6932 -3.9028 -2.9392 -2.0545 -3.4444 -3.8722 -2.3233 -2.6536 -2.8031 -2.9938 -2.5423 -2.7835 3.837 -2.6156 -1.2429 -1.5093 -2.5457 -3.4437 -2.9247 -2.7346 -3.7328 0.7837 2.2012 1.4189 0.0666 -0.3188 0.1514 1.6251 -0.0117 -1.0067 0.3843 -0.289 0.0109 -1.3455 0.3434 0.0455 -0.9051 -1.4082 2.2326 -0.2306 -1.5746 -0.3447 0.4621 0.8795 -0.3286 -1.0366 -0.6245 0.1594 -0.2972 -0.152 1.1308 0.4495 0.0558 -0.9112 0.6496 1.3565 -0.837 2.4518 3.9575 2.5239 2.4402 1.2126 3.6998 -3.7548 2.7732 2.0695 2.2737 2.9252 1.5098 2.291 2.4659 3.2849 1.8452 2.4501 3.3563 3.1806 1.8799 0.8124 4.0396 3.664 2.9907 1.6865 3.2063 3.5127 2.7891 1.8487 2.8316 -3.9915 3.0291 1.837 3.1797 2.9361 1.4935 
-2.5383 -2.6256 -2.0572 -2.2156 -2.617 -2.2723 -3.9861 -1.9696 -3.3152 -1.2572 -2.7729 -3.0772 -3.8767 -3.5448 -1.5834 -2.6852 -3.9143 -2.9612 -2.0597 -3.4428 -3.884 -2.3312 -2.668 -2.7649 -2.988 -2.5586 -2.7978 3.8354 -2.6103 -1.2332 -1.4804 -2.5138 -3.4697 -2.9436 -2.7402 -3.74 0.8116 2.2302 1.402 0.0747 -0.3115 0.1277 1.6557 0.0064 -1.0136 0.369 -0.3112 0.0263 -1.3675 0.3359 0.0256 -0.9021 -1.4255 2.2768 -0.2515 -1.589 -0.3217 0.4685 0.8961 -0.3097 -1.0473 -0.6533 0.1458 -0.2769 -0.1399 1.1353 0.4432 0.0767 -0.9331 0.6519 1.3746 -0.8469 2.4421 3.9913 2.5644 2.4554 1.1881 3.7075 -3.743 2.7931 2.0688 2.2602 2.9187 1.4795 2.2867 2.4502 3.3224 1.8202 2.4467 3.3481 3.1502 1.874 0.7947 4.036 3.6756 3.0056 1.6779 3.2112 3.5202 2.8097 1.8362 2.7911 -3.962 3.0534 1.8301 3.1754 2.927 1.4771 
-2.5265 -2.6308 -2.0487 -2.1874 -2.5835 -2.2874 -4.033 -1.9114 -3.3142 -1.2736 -2.7943 -3.0694 -3.8955 -3.5902 -1.5627 -2.677 -3.9258 -2.983 -2.0643 -3.4408 -3.8956 -2.3393 -2.6823 -2.7268 -2.9823 -2.5751 -2.8121 3.8342 -2.6049 -1.2254 -1.4516 -2.4818 -3.4956 -2.9623 -2.7459 -3.7475 0.837 2.2591 1.3883 0.083 -0.3042 0.1041 1.6782 0.0245 -1.0205 0.3554 -0.3333 0.0401 -1.3898 0.3282 0.0062 -0.8974 -1.4431 2.3209 -0.2709 -1.6038 -0.2998 0.4746 0.9124 -0.2906 -1.0568 -0.6821 0.1322 -0.2546 -0.1284 1.1396 0.4368 0.0968 -0.9548 0.655 1.3928 -0.8566 2.4326 4.025 2.6047 2.4691 1.1633 3.7144 -3.7306 2.8146 2.068 2.2548 2.9119 1.4492 2.2827 2.4345 3.358 1.7955 2.4436 3.3401 3.1196 1.8682 0.7763 4.0325 3.6873 3.0205 1.6696 3.2161 3.5287 2.8288 1.8239 2.7505 -3.9324 3.0778 1.8231 3.171 2.9182 1.4605 
-2.5158 -2.6361 -2.0397 -2.1586 -2.5498 -2.3028 4.0634 -1.8532 -3.3128 -1.2903 -2.8158 -3.0616 -3.9093 -3.6358 -1.5453 -2.6687 -3.9373 -3.0047 -2.0685 -3.4385 -3.9071 -2.3476 -2.6964 -2.689 -2.9767 -2.5917 -2.8265 3.8334 -2.5996 -1.2191 -1.423 -2.4498 -3.5212 -2.9808 -2.7517 -3.7554 0.8606 2.288 1.377 0.0914 -0.2967 0.0804 1.6862 0.0425 -1.0271 0.3438 -0.3553 0.052 -1.4124 0.3206 -0.0118 -0.8912 -1.4607 2.3644 -0.2892 -1.6192 -0.2784 0.4807 0.9284 -0.2714 -1.0644 -0.7109 0.1185 -0.2308 -0.1184 1.1434 0.4304 0.1156 -0.9763 0.6595 1.4109 -0.8661 2.4234 4.0586 2.6447 2.4794 1.1386 3.7204 -3.7172 2.8394 2.0671 2.2639 2.905 1.4191 2.2788 2.419 3.3889 1.771 2.4405 3.3329 3.0888 1.8623 0.7576 4.029 3.699 3.0356 1.6614 3.2208 3.5377 2.8464 1.8121 2.71 -3.9027 3.1022 1.8162 3.1667 2.9095 1.4437 
-2.506 -2.6414 -2.0304 -2.1293 -2.5156 -2.3184 4.0167 -1.795 -3.311 -1.3075 -2.8373 -3.0537 -3.914 -3.6816 -1.5312 -2.6605 -3.9488 -3.0264 -2.0726 -3.4358 -3.9185 -2.3561 -2.7105 -2.6513 -2.9712 -2.6083 -2.841 3.8329 -2.5949 -1.2137 -1.3945 -2.4179 -3.5467 -2.9993 -2.7575 -3.7639 0.8831 2.317 1.3672 0.1 -0.2892 0.0567 1.6807 0.0604 -1.0336 0.3341 -0.3774 0.0623 -1.4353 0.3128 -0.0282 -0.8839 -1.4786 2.406 -0.3066 -1.6352 -0.2578 0.4866 0.944 -0.2521 -1.0696 -0.7397 0.1047 -0.206 -0.1102 1.1464 0.4239 0.1323 -0.9976 0.666 1.4291 -0.8754 2.4144 -4.0511 2.6845 2.4844 1.1138 3.7253 -3.7029 2.8696 2.066 2.2866 2.8978 1.3894 2.2752 2.4035 3.4105 1.7467 2.4377 3.3275 3.0579 1.8563 0.7389 4.0255 3.7107 3.0508 1.6534 3.2255 3.5472 2.863 1.801 2.6695 -3.8728 3.1265 1.8092 3.1624 2.9009 1.4269 
-2.4973 -2.6466 -2.0211 -2.0992 -2.48 -2.334 3.9701 -1.7368 -3.3087 -1.3253 -2.8588 -3.0457 -3.9062 -3.7277 -1.5202 -2.6523 -3.9602 -3.0479 -2.0765 -3.4327 -3.9297 -2.3648 -2.7244 -2.6137 -2.9658 -2.6247 -2.8555 3.8326 -2.5915 -1.2089 -1.3661 -2.3859 -3.5721 -3.0177 -2.7634 -3.7733 0.9051 2.3459 1.3583 0.1086 -0.2815 0.033 1.6683 0.0783 -1.0399 0.3256 -0.3994 0.0715 -1.4586 0.305 -0.0431 -0.8759 -1.4965 2.4437 -0.323 -1.6518 -0.2383 0.4924 0.9594 -0.2327 -1.0724 -0.7685 0.0909 -0.1807 -0.1035 1.1481 0.4174 0.1462 -1.0187 0.6753 1.4472 -0.8845 2.4056 -4.0175 2.724 2.4839 1.0891 3.7291 -3.6875 2.9053 2.0648 2.3161 2.8903 1.36 2.2718 2.3882 3.4196 1.7228 2.4349 3.326 3.0269 1.8503 0.7206 4.0219 3.7224 3.0661 1.6456 3.2301 3.5568 2.8788 1.7911 2.6293 -3.8427 3.1509 1.8022 3.1582 2.8926 1.4099 
-2.4897 -2.6517 -2.0119 -2.0681 -2.443 -2.3497 3.9235 -1.6787 -3.3058 -1.3437 -2.8803 -3.0376 -3.8875 -3.7741 -1.5117 -2.6441 -3.9715 -3.0693 -2.0805 -3.4293 -3.9407 -2.3737 -2.7383 -2.5763 -2.9604 -2.6409 -2.8701 3.8325 -2.5894 -1.2043 -1.3378 -2.3539 -3.5975 -3.0361 -2.7692 -3.7837 0.927 2.3748 1.3499 0.1174 -0.2737 0.0093 1.6537 0.096 -1.0461 0.3179 -0.4215 0.0798 -1.4822 0.2972 -0.0575 -0.8673 -1.5146 2.4749 -0.3386 -1.6688 -0.2205 0.498 0.9744 -0.2131 -1.073 -0.7973 0.077 -0.1552 -0.0973 1.148 0.4109 0.1569 -1.0398 0.6881 1.4654 -0.8935 2.3971 -3.9837 2.7634 2.4796 1.0644 3.7319 -3.6711 2.9447 2.0634 2.3477 2.8826 1.3312 2.2687 2.3731 3.4172 1.6991 2.4322 3.3311 2.9959 1.8443 0.7033 4.0183 3.7342 3.0817 1.6379 3.2346 3.5665 2.8941 1.783 2.5891 -3.8125 3.1753 1.7953 3.154 2.8844 1.3927 
-2.4831 -2.6568 -2.0027 -2.0359 -2.4052 -2.3655 3.877 -1.6206 -3.3023 -1.363 -2.9018 -3.0294 -3.8624 -3.8208 -1.5049 -2.6361 -3.9825 -3.0906 -2.0844 -3.4256 -3.9515 -2.3826 -2.7522 -2.5388 -2.9551 -2.6566 -2.8847 3.8323 -2.5882 -1.1997 -1.3096 -2.322 -3.6227 -3.0547 -2.7751 -3.7954 0.949 2.4036 1.3418 0.1264 -0.2659 -0.0144 1.6387 0.1136 -1.052 0.3107 -0.4434 0.0878 -1.5059 0.2893 -0.0718 -0.8585 -1.5327 2.4972 -0.3532 -1.6861 -0.2052 0.5036 0.9892 -0.1935 -1.072 -0.8261 0.063 -0.1299 -0.0911 1.1455 0.4043 0.1644 -1.0607 0.704 1.4835 -0.9022 2.3888 -3.9494 2.8027 2.4737 1.0398 3.7337 -3.6539 2.9859 2.0618 2.3795 2.8746 1.3029 2.2658 2.3581 3.4076 1.6757 2.4296 3.3449 2.9651 1.8383 0.6873 4.0145 3.7461 3.0975 1.6304 3.239 3.5762 2.9091 1.7773 2.549 -3.7823 3.1997 1.7883 3.1499 2.8764 1.3754 
-2.4774 -2.6619 -1.9936 -2.0028 -2.367 -2.3821 3.8304 -1.5628 -3.2983 -1.3831 -2.9233 -3.021 -3.8345 -3.8678 -1.4991 -2.6282 -3.993 -3.1118 -2.0883 -3.4215 -3.9622 -2.3916 -2.7662 -2.5014 -2.9497 -2.6719 -2.8995 3.8321 -2.5872 -1.195 -1.2815 -2.29 -3.6479 -3.0733 -2.7809 -3.8082 0.9711 2.4322 1.3339 0.1354 -0.2579 -0.0381 1.6237 0.1311 -1.0574 0.3037 -0.4654 0.0957 -1.5291 0.2814 -0.0861 -0.8494 -1.5508 2.511 -0.3668 -1.7035 -0.1923 0.509 1.0037 -0.1739 -1.07 -0.8548 0.0489 -0.1051 -0.0846 1.1401 0.3977 0.1695 -1.0816 0.7227 1.5017 -0.9108 2.3807 -3.9149 2.842 2.4672 1.0151 3.7348 -3.6359 3.0276 2.06 2.4109 2.8664 1.2753 2.2632 2.3432 3.3941 1.6525 2.4271 3.3672 2.9344 1.8322 0.6729 4.0107 3.7581 3.1135 1.6231 3.2433 3.5858 2.9238 1.7744 2.509 -3.7519 3.2242 1.7813 3.1458 2.8685 1.3579 
-2.4726 -2.6671 -1.9844 -1.9689 -2.3291 -2.4003 3.7839 -1.5056 -3.2938 -1.404 -2.9448 -3.0125 -3.8059 -3.9151 -1.4938 -2.6204 -4.0028 -3.1328 -2.0924 -3.4173 -3.9727 -2.4004 -2.7801 -2.464 -2.9439 -2.6867 -2.9144 3.8317 -2.5863 -1.1902 -1.2534 -2.2581 -3.673 -3.0921 -2.7867 -3.8219 0.9932 2.4607 1.3262 0.1446 -0.2499 -0.0618 1.6089 0.1483 -1.0621 0.2969 -0.4874 0.1035 -1.5507 0.2734 -0.1004 -0.8403 -1.5691 2.5186 -0.3796 -1.7209 -0.1818 0.5144 1.0179 -0.1542 -1.0673 -0.8835 0.0346 -0.0808 -0.0778 1.1319 0.3911 0.173 -1.1024 0.7431 1.5198 -0.9192 2.3728 -3.8802 2.8813 2.4606 0.9905 3.7354 -3.6174 3.0692 2.0581 2.4417 2.8581 1.2485 2.2609 2.3284 3.3786 1.6296 2.4247 3.3957 2.9041 1.826 0.6598 4.0068 3.7702 3.1297 1.616 3.2475 3.5952 2.9384 1.7743 2.469 -3.7217 3.2486 1.7742 3.1417 2.8608 1.3403 
-2.4683 -2.6727 -1.9747 -1.9344 -2.2916 -2.422 3.7373 -1.4495 -3.2889 -1.4254 -2.9663 -3.0039 -3.7778 -3.9627 -1.4886 -2.6128 -4.0116 -3.1536 -2.0968 -3.4131 -3.983 -2.4089 -2.7938 -2.4266 -2.9371 -2.7012 -2.9294 3.8312 -2.5853 -1.1851 -1.2255 -2.2261 -3.6981 -3.111 -2.7924 -3.8358 1.0155 2.489 1.3186 0.1538 -0.2417 -0.0854 1.5942 0.1653 -1.0654 0.29 -0.5093 0.1113 -1.5687 0.2654 -0.1149 -0.8311 -1.5874 2.5227 -0.3917 -1.7382 -0.1729 0.5196 1.0318 -0.1345 -1.0643 -0.9122 0.0203 -0.0567 -0.0709 1.1212 0.3844 0.1757 -1.1233 0.7648 1.5379 -0.9275 2.3652 -3.8458 2.9208 2.4541 0.966 3.7356 -3.5984 3.1106 2.0559 2.4719 2.8498 1.2223 2.2587 2.3137 3.3619 1.6069 2.4224 3.4276 2.8741 1.8198 0.6473 4.0027 3.7824 3.1459 1.609 3.2517 3.6038 2.9529 1.7767 2.4289 -3.6916 3.2731 1.7672 3.1378 2.8533 1.3225 
-2.4644 -2.6793 -1.9644 -1.8995 -2.2552 -2.449 3.6907 -1.3951 -3.2836 -1.447 -2.9878 -2.9953 -3.7518 -4.0105 -1.4834 -2.6053 -4.0191 -3.1742 -2.1018 -3.4094 -3.9931 -2.4172 -2.8068 -2.3891 -2.9282 -2.7154 -2.9445 3.8304 -2.5841 -1.1797 -1.1976 -2.1942 -3.7231 -3.13 -2.798 -3.8484 1.0379 2.517 1.3112 0.1632 -0.2335 -0.1091 1.5798 0.1822 -1.0666 0.2832 -0.5312 0.1191 -1.5805 0.2574 -0.1294 -0.8219 -1.606 2.5252 -0.4033 -1.7553 -0.1651 0.5247 1.0455 -0.1147 -1.0611 -0.9408 0.0058 -0.0327 -0.0642 1.1085 0.3778 0.1779 -1.1441 0.7872 1.5561 -0.9356 2.3576 -3.8118 2.9605 2.4476 0.9414 3.7356 -3.5792 3.1517 2.0535 2.5014 2.8419 1.1968 2.2566 2.2991 3.3445 1.5845 2.4202 3.4611 2.8444 1.8136 0.635 3.9985 3.7947 3.1618 1.6022 3.2559 3.6105 2.9674 1.7808 2.3887 -3.6619 3.2975 1.7601 3.1338 2.846 1.3045 
-2.4607 -2.6874 -1.953 -1.8643 -2.22 -2.4819 3.644 -1.3429 -3.2781 -1.4677 -3.0092 -2.9866 -3.7292 -4.0586 -1.4781 -2.5981 -4.025 -3.1943 -2.1079 -3.4074 -4.003 -2.425 -2.8179 -2.3516 -2.9159 -2.7295 -2.9599 3.8295 -2.5827 -1.174 -1.1698 -2.1623 -3.748 -3.1492 -2.8035 -3.8569 1.0604 2.5446 1.304 0.1727 -0.2251 -0.1327 1.5654 0.1991 -1.0655 0.2764 -0.5531 0.1269 -1.5849 0.2493 -0.144 -0.8127 -1.625 2.527 -0.4144 -1.7723 -0.1578 0.5298 1.059 -0.0949 -1.0579 -0.9694 -0.0088 -0.0088 -0.0577 1.0944 0.3711 0.1797 -1.165 0.8101 1.5742 -0.9436 2.3502 -3.7784 3.0004 2.4409 0.9168 3.7355 -3.5599 3.1923 2.0508 2.5305 2.8352 1.1718 2.2543 2.2846 3.3271 1.5622 2.418 3.4952 2.8149 1.8072 0.6224 3.9942 3.807 3.1767 1.5956 3.26 3.6125 2.982 1.7863 2.3485 -3.6327 3.322 1.7531 3.1299 2.8388 1.2864 
-2.457 -2.6973 -1.9404 -1.8291 -2.1861 -2.5191 3.5972 -1.2925 -3.2723 -1.4864 -3.0307 -2.9779 -3.7112 4.0365 -1.4726 -2.5911 -4.0288 -3.2142 -2.1163 -3.4091 -4.0127 -2.4325 -2.8252 -2.3139 -2.8992 -2.7435 -2.9754 3.8284 -2.5811 -1.1681 -1.142 -2.1305 -3.7729 -3.1685 -2.8089 -3.8574 1.083 2.571 1.2969 0.1822 -0.2166 -0.1562 1.5511 0.2162 -1.062 0.2697 -0.5751 0.1348 -1.5831 0.2412 -0.1586 -0.8034 -1.6445 2.5286 -0.4252 -1.7893 -0.1507 0.5347 1.0723 -0.0749 -1.0548 -0.998 -0.0236 0.0149 -0.0513 1.0794 0.3644 0.1815 -1.1858 0.8332 1.5924 -0.9516 2.3427 -3.7455 3.0402 2.4338 0.8922 3.7356 -3.5405 3.2327 2.048 2.5592 2.8307 1.1472 2.2513 2.2701 3.3095 1.5402 2.4161 3.5295 2.7855 1.8008 0.6093 3.9898 3.8195 3.1903 1.5891 3.264 3.6061 2.9966 1.7925 2.3081 -3.6039 3.3465 1.746 3.1261 2.8317 1.2682 
-2.4533 -2.7087 -1.927 -1.7939 -2.1533 -2.5584 3.5503 -1.2434 -3.2661 -1.5013 -3.0522 -2.969 -3.6975 3.9882 -1.4669 -2.5842 -4.03 -3.2341 -2.1282 -3.417 -4.0222 -2.4396 -2.8262 -2.2762 -2.8784 -2.7574 -2.9912 3.827 -2.5794 -1.1619 -1.1142 -2.0987 -3.7976 -3.1879 -2.8141 -3.8475 1.1056 2.5955 1.2901 0.1918 -0.208 -0.1797 1.5368 0.2334 -1.057 0.2629 -0.5971 0.1427 -1.5773 0.233 -0.1733 -0.7942 -1.6649 2.5301 -0.4358 -1.8061 -0.1434 0.5395 1.0855 -0.0546 -1.052 -1.0264 -0.0386 0.0384 -0.0449 1.0639 0.3578 0.1831 -1.2067 0.8564 1.6106 -0.9595 2.3351 -3.7133 3.0797 2.4263 0.8677 3.736 -3.5212 3.2727 2.0448 2.5878 2.8302 1.1228 2.247 2.2556 3.2911 1.5184 2.4142 3.5637 2.756 1.7944 0.5955 3.9852 3.832 3.2026 1.5828 3.2681 3.5891 3.0115 1.7991 2.2678 -3.5755 3.371 1.7389 3.1223 2.8248 1.2499 
-2.4496 -2.7209 -1.913 -1.7588 -2.1213 -2.5976 3.5034 -1.1946 -3.2594 -1.5112 -3.0738 -2.9601 -3.6869 3.94 -1.4611 -2.5775 -4.0278 -3.2547 -2.1447 -3.4329 -4.0314 -2.4465 -2.8194 -2.2384 -2.8547 -2.7714 -3.0071 3.8255 -2.5775 -1.1554 -1.0865 -2.0669 -3.8222 -3.2075 -2.8192 -3.8297 1.1284 2.6174 1.2834 0.2015 -0.1992 -0.2032 1.5225 0.2507 -1.0511 0.2562 -0.6191 0.1506 -1.5694 0.2248 -0.188 -0.785 -1.6862 2.5317 -0.4461 -1.823 -0.1359 0.5442 1.0986 -0.0339 -1.0497 -1.0549 -0.0537 0.0616 -0.0386 1.048 0.3511 0.1848 -1.2277 0.8796 1.6288 -0.9673 2.3273 -3.6815 3.1182 2.4184 0.8431 3.7375 -3.5018 3.3124 2.0415 2.6163 2.8352 1.0985 2.2402 2.2411 3.2706 1.4968 2.4126 3.5979 2.7265 1.7878 0.5812 3.9807 3.8445 3.2141 1.5767 3.2721 3.5636 3.0265 1.8058 2.2276 -3.5474 3.3956 1.7317 3.1186 2.818 1.2316 
-2.4456 -2.7335 -1.8988 -1.7238 -2.0896 -2.6343 3.4563 -1.146 -3.2521 -1.5157 -3.0954 -2.9511 -3.6779 3.8921 -1.455 -2.571 -4.0216 -3.2776 -2.1659 -3.4559 -4.0405 -2.4534 -2.8061 -2.2004 -2.8296 -2.7855 -3.023 3.8238 -2.5754 -1.1485 -1.0587 -2.0352 -3.8467 -3.2272 -2.8242 -3.8079 1.1513 2.6372 1.2768 0.2112 -0.1903 -0.2267 1.5082 0.268 -1.0448 0.2495 -0.641 0.1586 -1.5608 0.2166 -0.2028 -0.7758 -1.7085 2.5333 -0.4562 -1.8399 -0.1283 0.5489 1.1117 -0.0129 -1.0478 -1.0832 -0.069 0.0845 -0.0324 1.0318 0.3445 0.1865 -1.2486 0.9027 1.647 -0.9752 2.3194 -3.6503 3.1545 2.4099 0.8186 3.7412 -3.4825 3.352 2.038 2.6447 2.8463 1.0743 2.2301 2.2265 3.2466 1.4754 2.4111 3.632 2.6968 1.7811 0.5664 3.976 3.8571 3.2252 1.5707 3.2761 3.5334 3.0417 1.8126 2.1875 -3.5195 3.42 1.7246 3.1148 2.8113 1.2133 
-2.4415 -2.7463 -1.8846 -1.689 -2.0581 -2.6652 3.4091 -1.0978 -3.2439 -1.5158 -3.1171 -2.9419 -3.6696 3.8447 -1.4489 -2.5644 -4.0115 -3.3053 -2.1904 -3.4841 -4.0493 -2.4602 -2.7893 -2.1623 -2.804 -2.7996 -3.0386 3.8218 -2.5732 -1.1413 -1.0309 -2.0036 -3.8711 -3.247 -2.8291 -3.7856 1.1742 2.6558 1.2705 0.221 -0.1813 -0.2501 1.4939 0.2855 -1.0382 0.2429 -0.6625 0.1665 -1.5519 0.2084 -0.2176 -0.7665 -1.7315 2.5349 -0.4661 -1.8568 -0.1205 0.5534 1.1247 0.0085 -1.0464 -1.1116 -0.0845 0.1071 -0.0262 1.0155 0.3379 0.1884 -1.2695 0.9256 1.6652 -0.983 2.3112 -3.6195 3.1865 2.4009 0.794 3.7491 -3.4633 3.3914 2.0344 2.6731 2.8632 1.0499 2.2162 2.2119 3.2189 1.4542 2.4099 3.6661 2.6669 1.7744 0.5513 3.9713 3.8698 3.236 1.5648 3.2802 3.5014 3.0572 1.8192 2.1474 -3.4917 3.4445 1.7174 3.1111 2.8046 1.1952 
-2.4373 -2.7591 -1.8703 -1.6544 -2.0267 -2.6871 3.3618 -1.0513 -3.2345 -1.5131 -3.139 -2.9325 -3.6615 3.7984 -1.4425 -2.5577 -3.9981 -3.3404 -2.2161 -3.5158 -4.0579 -2.4672 -2.7719 -2.124 -2.7784 -2.8137 -3.0528 3.8197 -2.5708 -1.1339 -1.0031 -1.972 -3.8953 -3.267 -2.8338 -3.7653 1.1974 2.6741 1.2643 0.2309 -0.1722 -0.2735 1.4795 0.303 -1.0314 0.2364 -0.6822 0.1745 -1.543 0.2003 -0.2324 -0.7573 -1.7552 2.5364 -0.4756 -1.8738 -0.1125 0.5578 1.1379 0.0299 -1.0454 -1.1398 -0.1003 0.1295 -0.02 0.999 0.3313 0.1903 -1.2903 0.948 1.6835 -0.9909 2.3029 -3.5893 3.2124 2.3912 0.7695 3.7631 -3.444 3.4306 2.0308 2.7015 2.8845 1.0253 2.1988 2.1972 3.188 1.4331 2.4088 3.7002 2.6369 1.7675 0.5359 3.9667 3.8824 3.2461 1.5592 3.2842 3.4688 3.0727 1.8258 2.1075 -3.4641 3.469 1.7102 3.1075 2.798 1.1775 
-2.4328 -2.7719 -1.8561 -1.62 -1.9954 -2.6991 3.3143 -1.0097 -3.2237 -1.509 -3.161 -2.9229 -3.6533 3.7534 -1.4361 -2.5506 -3.9825 -3.3832 -2.2409 -3.5505 -4.0664 -2.4742 -2.7561 -2.0855 -2.753 -2.8279 -3.0634 3.8174 -2.5682 -1.1261 -0.9752 -1.9405 -3.9193 -3.287 -2.8383 -3.7501 1.2206 2.6927 1.2583 0.2408 -0.1629 -0.2969 1.465 0.3206 -1.0245 0.2299 -0.6967 0.1824 -1.5344 0.1924 -0.2472 -0.748 -1.7792 2.5379 -0.4847 -1.8908 -0.1045 0.5622 1.1512 0.0512 -1.0446 -1.1681 -0.1162 0.1516 -0.0139 0.9824 0.3247 0.1924 -1.311 0.9698 1.7018 -0.9988 2.2946 -3.5594 3.2319 2.3808 0.745 3.7835 -3.4248 3.4698 2.0273 2.7299 2.9091 1.0005 2.1787 2.1825 3.1548 1.4122 2.408 3.7344 2.6068 1.7605 0.5204 3.962 3.8951 3.255 1.5536 3.2881 3.4361 3.0883 1.8321 2.0676 -3.4369 3.4934 1.7029 3.1038 2.7914 1.1601 
-2.4281 -2.7847 -1.842 -1.5859 -1.9641 -2.703 3.2666 -0.9766 -3.2113 -1.5048 -3.1832 -2.9131 -3.645 3.7104 -1.4295 -2.5429 -3.9656 -3.4314 -2.2634 -3.5876 4.0687 -2.4809 -2.7431 -2.0468 -2.7277 -2.8422 -3.0666 3.8148 -2.5655 -1.1181 -0.9472 -1.909 -3.9433 -3.3071 -2.8427 -3.7439 1.244 2.7118 1.2525 0.2508 -0.1536 -0.3203 1.4505 0.3383 -1.0175 0.2234 -0.7025 0.1904 -1.5259 0.1847 -0.2621 -0.7387 -1.8035 2.5393 -0.4931 -1.908 -0.0963 0.5664 1.1646 0.072 -1.0439 -1.1963 -0.1324 0.1734 -0.0078 0.9657 0.3181 0.1945 -1.3315 0.9907 1.7201 -1.0067 2.2862 -3.5301 3.2467 2.3697 0.7205 3.8086 -3.4056 3.5088 2.0242 2.7582 2.9354 0.9755 2.1571 2.1676 3.1203 1.3914 2.4074 3.7687 2.5765 1.7534 0.5048 3.9575 3.9078 3.2624 1.5483 3.2921 3.4035 3.1039 1.8383 2.0279 -3.4106 3.5178 1.6956 3.1001 2.7847 1.1431 
-2.4233 -2.7979 -1.8279 -1.5519 -1.9329 -2.702 3.2187 -0.9506 -3.1974 -1.501 -3.2055 -2.9031 -3.6366 3.6692 -1.4228 -2.5345 -3.9481 -3.4825 -2.2833 -3.6266 4.0606 -2.487 -2.7331 -2.0078 -2.7024 -2.8564 -3.0592 3.8121 -2.5626 -1.1098 -0.9191 -1.8776 -3.9671 -3.3272 -2.8469 -3.7501 1.2676 2.7315 1.2468 0.2609 -0.1443 -0.3437 1.4358 0.356 -1.0103 0.217 -0.7011 0.1984 -1.5175 0.1773 -0.277 -0.7293 -1.8278 2.5406 -0.5008 -1.9253 -0.0881 0.5706 1.178 0.0922 -1.0433 -1.2246 -0.1487 0.1951 -0.0018 0.9489 0.3115 0.1968 -1.3517 1.0105 1.7385 -1.0148 2.2779 -3.5011 3.2588 2.3579 0.696 3.8364 -3.3865 3.5478 2.0217 2.7865 2.9627 0.9502 2.1347 2.1529 3.0853 1.3707 2.4069 3.8033 2.5462 1.7461 0.4891 3.953 3.9205 3.2681 1.543 3.2959 3.3712 3.1194 1.8444 1.9881 -3.3858 3.5422 1.6883 3.0964 2.7781 1.1266 
-2.4183 -2.8118 -1.8138 -1.5181 -1.9019 -2.6983 3.1705 -0.9273 -3.182 -1.4982 -3.2279 -2.893 -3.6281 3.6297 -1.416 -2.5253 -3.9305 -3.5349 -2.3011 -3.6665 4.0527 -2.4914 -2.7254 -1.9687 -2.6766 -2.8707 -3.042 3.8093 -2.5595 -1.1012 -0.8909 -1.8463 -3.9909 -3.3474 -2.851 -3.768 1.2914 2.7517 1.2413 0.2711 -0.1352 -0.3671 1.4209 0.3737 -1.003 0.2105 -0.6968 0.2064 -1.5094 0.1704 -0.2919 -0.72 -1.852 2.5418 -0.5075 -1.9429 -0.0798 0.5747 1.1913 0.1117 -1.0427 -1.2528 -0.1654 0.2166 0.0042 0.932 0.305 0.1992 -1.3717 1.0293 1.7569 -1.0228 2.2698 -3.4725 3.2697 2.3456 0.6715 3.8654 -3.3673 3.5865 2.0199 2.8149 2.9903 0.9245 2.112 2.1385 3.05 1.3501 2.4066 3.8381 2.5158 1.7387 0.4735 3.9486 3.9333 3.2724 1.5379 3.2997 3.339 3.1347 1.8502 1.9484 -3.3633 3.5665 1.6809 3.0927 2.7714 1.1105 
-2.4132 -2.827 -1.7998 -1.4845 -1.8709 -2.6935 3.1221 -0.9047 -3.1652 -1.4966 -3.2504 -2.8832 -3.6195 3.5913 -1.4091 -2.5155 -3.9128 -3.5876 -2.3178 -3.7067 4.0451 -2.493 -2.719 -1.9294 -2.6497 -2.8849 -3.0186 3.8064 -2.5563 -1.0925 -0.8626 -1.815 -4.0148 -3.3675 -2.8549 -3.7937 1.3154 2.7723 1.236 0.2813 -0.1265 -0.3906 1.4059 0.3915 -0.9956 0.204 -0.6915 0.2144 -1.5015 0.1637 -0.3068 -0.7106 -1.8757 2.5429 -0.5132 -1.9608 -0.0713 0.5786 1.2038 0.1305 -1.0419 -1.2809 -0.1822 0.2383 0.0101 0.915 0.2984 0.2018 -1.3913 1.0468 1.7754 -1.031 2.2619 -3.4442 3.2801 2.3329 0.647 3.8948 -3.3481 3.6248 2.0191 2.8432 3.018 0.8986 2.0894 2.125 3.0147 1.3296 2.4064 3.8733 2.4853 1.7312 0.4579 3.9444 3.9462 3.2756 1.5329 3.3034 3.307 3.1498 1.8559 1.9087 -3.3439 3.5907 1.6735 3.089 2.7647 1.0946 
-2.4079 -2.8438 -1.7857 -1.4511 -1.84 -2.6886 3.0735 -0.8822 -3.1473 -1.4963 -3.273 -2.8736 -3.6109 3.5536 -1.4021 -2.5052 -3.8953 -3.6399 -2.3339 -3.7468 4.0376 -2.4904 -2.7135 -1.8907 -2.6215 -2.8991 -2.9923 3.8036 -2.553 -1.0835 -0.834 -1.7838 -4.039 -3.3875 -2.8587 -3.8235 1.3395 2.7933 1.2308 0.2917 -0.1183 -0.4141 1.3907 0.4094 -0.9881 0.1975 -0.6859 0.2224 -1.4939 0.1572 -0.3218 -0.7011 -1.8989 2.544 -0.5177 -1.9791 -0.0628 0.5825 1.2146 0.1488 -1.0409 -1.3084 -0.1993 0.2603 0.016 0.898 0.2918 0.2044 -1.4106 1.0631 1.7939 -1.0392 2.2541 -3.4163 3.2899 2.32 0.6226 3.9245 -3.3289 3.6621 2.0194 2.8716 3.0455 0.8724 2.0669 2.1135 2.9794 1.3091 2.4063 3.909 2.4548 1.7234 0.4423 3.9404 3.9591 3.2783 1.5281 3.307 3.2752 3.1648 1.8614 1.869 -3.3288 3.6149 1.666 3.0853 2.7579 1.0788 
-2.4024 -2.8619 -1.7716 -1.4178 -1.8093 -2.6842 3.0245 -0.8595 -3.1287 -1.4974 -3.2953 -2.8646 -3.6021 3.5162 -1.395 -2.4947 -3.878 -3.6903 -2.3498 -3.7868 4.0302 -2.4824 -2.7083 -1.8541 -2.5921 -2.9133 -2.9652 3.8015 -2.5495 -1.0744 -0.8053 -1.7526 -4.0636 -3.4074 -2.8623 -3.8552 1.364 2.8144 1.2258 0.3021 -0.1109 -0.4378 1.3754 0.4273 -0.9805 0.1909 -0.6802 0.2304 -1.4864 0.1508 -0.3367 -0.6917 -1.9211 2.545 -0.5211 -1.9978 -0.0542 0.5863 1.2222 0.1665 -1.0394 -1.3335 -0.2166 0.2827 0.0218 0.8808 0.2853 0.2072 -1.43 1.0782 1.8125 -1.0474 2.2466 -3.3886 3.2991 2.307 0.5982 3.9541 -3.3098 3.6976 2.0209 2.9 3.0728 0.8459 2.0446 2.1055 2.9442 1.2886 2.406 3.9452 2.4241 1.7156 0.4268 3.9365 3.972 3.2808 1.5234 3.3104 3.2436 3.1795 1.8667 1.8293 -3.3184 3.6391 1.6585 3.0816 2.751 1.0632 
-2.3969 -2.8809 -1.7575 -1.3845 -1.7788 -2.6811 2.9754 -0.8369 -3.1096 -1.4998 -3.3174 -2.8561 -3.5933 3.4789 -1.3879 -2.4842 -3.8607 -3.7369 -2.3656 -3.8265 4.023 -2.4687 -2.7034 -1.8237 -2.5621 -2.9274 -2.9378 3.8009 -2.5459 -1.0651 -0.7764 -1.7215 4.0543 -3.427 -2.8658 -3.8878 1.3886 2.8357 1.221 0.3124 -0.1045 -0.4617 1.3598 0.4453 -0.9729 0.1842 -0.6743 0.2384 -1.4792 0.1443 -0.3517 -0.6822 -1.9422 2.5461 -0.5234 -2.0169 -0.0455 0.5901 1.225 0.1836 -1.0369 -1.3522 -0.2341 0.3058 0.0277 0.8636 0.2787 0.21 -1.45 1.0923 1.8311 -1.0555 2.2393 -3.3613 3.3066 2.2939 0.5739 3.9836 -3.2907 3.7303 2.0235 2.9285 3.0999 0.8191 2.0226 2.1026 2.909 1.2684 2.4057 3.9809 2.3933 1.7075 0.4114 3.9328 3.985 3.2832 1.5187 3.3137 3.2121 3.1941 1.8719 1.7896 -3.3126 3.6632 1.651 3.0778 2.7443 1.0476 
-2.3913 -2.9004 -1.7434 -1.3511 -1.7485 -2.6795 2.9261 -0.8143 -3.0904 -1.5032 -3.339 -2.8479 -3.5844 3.4417 -1.3806 -2.4736 -3.8435 -3.777 -2.3814 -3.8659 4.016 -2.4497 -2.6986 -1.8045 -2.5317 -2.9414 -2.9105 3.8029 -2.5421 -1.0557 -0.7472 -1.6903 4.0279 -3.4463 -2.8691 -3.9207 1.4136 2.857 1.2163 0.3225 -0.0992 -0.4857 1.3441 0.4633 -0.9651 0.1774 -0.6683 0.2464 -1.4723 0.1379 -0.3668 -0.6727 -1.9623 2.5471 -0.5247 -2.0363 -0.0367 0.5937 1.2221 0.2001 -1.0328 -1.3596 -0.2518 0.3296 0.0335 0.8465 0.2721 0.2128 -1.4712 1.1054 1.8498 -1.0635 2.2322 -3.3341 3.3114 2.2809 0.5494 4.0132 -3.2719 3.7595 2.027 2.9571 3.1267 0.792 2.0008 2.1057 2.8739 1.2486 2.4052 4.0144 2.3623 1.6992 0.3961 3.9293 3.998 3.2857 1.5142 3.3168 3.1808 3.2085 1.877 1.7498 -3.3106 3.6873 1.6433 3.074 2.7378 1.0321 
-2.3856 -2.9203 -1.7292 -1.3176 -1.7185 -2.6795 2.8769 -0.7917 -3.0713 -1.5076 -3.36 -2.8395 -3.5755 3.4045 -1.3733 -2.4631 -3.8265 -3.8095 -2.3973 -3.9052 4.0091 -2.4264 -2.694 -1.7959 -2.5012 -2.9554 -2.8835 3.8089 -2.5381 -1.0463 -0.7178 -1.6592 4.0002 -3.4652 -2.8723 -3.9536 1.4387 2.8783 1.2118 0.3316 -0.0949 -0.51 1.3283 0.4814 -0.9572 0.1705 -0.6621 0.2544 -1.4657 0.1314 -0.3818 -0.6631 -1.9815 2.5481 -0.5253 -2.056 -0.0278 0.5973 1.2143 0.2154 -1.0263 -1.3561 -0.2698 0.3539 0.0392 0.8295 0.2654 0.2155 -1.4946 1.1178 1.8686 -1.0713 2.2253 -3.3071 3.3121 2.2681 0.5249 4.0426 -3.2535 3.7852 2.0312 2.986 3.1534 0.7647 1.9792 2.1139 2.8389 1.2297 2.4044 4.0442 2.3308 1.6907 0.3808 3.926 4.0111 3.2883 1.5098 3.3198 3.1497 3.2227 1.882 1.71 -3.3111 3.7114 1.6357 3.0701 2.7319 1.0166 
-2.3798 -2.9404 -1.715 -1.2837 -1.6891 -2.6809 2.8283 -0.7691 -3.0522 -1.5128 -3.3803 -2.8301 -3.5665 3.3672 -1.366 -2.4526 -3.8094 -3.8363 -2.4131 -3.9443 4.0023 -2.4001 -2.6896 -1.7927 -2.4709 -2.9693 -2.8567 3.8192 -2.5341 -1.0367 -0.6881 -1.6282 3.971 -3.4836 -2.8754 -3.9863 1.4641 2.8995 1.2074 0.3388 -0.0914 -0.5346 1.3127 0.4996 -0.9493 0.1635 -0.6557 0.2624 -1.4594 0.1249 -0.3969 -0.6536 -1.9999 2.5491 -0.5252 -2.076 -0.0188 0.6008 1.2037 0.229 -1.0171 -1.3472 -0.2879 0.3786 0.045 0.8129 0.2587 0.2177 -1.5207 1.1297 1.8875 -1.0787 2.2186 -3.2803 3.3084 2.2554 0.4999 -4.0712 -3.2361 3.808 2.0357 3.015 3.1799 0.7371 1.9577 2.125 2.8039 1.2129 2.4033 -4.0714 2.2985 1.682 0.3657 3.9228 4.0241 3.291 1.5054 3.3226 3.1187 3.2368 1.8868 1.6702 -3.3131 3.7354 1.6279 3.0662 2.7276 1.0013 
-2.374 -2.9606 -1.7007 -1.2493 -1.6606 -2.6833 2.7811 -0.7465 -3.0334 -1.5185 -3.3997 -2.819 -3.5574 3.3301 -1.3585 -2.4421 -3.7925 -3.8602 -2.4289 -3.9832 3.9957 -2.3721 -2.6854 -1.7911 -2.4407 -2.9831 -2.8301 3.8331 -2.5299 -1.0271 -0.6581 -1.5971 3.9401 -3.5016 -2.8783 -4.0188 1.4897 2.9207 1.2032 0.3425 -0.0885 -0.5591 1.2975 0.5179 -0.9412 0.1564 -0.6491 0.2704 -1.4534 0.1184 -0.4121 -0.644 -2.0179 2.55 -0.5246 -2.096 -0.0096 0.6043 1.1929 0.2399 -1.0056 -1.3363 -0.3061 0.4035 0.0507 0.7972 0.2519 0.219 -1.5496 1.1412 1.9064 -1.0854 2.212 -3.2537 3.3008 2.2429 0.4744 -4.0417 -3.2201 3.8283 2.0402 3.0443 3.2063 0.7092 1.9365 2.1356 2.7691 1.1997 2.4019 -4.0437 2.265 1.6731 0.3506 3.9199 4.0371 3.2937 1.5011 3.3252 3.0879 3.2507 1.8915 1.6304 -3.3159 3.7593 1.6201 3.0623 2.7265 0.986 
-2.3681 -2.9811 -1.6863 -1.2145 -1.6333 -2.6863 2.7363 -0.7238 -3.0147 -1.5247 -3.4185 -2.8053 -3.5483 3.293 -1.3511 -2.4315 -3.7756 -3.8831 -2.4447 -4.0219 3.9891 -2.3431 -2.6814 -1.7899 -2.4106 -2.9969 -2.8037 3.8493 -2.5256 -1.0175 -0.6279 -1.566 3.9078 -3.5191 -2.8811 -4.0512 1.5154 2.9418 1.199 0.3405 -0.086 -0.5832 1.2831 0.5362 -0.9331 0.1492 -0.6424 0.2784 -1.4477 0.1119 -0.4272 -0.6344 -2.0357 2.5509 -0.5237 -2.1161 -0.0003 0.6077 1.1842 0.2467 -0.9923 -1.3251 -0.3242 0.4284 0.0564 0.7832 0.245 0.2186 -1.5811 1.1526 1.9254 -1.0912 2.2056 -3.2272 3.2908 2.2305 0.4477 -4.0117 -3.2057 3.8461 2.0439 3.0736 3.2327 0.6811 1.9154 2.1426 2.7346 1.1922 2.4001 -4.0149 2.2295 1.664 0.3356 3.9171 4.0501 3.2966 1.4969 3.3276 3.0573 3.2645 1.8962 1.5905 -3.3189 3.7833 1.6122 3.0584 2.7308 0.9709 
-2.3623 -3.0018 -1.6718 -1.1802 -1.6076 -2.6897 2.6954 -0.7009 -2.9964 -1.5313 -3.4366 -2.789 -3.5391 3.256 -1.3435 -2.4209 -3.7587 -3.9054 -2.4605 -4.0605 3.9827 -2.3137 -2.6777 -1.7886 -2.3807 -3.0106 -2.7774 3.8667 -2.5212 -1.0078 -0.5973 -1.5349 3.8748 -3.5361 -2.8839 4.0599 1.5412 2.9628 1.195 0.3317 -0.0837 -0.6055 1.2699 0.5544 -0.9248 0.142 -0.6355 0.2864 -1.4422 0.1055 -0.4425 -0.6249 -2.0533 2.5518 -0.5226 -2.1361 0.009 0.611 1.1796 0.2481 -0.9779 -1.3141 -0.3421 0.4531 0.0621 0.7718 0.238 0.2153 -1.6147 1.1641 1.9445 -1.0958 2.1995 -3.2008 3.2795 2.2183 0.4196 -3.9807 -3.1928 3.8614 2.0461 3.102 3.2594 0.6527 1.8943 2.1435 2.7006 1.1917 2.3979 -3.9849 2.1913 1.6547 0.3207 3.9145 4.0629 3.2995 1.4926 3.3299 3.0269 3.2782 1.9007 1.5507 -3.3219 3.8072 1.6043 3.0543 2.7422 0.9558 
-2.3564 -3.0228 -1.6571 -1.1477 -1.5842 -2.6933 2.6597 -0.6777 -2.9782 -1.5384 -3.4543 -2.7704 -3.5299 3.2192 -1.3359 -2.4101 -3.7419 -3.9274 -2.4764 4.0442 3.9764 -2.284 -2.6742 -1.7871 -2.351 -3.0242 -2.7513 3.8845 -2.5167 -0.9982 -0.5664 -1.5039 3.8439 -3.5527 -2.8865 4.028 1.567 2.9837 1.191 0.3162 -0.0815 -0.6241 1.2583 0.5726 -0.9165 0.1348 -0.6284 0.2944 -1.4369 0.0991 -0.4577 -0.6153 -2.0708 2.5525 -0.5213 -2.156 0.0185 0.6143 1.1799 0.2436 -0.9631 -1.3036 -0.3593 0.4775 0.0677 0.7642 0.2309 0.2084 -1.6503 1.1758 1.9636 -1.0991 2.1935 -3.1745 3.2675 2.2059 0.3897 -3.9485 -3.1805 3.8736 2.0458 3.1264 3.2872 0.6241 1.8734 2.1387 2.6671 1.1978 2.3956 -3.9541 2.15 1.6451 0.3059 3.912 -4.0675 3.3024 1.4884 3.332 2.9966 3.2919 1.9052 1.511 -3.3247 3.831 1.5962 3.0503 2.7603 0.9408 
-2.3506 -3.0441 -1.6423 -1.1191 -1.5635 -2.6971 2.6301 -0.6541 -2.9603 -1.546 -3.4718 -2.7499 -3.5207 3.1825 -1.3283 -2.3993 -3.7251 -3.9491 -2.4924 4.0059 3.9702 -2.2544 -2.671 -1.7855 -2.3214 -3.0379 -2.7252 3.9023 -2.5121 -0.9885 -0.5351 -1.4728 3.8225 -3.5691 -2.889 3.9962 1.5925 3.0044 1.1871 0.2959 -0.0794 -0.6363 1.2484 0.5906 -0.9081 0.1275 -0.6211 0.3023 -1.4317 0.0928 -0.4731 -0.6057 -2.0883 2.553 -0.5199 -2.1756 0.0281 0.6176 1.1847 0.2335 -0.9481 -1.2943 -0.3754 0.5015 0.0734 0.7605 0.2237 0.1973 -1.6875 1.1878 1.9827 -1.1009 2.1878 -3.1483 3.2553 2.1932 0.3576 -3.9156 -3.1676 3.883 2.0421 3.138 3.3173 0.5952 1.8525 2.1302 2.6346 1.209 2.3933 -3.9224 2.1056 1.6353 0.2912 3.9097 -4.0548 3.3055 1.4842 3.334 2.9666 3.3055 1.9096 1.4712 -3.3273 3.8549 1.5881 3.0462 2.7829 0.9259 
-2.3449 -3.0656 -1.6273 -1.0949 -1.5466 -2.7011 2.6063 -0.6302 -2.9426 -1.554 -3.489 -2.7283 -3.5114 3.1459 -1.3206 -2.3883 -3.7085 -3.9706 -2.5088 3.9676 3.9641 -2.2246 -2.6679 -1.7837 -2.292 -3.0514 -2.6993 3.9199 -2.5074 -0.9787 -0.5032 -1.4417 3.8212 -3.5852 -2.8914 3.9646 1.6175 3.0247 1.1834 0.2726 -0.0773 -0.6406 1.2401 0.6083 -0.8998 0.1203 -0.6137 0.3102 -1.4266 0.0865 -0.4885 -0.5961 -2.1058 2.5533 -0.5181 -2.195 0.0378 0.6208 1.1926 0.219 -0.9334 -1.2864 -0.3899 0.5251 0.079 0.7604 0.2163 0.1826 -1.7259 1.2005 2.0016 -1.1014 2.1824 -3.1221 3.243 2.1797 0.3236 -3.883 -3.1532 3.8903 2.0346 3.125 3.3514 0.5661 1.8317 2.1204 2.6033 1.2231 2.3912 -3.8901 2.0587 1.6253 0.2765 3.9074 -4.0422 3.3086 1.48 3.3358 2.9367 3.3193 1.9139 1.4314 -3.3296 3.8787 1.5799 3.042 2.8079 0.9111 
-2.3392 -3.0869 -1.6121 -1.074 -1.5348 -2.7051 2.5873 -0.6063 -2.9251 -1.5624 -3.5059 -2.7058 -3.5021 3.1094 -1.3129 -2.3772 -3.6918 -3.9918 -2.5255 3.9295 3.9581 -2.1947 -2.665 -1.7819 -2.2627 -3.065 -2.6735 3.9372 -2.5026 -0.969 -0.4706 -1.4106 3.8388 -3.6011 -2.8938 3.9331 1.6417 3.0445 1.1796 0.2479 -0.0751 -0.6367 1.2329 0.6254 -0.8919 0.1131 -0.6061 0.3181 -1.4215 0.0802 -0.504 -0.5865 -2.1233 2.5535 -0.5158 -2.2141 0.0475 0.624 1.2018 0.2013 -0.9189 -1.2804 -0.4024 0.5481 0.0845 0.7628 0.2089 0.1652 -1.7654 1.2139 2.0204 -1.101 2.1775 -3.0959 3.2308 2.1649 0.288 -3.8518 -3.1369 3.8964 2.0235 3.0886 3.3893 0.5367 1.8109 2.1111 2.574 1.2388 2.3896 -3.8573 2.0103 1.6151 0.2618 3.9052 -4.0297 3.3117 1.4762 3.3376 2.907 3.3334 1.9182 1.3914 -3.3316 3.9026 1.5715 3.0379 2.834 0.8964 
-2.3336 -3.1076 -1.5967 -1.0549 -1.5289 -2.7093 2.5715 -0.583 -2.9078 -1.5711 -3.5217 -2.6829 -3.4928 3.0731 -1.3051 -2.366 -3.6753 -4.0129 -2.5427 3.8915 3.9521 -2.1646 -2.6622 -1.7799 -2.2336 -3.0785 -2.6478 3.9543 -2.4977 -0.9593 -0.4369 -1.3795 3.8637 -3.6168 -2.8961 3.9018 1.6649 3.0635 1.176 0.2226 -0.073 -0.6252 1.2264 0.6416 -0.8848 0.1059 -0.5984 0.326 -1.4163 0.074 -0.5197 -0.577 -2.141 2.5534 -0.5126 -2.233 0.0573 0.6271 1.2107 0.1818 -0.9048 -1.2763 -0.4128 0.5706 0.09 0.7668 0.2015 0.1463 -1.8054 1.2282 2.0389 -1.0999 2.173 -3.0698 3.2186 2.1482 0.2511 -3.8222 -3.1193 3.9021 2.0097 3.0412 3.4294 0.507 1.7902 2.1035 2.547 1.2553 2.3891 -3.824 1.9611 1.6046 0.2472 3.9031 -4.0172 3.3149 1.4727 3.3392 2.8774 3.3481 1.9224 1.3511 -3.3333 3.9264 1.5631 3.0336 2.8604 0.8817 
-2.3281 -3.1282 -1.581 -1.0365 -1.5289 -2.7135 2.5577 -0.5604 -2.8906 -1.5799 -3.5352 -2.6596 -3.4834 3.0369 -1.2973 -2.3547 -3.6588 -4.0338 -2.5603 3.8537 3.9462 -2.1342 -2.6595 -1.7778 -2.2046 -3.0919 -2.6222 3.971 -2.4928 -0.9495 -0.4016 -1.3484 3.8884 -3.6324 -2.8982 3.8707 1.6866 3.0815 1.1724 0.1971 -0.0708 -0.6072 1.22 0.6567 -0.8788 0.0987 -0.5905 0.3338 -1.4112 0.0678 -0.5354 -0.5674 -2.1586 2.5531 -0.5085 -2.2517 0.0672 0.6302 1.218 0.161 -0.8911 -1.274 -0.4213 0.5927 0.0955 0.7717 0.194 0.1265 -1.8457 1.2431 2.0571 -1.0983 2.1691 -3.0436 3.2065 2.1292 0.2135 -3.7939 -3.1007 3.9078 1.9941 2.9906 3.4704 0.477 1.7694 2.0984 2.5226 1.2721 2.3898 -3.7903 1.9123 1.5939 0.2327 3.901 -4.0048 3.3182 1.4698 3.3407 2.8479 3.3638 1.9265 1.3102 -3.3348 3.9502 1.5546 3.0293 2.8869 0.8672 
-2.3227 -3.1492 -1.5651 -1.0184 -1.5336 -2.718 2.5446 -0.5382 -2.8736 -1.5886 -3.5443 -2.636 -3.4741 3.0009 -1.2894 -2.3433 -3.6424 -4.0545 -2.5784 3.8159 3.9403 -2.1035 -2.6568 -1.7756 -2.1756 -3.1053 -2.5967 3.9874 -2.4877 -0.9397 -0.3644 -1.3173 3.9086 -3.648 -2.9003 3.8396 1.7068 3.098 1.1689 0.1716 -0.0686 -0.5841 1.2134 0.6705 -0.8747 0.0916 -0.5824 0.3416 -1.406 0.0617 -0.5512 -0.5578 -2.1764 2.5525 -0.504 -2.2701 0.0772 0.6333 1.2229 0.1396 -0.8778 -1.2728 -0.4285 0.6144 0.1009 0.7769 0.1865 0.1063 -1.8861 1.2576 2.075 -1.0966 2.1657 -3.0174 3.1944 2.1079 0.1753 -3.7661 -3.0809 3.9134 1.9774 2.9396 3.5116 0.4468 1.7487 2.0961 2.5009 1.289 2.3921 -3.7562 1.8656 1.583 0.2181 3.899 -3.9924 3.3216 1.4675 3.3421 2.8186 3.3807 1.9306 1.2688 -3.3361 3.974 1.5459 3.025 2.9133 0.8528 
-2.3174 -3.1703 -1.5488 -1.0004 -1.5414 -2.7224 2.5318 -0.5163 -2.8566 -1.5972 -3.547 -2.612 -3.4648 2.965 -1.2814 -2.3317 -3.6262 4.0682 -2.5967 3.7782 3.9346 -2.0726 -2.6542 -1.7734 -2.1467 -3.1186 -2.5712 4.0036 -2.4826 -0.9299 -0.325 -1.2862 3.9219 -3.6635 -2.9024 3.8087 1.7254 3.1131 1.1654 0.1462 -0.0664 -0.5579 1.2063 0.6829 -0.8726 0.0845 -0.5742 0.3493 -1.4008 0.0556 -0.5672 -0.5483 -2.1942 2.5518 -0.4996 -2.2884 0.0874 0.6364 1.2251 0.1178 -0.8648 -1.2724 -0.4349 0.6359 0.1067 0.7821 0.1789 0.0861 -1.9265 1.2685 2.0926 -1.0948 2.1627 -2.9911 3.1825 2.085 0.1369 -3.7386 -3.0605 3.9189 1.9601 2.8888 3.5529 0.4163 1.7279 2.0969 2.4812 1.306 2.3959 -3.722 1.8243 1.5718 0.2036 3.897 -3.98 3.325 1.4657 3.3434 2.7893 3.3989 1.9346 1.2269 -3.337 3.9978 1.5371 3.0206 2.9396 0.8384 
-2.3123 -3.191 -1.5323 -0.9825 -1.551 -2.7268 2.5189 -0.4944 -2.8398 -1.6055 -3.5426 -2.5877 -3.4555 2.9293 -1.2734 -2.32 -3.61 4.0477 -2.6152 3.7406 3.9288 -2.0414 -2.6515 -1.7712 -2.1178 -3.1319 -2.5459 4.0196 -2.4775 -0.92 -0.2835 -1.2551 3.9276 -3.6791 -2.9043 3.7777 1.7427 3.1269 1.162 0.1209 -0.0641 -0.5298 1.1986 0.6939 -0.8726 0.0773 -0.5659 0.3569 -1.3956 0.0493 -0.5833 -0.5388 -2.2121 2.5508 -0.4972 -2.3066 0.0978 0.6394 1.2249 0.0959 -0.8522 -1.2724 -0.4408 0.6572 0.1142 0.7872 0.1714 0.066 -1.9668 1.2717 2.1101 -1.0931 2.16 -2.9647 3.1706 2.061 0.0984 -3.711 -3.0402 3.9239 1.9424 2.8383 3.5942 0.3856 1.7071 2.1002 2.4628 1.323 2.401 -3.6879 1.7926 1.5604 0.1891 3.8951 -3.9675 3.3285 1.4643 3.3447 2.76 3.4183 1.9386 1.1847 -3.3378 4.0216 1.5282 3.0162 2.9657 0.8242 
-2.3074 -3.2105 -1.5155 -0.9646 -1.5614 -2.7307 2.5056 -0.4724 -2.8231 -1.6136 -3.5325 -2.5631 -3.4463 2.8937 -1.2653 -2.3082 -3.594 4.0273 -2.6337 3.703 3.9232 -2.0102 -2.6488 -1.769 -2.0888 -3.1452 -2.5207 4.0354 -2.4723 -0.9102 -0.2405 -1.224 3.9271 -3.6947 -2.9062 3.7468 1.7588 3.1397 1.1586 0.0958 -0.0619 -0.501 1.1902 0.7038 -0.8742 0.07 -0.5574 0.3645 -1.3906 0.0427 -0.5995 -0.5292 -2.2301 2.5496 -0.5012 -2.3246 0.1086 0.6423 1.2226 0.0739 -0.84 -1.2723 -0.4467 0.6785 0.1282 0.792 0.1638 0.046 -2.0068 1.2658 2.1276 -1.0914 2.1576 -2.9382 3.1588 2.0364 0.0599 -3.6831 -3.0201 3.9278 1.9245 2.7881 3.6355 0.3546 1.6863 2.1056 2.4454 1.34 2.4073 -3.6542 1.7717 1.5489 0.1747 3.8934 -3.955 3.3321 1.4632 3.3459 2.7306 3.4385 1.9425 1.1423 -3.3383 4.0453 1.5192 3.0117 2.9916 0.8101 
-2.3026 -3.2282 -1.4987 -0.9467 -1.572 -2.7336 2.492 -0.4504 -2.8065 -1.6214 -3.519 -2.5383 -3.4371 2.8584 -1.2571 -2.2962 -3.5781 4.007 -2.6522 3.6653 3.9175 -1.9789 -2.6461 -1.7668 -2.0597 -3.1583 -2.4955 4.0511 -2.467 -0.9002 -0.1965 -1.193 3.9228 -3.7105 -2.9081 3.7158 1.7741 3.1518 1.1553 0.0707 -0.0596 -0.4721 1.1813 0.7131 -0.8768 0.0625 -0.5489 0.372 -1.3862 0.0358 -0.6158 -0.5197 -2.248 2.5481 -0.5187 -2.3425 0.12 0.6453 1.2188 0.0522 -0.828 -1.2721 -0.4528 0.7 0.156 0.7966 0.1562 0.0263 -2.0467 1.2543 2.1451 -1.09 2.1553 -2.9115 3.1472 2.0115 0.0215 -3.6548 -3.0002 3.9301 1.9065 2.7382 3.6769 0.3235 1.6655 2.1125 2.4285 1.3571 2.4142 -3.6215 1.7576 1.537 0.1602 3.8919 -3.9423 3.3358 1.4622 3.3471 2.7011 3.4594 1.9464 1.0998 -3.3385 4.0691 1.51 3.0072 3.0174 0.796 
-2.2981 -3.243 -1.4819 -0.9289 -1.5824 -2.7348 2.4779 -0.4284 -2.79 -1.6289 -3.5039 -2.5133 -3.428 2.8232 -1.2488 -2.2841 -3.5623 3.9867 -2.6706 3.6275 3.912 -1.9477 -2.6434 -1.7648 -2.0304 -3.1715 -2.4705 4.0666 -2.4617 -0.8903 -0.1523 -1.162 3.9167 -3.7264 -2.9098 3.6847 1.7889 3.1636 1.152 0.0457 -0.0573 -0.4433 1.1719 0.7223 -0.8797 0.0545 -0.5402 0.3795 -1.3834 0.0285 -0.6323 -0.5102 -2.266 2.5465 -0.55 -2.3603 0.1319 0.6482 1.214 0.0309 -0.8164 -1.2716 -0.4594 0.7216 0.199 0.801 0.1484 0.0067 -2.0863 1.2406 2.1627 -1.0886 2.1532 -2.8846 3.1358 1.9866 -0.0169 -3.6262 -2.9806 3.9297 1.8883 2.6885 3.7183 0.2923 1.6446 2.1202 2.4119 1.3743 2.4216 -3.5907 1.7465 1.525 0.1457 3.8904 -3.9295 3.3395 1.4613 3.3482 2.6713 3.4806 1.9502 1.0574 -3.3386 -4.0503 1.5007 3.0026 3.043 0.7822 
-2.2937 -3.2544 -1.4658 -0.911 -1.5926 -2.733 2.4634 -0.4066 -2.7736 -1.6363 -3.4883 -2.4882 -3.4189 2.7881 -1.2403 -2.2719 -3.5467 3.9664 -2.6888 3.5897 3.9065 -1.9165 -2.6407 -1.7629 -2.0007 -3.1845 -2.4456 -4.0613 -2.4566 -0.8802 -0.1084 -1.131 3.9097 -3.7425 -2.9115 3.6536 1.8035 3.1751 1.1488 0.0208 -0.055 -0.4148 1.1619 0.7318 -0.882 0.0459 -0.5314 0.3869 -1.3854 0.0208 -0.6488 -0.5007 -2.284 2.5447 -0.5851 -2.378 0.1443 0.6511 1.2086 0.0106 -0.8051 -1.2709 -0.4669 0.7433 0.2507 0.8056 0.1405 -0.0126 -2.1257 1.2264 2.1803 -1.0874 2.1512 -2.8575 3.1247 1.9618 -0.0553 -3.5972 -2.9611 3.9258 1.8699 2.6389 3.7597 0.2612 1.6237 2.1285 2.3956 1.3916 2.4292 -3.563 1.7363 1.5128 0.1311 3.8891 -3.9164 3.3434 1.4604 3.3494 2.6412 3.502 1.9539 1.015 -3.3384 -4.0265 1.4912 2.998 3.0685 0.7684 
-2.2895 -3.2617 -1.4511 -0.8931 -1.6023 -2.7274 2.4485 -0.3852 -2.7572 -1.6435 -3.4727 -2.4633 -3.4099 2.7531 -1.2318 -2.2595 -3.5312 3.9462 -2.7069 3.5519 3.901 -1.8854 -2.638 -1.7611 -1.9707 -3.1975 -2.4208 -4.046 -2.4515 -0.8702 -0.0657 -1.1 3.9024 -3.7588 -2.9131 3.6225 1.8179 3.1866 1.1457 -0.0042 -0.0526 -0.3867 1.1516 0.742 -0.8828 0.0365 -0.5225 0.3942 -1.3985 0.013 -0.6654 -0.4912 -2.3017 2.5427 -0.6123 -2.3957 0.157 0.654 1.2027 -0.0083 -0.7941 -1.2699 -0.4757 0.7653 0.3057 0.811 0.1324 -0.0318 -2.1648 1.2121 2.198 -1.0863 2.1494 -2.8301 3.1139 1.9371 -0.0936 -3.5677 -2.9417 3.9179 1.8514 2.5893 3.8011 0.2304 1.6027 2.137 2.3794 1.409 2.4369 -3.5394 1.7264 1.5003 0.116 3.8879 -3.9031 3.3473 1.4595 3.3505 2.6108 3.5235 1.9576 0.9727 -3.3379 -4.0027 1.4816 2.9933 3.0939 0.7548 
-2.2855 -3.265 -1.4389 -0.8753 -1.6114 -2.7176 2.4332 -0.3649 -2.7409 -1.6507 -3.4574 -2.4385 -3.4009 2.7178 -1.223 -2.247 -3.5159 3.926 -2.7248 3.5145 3.8957 -1.8544 -2.6352 -1.7595 -1.9401 -3.2104 -2.3961 -4.0308 -2.4468 -0.8601 -0.0255 -1.0691 3.8952 -3.7752 -2.9147 3.5914 1.8324 3.198 1.1426 -0.0292 -0.0502 -0.3585 1.1409 0.7531 -0.8808 0.0262 -0.5135 0.4015 -1.4289 0.0051 -0.6822 -0.4818 -2.3192 2.5406 -0.6235 -2.4133 0.1699 0.6568 1.1967 -0.0252 -0.7833 -1.2686 -0.4865 0.7873 0.3624 0.8186 0.124 -0.0508 -2.2038 1.1979 2.2158 -1.0853 2.1477 -2.8026 3.1035 1.9125 -0.1318 -3.5379 -2.9222 3.9061 1.8327 2.5398 3.8426 0.2006 1.5817 2.1457 2.3634 1.4266 2.4444 -3.5203 1.7164 1.4876 0.1002 3.8868 -3.8897 3.3514 1.4585 3.3516 2.5798 3.5451 1.9613 0.9305 -3.3372 -3.9788 1.4718 2.9885 3.1191 0.7413 
-2.2813 -3.2649 -1.4305 -0.8574 -1.6199 -2.7041 2.4175 -0.3466 -2.7247 -1.6579 -3.4423 -2.4143 -3.392 2.6814 -1.2141 -2.2342 -3.5008 3.9057 -2.7425 3.4782 3.8903 -1.8235 -2.6325 -1.7581 -1.9089 -3.2232 -2.3716 -4.0158 -2.4425 -0.8499 0.0105 -1.0381 3.888 -3.7917 -2.9162 3.5603 1.8468 3.2095 1.1396 -0.0542 -0.0478 -0.3302 1.1301 0.7652 -0.8747 0.0151 -0.5044 0.4087 -1.4745 -0.0028 -0.699 -0.4723 -2.3363 2.5383 -0.6202 -2.4309 0.183 0.6596 1.1904 -0.0398 -0.7728 -1.2671 -0.4993 0.8093 0.4202 0.8301 0.1154 -0.0696 -2.2426 1.1838 2.2337 -1.0844 2.1462 -2.7748 3.0934 1.888 -0.1699 -3.5075 -2.9027 3.8907 1.8138 2.4903 3.8841 0.1725 1.5606 2.1542 2.3476 1.4442 2.4519 -3.5054 1.7063 1.4747 0.0835 3.8857 -3.8762 3.3556 1.4576 3.3526 2.5484 3.5667 1.9648 0.8885 -3.3363 -3.9548 1.4617 2.9837 3.1443 0.7281 
-2.2767 -3.2622 -1.4265 -0.8396 -1.6278 -2.6881 2.4015 -0.3317 -2.7086 -1.6654 -3.4276 -2.3909 -3.3832 2.6427 -1.205 -2.2213 -3.4859 3.8855 -2.7601 3.4445 3.8851 -1.7927 -2.6297 -1.7566 -1.8768 -3.2359 -2.3471 -4.0009 -2.4387 -0.8397 0.0401 -1.0072 3.881 -3.8083 -2.9176 3.5292 1.8613 3.2211 1.1366 -0.0793 -0.0453 -0.3013 1.1191 0.7782 -0.864 0.0031 -0.4952 0.4159 -1.528 -0.0107 -0.716 -0.4629 -2.3529 2.5359 -0.6098 -2.4486 0.1962 0.6624 1.1841 -0.0524 -0.7625 -1.2653 -0.5142 0.8313 0.4787 0.8476 0.1066 -0.0883 -2.2812 1.1697 2.2517 -1.0835 2.1447 -2.7468 3.0837 1.8636 -0.2079 -3.4767 -2.883 3.8726 1.7945 2.4407 3.9256 0.1476 1.5395 2.1627 2.3319 1.462 2.4591 -3.4937 1.6959 1.4616 0.0659 3.8845 -3.8626 3.3598 1.4565 3.3537 2.5165 3.5883 1.9683 0.8466 -3.3352 -3.9306 1.4515 2.9788 3.1694 0.715 
-2.2713 -3.2577 -1.4263 -0.8218 -1.6351 -2.6709 2.385 -0.321 -2.6925 -1.673 -3.4133 -2.3689 -3.3744 2.5998 -1.1957 -2.2082 -3.4713 3.8652 -2.7774 3.415 3.8799 -1.7621 -2.6271 -1.7549 -1.8436 -3.2485 -2.3228 -3.9863 -2.4355 -0.8295 0.0625 -0.9763 3.8741 -3.825 -2.9189 3.4981 1.8757 3.2327 1.1336 -0.1045 -0.0429 -0.2716 1.1079 0.7919 -0.849 -0.0096 -0.4859 0.4231 -1.5845 -0.0186 -0.7332 -0.4534 -2.3689 2.5333 -0.5976 -2.4665 0.2094 0.6652 1.1777 -0.0633 -0.7524 -1.2633 -0.5305 0.8535 0.5377 0.8721 0.0974 -0.1068 -2.3196 1.1555 2.2698 -1.0827 2.1435 -2.7188 3.0743 1.8393 -0.2457 -3.4455 -2.8632 3.8527 1.775 2.3909 3.9672 0.1267 1.5183 2.1711 2.3165 1.4799 2.4662 -3.4839 1.6854 1.4483 0.0479 3.8833 -3.8489 3.3642 1.4555 3.3548 2.4842 3.6101 1.9718 0.8049 -3.3337 -3.9062 1.4413 2.9739 3.1944 0.7021 
-2.2646 -3.2523 -1.4289 -0.804 -1.642 -2.6537 2.3682 -0.3145 -2.6765 -1.6807 -3.3993 -2.3484 -3.3656 2.5514 -1.1861 -2.195 -3.4569 3.8449 -2.7946 3.3913 3.8748 -1.7315 -2.6244 -1.7528 -1.8092 -3.261 -2.2986 -3.9722 -2.4327 -0.8193 0.0783 -0.9454 3.8675 -3.8418 -2.9202 3.4671 1.8902 3.2442 1.1307 -0.1298 -0.0405 -0.2405 1.0968 0.8062 -0.8309 -0.0228 -0.4765 0.4301 -1.6417 -0.0264 -0.7506 -0.444 -2.3846 2.5307 -0.5858 -2.4849 0.2228 0.6679 1.1713 -0.0731 -0.7426 -1.2611 -0.5479 0.8759 0.5964 0.9029 0.088 -0.1251 -2.3579 1.1413 2.2881 -1.0818 2.1423 -2.6907 3.0651 1.815 -0.2832 -3.4138 -2.8432 3.8318 1.7551 2.3411 4.0087 0.1098 1.4971 2.1793 2.3013 1.498 2.4731 -3.4752 1.6745 1.4348 0.0294 3.882 -3.8353 3.3688 1.4544 3.3559 2.4516 3.632 1.9751 0.7633 -3.3321 -3.8813 1.4315 2.9689 3.2194 0.689 
-2.257 -3.2462 -1.433 -0.7863 -1.6486 -2.6371 2.351 -0.3112 -2.6606 -1.6885 -3.3858 -2.3293 -3.3568 2.4975 -1.1763 -2.1817 -3.4427 3.8245 -2.8116 3.3732 3.8698 -1.701 -2.6218 -1.7498 -1.7733 -3.2734 -2.2745 -3.9586 -2.4303 -0.809 0.0896 -0.9144 3.8609 -3.8587 -2.9213 3.436 1.9046 3.255 1.1279 -0.1551 -0.038 -0.2082 1.0855 0.8208 -0.811 -0.0363 -0.4671 0.4372 -1.6992 -0.0342 -0.7684 -0.4345 -2.4 2.528 -0.5753 -2.5041 0.2362 0.6706 1.1647 -0.0822 -0.733 -1.2587 -0.5657 0.8992 0.654 0.9381 0.0784 -0.1432 -2.396 1.1271 2.3065 -1.0809 2.1413 -2.6625 3.056 1.7908 -0.3205 -3.3817 -2.8231 3.811 1.7351 2.2911 4.0503 0.096 1.4758 2.1874 2.2863 1.5161 2.4798 -3.4668 1.6635 1.4211 0.0108 3.8806 -3.8216 3.3735 1.4534 3.3571 2.4186 3.6541 1.9783 0.7219 -3.3301 -3.8559 1.4227 2.9639 3.2443 0.675 
-2.249 -3.24 -1.4377 -0.7686 -1.6549 -2.6216 2.3335 -0.3097 -2.6448 -1.6963 -3.3726 -2.311 -3.348 2.4393 -1.1662 -2.1685 -3.4288 3.8041 -2.8283 3.3595 3.8648 -1.6705 -2.6192 -1.7457 -1.7361 -3.2858 -2.2505 -3.9456 -2.428 -0.7988 0.0981 -0.8835 3.8546 -3.8759 -2.9224 3.4049 1.9189 3.2631 1.1251 -0.1806 -0.0355 -0.1745 1.0743 0.8355 -0.79 -0.0499 -0.4575 0.4442 -1.7567 -0.0419 -0.7865 -0.4251 -2.4153 2.5252 -0.5659 -2.5243 0.2497 0.6732 1.1581 -0.091 -0.7236 -1.256 -0.5838 0.9244 0.7091 0.9758 0.0684 -0.161 -2.434 1.1129 2.3252 -1.0798 2.1403 -2.6343 3.0469 1.7665 -0.3578 -3.3492 -2.8027 3.7925 1.7153 2.2409 -4.0514 0.0841 1.4545 2.1954 2.2716 1.5344 2.4864 -3.4586 1.6522 1.4073 -0.0079 3.8792 -3.8077 3.3783 1.4523 3.3582 2.3854 3.6763 1.9815 0.6807 -3.3279 -3.8298 1.4163 2.9588 3.2691 0.6589 
-2.2407 -3.2338 -1.4425 -0.7509 -1.6608 -2.6073 2.3156 -0.3084 -2.629 -1.7041 -3.3598 -2.2932 -3.3392 2.3786 -1.1557 -2.1553 -3.4152 3.7837 -2.8449 3.3483 3.8599 -1.6402 -2.6166 -1.7401 -1.6975 -3.2984 -2.2265 -3.9331 -2.4258 -0.7885 0.1053 -0.8526 3.8483 -3.8936 -2.9234 3.3737 1.9333 3.2636 1.1224 -0.2063 -0.033 -0.1399 1.063 0.8503 -0.7685 -0.0635 -0.4479 0.4511 -1.8144 -0.0497 -0.8051 -0.4156 -2.4305 2.5224 -0.5576 -2.5459 0.2632 0.6758 1.1514 -0.0997 -0.7144 -1.2531 -0.6019 0.9517 0.76 1.0146 0.0582 -0.1786 -2.4719 1.0986 2.3441 -1.0787 2.1395 -2.606 3.0378 1.7422 -0.3957 -3.3165 -2.7822 3.7815 1.6968 2.1905 -4.0099 0.0734 1.4331 2.2032 2.2571 1.5528 2.4928 -3.4501 1.6407 1.3936 -0.0267 3.8777 -3.7933 3.3832 1.4512 3.3594 2.3521 3.6987 1.9845 0.6396 -3.3255 -3.8031 1.4136 2.9536 3.294 0.6392 
-2.2325 -3.2276 -1.447 -0.7332 -1.6662 -2.594 2.2974 -0.3067 -2.6133 -1.7119 -3.3473 -2.2756 -3.3304 2.3168 -1.1449 -2.1423 -3.4018 3.7633 -2.8613 3.3385 3.8551 -1.6099 -2.6141 -1.7332 -1.6579 -3.3111 -2.2027 -3.9211 -2.4236 -0.7783 0.1119 -0.8216 3.8422 -3.912 -2.9242 3.3426 1.9479 3.2509 1.1197 -0.2321 -0.0304 -0.1045 1.0516 0.8649 -0.7467 -0.077 -0.4381 0.4581 -1.8725 -0.0574 -0.8242 -0.4061 -2.4457 2.5195 -0.5499 -2.5688 0.2768 0.6784 1.1446 -0.1085 -0.7053 -1.2501 -0.6198 0.9786 0.8054 1.054 0.0477 -0.196 -2.5097 1.0843 2.363 -1.0773 2.1388 -2.5773 3.0286 1.7178 -0.4347 -3.2834 -2.7615 3.7835 1.682 2.1398 -3.9685 0.0635 1.4117 2.2109 2.243 1.5713 2.4991 -3.4413 1.6289 1.3804 -0.0456 3.8761 -3.7783 3.3883 1.4501 3.3606 2.3187 3.7212 1.9873 0.5986 -3.3227 -3.776 1.4154 2.9485 3.3188 0.6159 
-2.2243 -3.2216 -1.4512 -0.7155 -1.6708 -2.5815 2.2789 -0.3043 -2.5977 -1.7198 -3.3351 -2.2582 -3.3216 2.2546 -1.1338 -2.1293 -3.3883 3.7428 -2.8775 3.3291 3.8504 -1.5797 -2.6116 -1.7252 -1.6175 -3.3243 -2.179 -3.9093 -2.4216 -0.7681 0.1182 -0.7907 3.8362 -3.9308 -2.9249 3.3119 1.9632 3.226 1.117 -0.258 -0.0279 -0.0688 1.0403 0.8795 -0.7248 -0.0903 -0.4283 0.465 -1.931 -0.0652 -0.8438 -0.3966 -2.461 2.5167 -0.5426 -2.5928 0.2905 0.681 1.1377 -0.1173 -0.6965 -1.2468 -0.6377 1.0001 0.8451 1.0935 0.0369 -0.2131 -2.5474 1.07 2.3817 -1.0758 2.1382 -2.5481 3.0191 1.6934 -0.4747 -3.2501 -2.7407 3.7978 1.6746 2.0887 -3.9274 0.0542 1.3902 2.2185 2.2292 1.5898 2.5052 -3.4322 1.617 1.3681 -0.0646 3.8745 -3.7629 3.3936 1.4491 3.3618 2.2851 3.7439 1.99 0.5579 -3.3197 -3.7485 1.4208 2.9432 3.3435 0.5905 
-2.2162 -3.2156 -1.4551 -0.6977 -1.6746 -2.5697 2.26 -0.3016 -2.5821 -1.7277 -3.3231 -2.2409 -3.3128 2.1923 -1.1223 -2.1164 -3.3743 3.7222 -2.8935 3.3199 3.8457 -1.5496 -2.6091 -1.7164 -1.5765 -3.3379 -2.1553 -3.8977 -2.4196 -0.7579 0.1245 -0.7597 3.8302 -3.9501 -2.9255 3.2821 1.9801 3.195 1.1144 -0.2841 -0.0253 -0.0329 1.0289 0.8939 -0.7028 -0.1034 -0.4184 0.472 -1.9901 -0.073 -0.8636 -0.3871 -2.4762 2.5138 -0.5355 -2.6176 0.3042 0.6835 1.1307 -0.1263 -0.6878 -1.2433 -0.6553 1.0124 0.8797 1.1331 0.0258 -0.2299 -2.5849 1.0555 2.3996 -1.0741 2.1376 -2.5184 3.0095 1.6689 -0.5151 -3.2165 -2.72 3.8181 1.6773 2.0373 -3.8872 0.0455 1.3687 2.226 2.2156 1.6084 2.5113 -3.4228 1.6048 1.3575 -0.0837 3.8729 -3.7472 3.3991 1.4481 3.3631 2.2514 3.7667 1.9926 0.5172 -3.3164 -3.7209 1.4277 2.9379 3.3683 0.5643 
-2.208 -3.2095 -1.4588 -0.6797 -1.6774 -2.5584 2.2408 -0.2988 -2.5666 -1.7355 -3.3113 -2.2238 -3.304 2.1303 -1.1104 -2.1035 -3.3585 3.7016 -2.9093 3.3108 3.8411 -1.5196 -2.6065 -1.7071 -1.5352 -3.352 -2.1317 -3.8861 -2.4177 -0.7477 0.1308 -0.7287 3.8244 -3.9695 -2.926 3.2548 1.9993 3.1618 1.1118 -0.3103 -0.0228 0.003 1.0174 0.9081 -0.6808 -0.1163 -0.4084 0.4789 -2.0496 -0.0808 -0.8838 -0.3775 -2.4913 2.5109 -0.5284 -2.643 0.318 0.686 1.1235 -0.1353 -0.6793 -1.2396 -0.6729 1.016 0.9095 1.1727 0.0144 -0.2464 -2.6225 1.0411 2.4151 -1.0724 2.1372 -2.488 2.9997 1.6442 -0.5559 -3.1828 -2.6995 3.8403 1.6887 1.9855 -3.8491 0.0372 1.3472 2.2335 2.2023 1.6271 2.5172 -3.4131 1.5925 1.3498 -0.1027 3.8713 -3.7315 3.4047 1.4471 3.3644 2.2176 3.7895 1.995 0.4767 -3.3128 -3.693 1.4338 2.9326 3.3931 0.5378 
-2.1999 -3.2033 -1.4623 -0.6616 -1.679 -2.5473 2.2213 -0.296 -2.551 -1.7432 -3.2996 -2.2068 -3.2952 2.0692 -1.0982 -2.0905 -3.3384 3.681 -2.925 3.3018 3.8367 -1.4897 -2.604 -1.6976 -1.4936 -3.3666 -2.1081 -3.8746 -2.4159 -0.7377 0.1372 -0.6978 3.8186 -3.989 -2.9264 3.2326 2.0211 3.1281 1.1092 -0.3366 -0.0203 0.0386 1.0059 0.9222 -0.6588 -0.1289 -0.3983 0.4859 -2.1094 -0.0888 -0.9043 -0.3679 -2.5065 2.5081 -0.5213 -2.6686 0.3319 0.6884 1.1162 -0.1445 -0.671 -1.2358 -0.6903 1.0144 0.9343 1.2123 0.0027 -0.2626 -2.6599 1.0265 2.4256 -1.071 2.1368 -2.457 2.9896 1.6194 -0.5967 -3.1488 -2.6797 3.8629 1.7049 1.9332 -3.8157 0.0294 1.3257 2.2408 2.1893 1.6458 2.523 -3.403 1.58 1.3452 -0.1213 3.8696 -3.7158 3.4104 1.4461 3.3658 2.1837 3.8123 1.9972 0.4362 -3.309 -3.6651 1.4379 2.9272 3.4178 0.5116 
-2.1917 -3.1968 -1.4656 -0.6432 -1.679 -2.5363 2.2014 -0.2933 -2.5355 -1.7508 -3.288 -2.1899 -3.2864 2.0103 -1.0858 -2.0774 -3.3115 3.6604 -2.9404 3.2928 3.8322 -1.4599 -2.6016 -1.6881 -1.4519 -3.3814 -2.0845 -3.863 -2.4142 -0.7276 0.1437 -0.6668 3.8127 -4.0085 -2.9268 3.2186 2.0449 3.0944 1.1067 -0.3629 -0.0179 0.074 0.9944 0.9358 -0.6367 -0.1413 -0.3881 0.4929 -2.1695 -0.0969 -0.925 -0.3583 -2.5215 2.5053 -0.5141 -2.6942 0.3458 0.6909 1.1087 -0.1538 -0.6628 -1.2317 -0.7075 1.0104 0.9546 1.2518 -0.0093 -0.2783 -2.6973 1.0119 2.4278 -1.0705 2.1365 -2.4255 2.9793 1.5945 -0.6377 -3.1146 -2.6609 3.8851 1.7233 1.8809 -3.7894 0.0219 1.3042 2.2481 2.1765 1.6646 2.5286 -3.3927 1.5674 1.3426 -0.139 3.8679 -3.7004 3.4163 1.4452 3.3672 2.1498 3.835 1.9993 0.3959 -3.3049 -3.6371 1.4401 2.9218 3.4426 0.4855 
-2.1836 -3.1899 -1.4688 -0.6246 -1.6771 -2.5254 2.1812 -0.2906 -2.5199 -1.7581 -3.2764 -2.1731 -3.2777 1.9562 -1.0734 -2.0643 -3.2773 3.6397 -2.9557 3.2839 3.8279 -1.4303 -2.5993 -1.6788 -1.4102 -3.3964 -2.0609 -3.8514 -2.4125 -0.7177 0.1502 -0.6358 3.8069 -4.0277 -2.927 3.2147 2.0698 3.0608 1.1042 -0.3891 -0.0155 0.1091 0.9827 0.948 -0.6145 -0.1534 -0.3777 0.5 -2.2296 -0.1051 -0.9458 -0.3487 -2.5365 2.5025 -0.5069 -2.7197 0.3598 0.6932 1.1011 -0.163 -0.6547 -1.2275 -0.7247 1.0054 0.9716 1.2908 -0.0215 -0.2933 -2.7346 0.9971 2.4202 -1.0718 2.1361 -2.3938 2.9687 1.5694 -0.679 -3.0803 -2.6437 3.9068 1.7423 1.8295 -3.7706 0.0147 1.2827 2.2554 2.164 1.6834 2.5342 -3.3822 1.5546 1.3382 -0.1548 3.8663 -3.6853 3.4224 1.4443 3.3686 2.1162 3.8576 2.0014 0.3557 -3.3006 -3.609 1.4411 2.9162 3.4673 0.4597 
-2.1756 -3.1826 -1.4719 -0.6058 -1.6729 -2.5145 2.1606 -0.2879 -2.5043 -1.7648 -3.2649 -2.1563 -3.269 1.9099 -1.0611 -2.0512 -3.2382 3.619 -2.9708 3.2752 3.8236 -1.4007 -2.5973 -1.6698 -1.3686 -3.4114 -2.0373 -3.8397 -2.4108 -0.7078 0.1568 -0.6048 3.8009 -4.0467 -2.9273 3.219 2.0951 3.0273 1.1016 -0.4151 -0.0132 0.1439 0.971 0.9564 -0.5923 -0.1652 -0.3673 0.5072 -2.2898 -0.1135 -0.9668 -0.3392 -2.5514 2.4998 -0.4996 -2.7451 0.3737 0.6956 1.0933 -0.1722 -0.6466 -1.223 -0.7417 1.0 0.9868 1.3283 -0.0339 -0.3076 -2.7719 0.9823 2.4042 -1.0764 2.1357 -2.362 2.9579 1.5442 -0.7209 -3.0457 -2.6286 3.928 1.7613 1.7814 -3.7572 0.0078 1.2611 2.2627 2.1517 1.7022 2.5397 -3.3714 1.5416 1.3278 -0.1672 3.8647 -3.6706 3.4286 1.4435 3.37 2.084 3.8802 2.0035 0.3157 -3.296 -3.5808 1.4413 2.9106 3.4921 0.4341 
-2.1676 -3.1749 -1.4749 -0.5868 -1.6661 -2.5036 2.1398 -0.2852 -2.4887 -1.7708 -3.2536 -2.1396 -3.2602 1.8715 -1.0494 -2.0381 -3.1966 3.5983 -2.9858 3.2666 3.8194 -1.3712 -2.5958 -1.6609 -1.327 -3.4263 -2.0136 -3.8281 -2.4092 -0.6979 0.1634 -0.5737 3.7946 -4.0653 -2.9275 3.2286 2.1203 2.9939 1.0991 -0.4407 -0.011 0.1784 0.9592 0.9553 -0.57 -0.1768 -0.3566 0.5145 -2.3499 -0.1222 -0.9878 -0.3301 -2.5662 2.4972 -0.4922 -2.7704 0.3877 0.6979 1.0853 -0.181 -0.6387 -1.2184 -0.7587 0.9944 1.0011 1.362 -0.0461 -0.3207 -2.8092 0.9673 2.3832 -1.0857 2.135 -2.3301 2.9468 1.5189 -0.7638 -3.0109 -2.6159 3.9486 1.7802 1.7422 -3.7464 0.0011 1.2395 2.2704 2.1396 1.7212 2.5451 -3.3605 1.5286 1.3103 -0.1749 3.8631 -3.6563 3.4348 1.4426 3.3715 2.0552 3.9028 2.0056 0.2758 -3.2911 -3.5526 1.4413 2.9049 3.5169 0.4087 
-2.1597 -3.1668 -1.4777 -0.5676 -1.6567 -2.4927 2.1186 -0.2823 -2.4731 -1.7758 -3.2424 -2.1228 -3.2515 1.8379 -1.0387 -2.025 -3.1541 3.5776 -3.0005 3.2581 3.8153 -1.3419 -2.5951 -1.6522 -1.2854 -3.4411 -1.99 -3.8163 -2.4076 -0.6881 0.1701 -0.5426 3.7881 4.0597 -2.9276 3.2405 2.1451 2.9605 1.0966 -0.4659 -0.0088 0.2127 0.9473 0.9383 -0.5477 -0.1882 -0.3459 0.5219 -2.41 -0.131 -1.0089 -0.322 -2.5808 2.4947 -0.4848 -2.7955 0.4018 0.7003 1.0772 -0.1892 -0.6308 -1.2135 -0.7756 0.9888 1.0152 1.3892 -0.0575 -0.3326 -2.8465 0.9522 2.3597 -1.1005 2.1336 -2.2984 2.9355 1.4934 -0.8079 -2.9758 -2.6054 3.9688 1.799 1.7186 -3.7369 -0.0053 1.2178 2.2785 2.1277 1.7406 2.5504 -3.3494 1.5154 1.2881 -0.1769 3.8616 -3.6423 3.4412 1.4419 3.373 2.0324 3.9254 2.0081 0.2364 -3.2861 -3.5243 1.4408 2.8991 3.5417 0.3834 
-2.1519 -3.1584 -1.4805 -0.5483 -1.6452 -2.4817 2.0971 -0.2794 -2.4575 -1.7795 -3.2313 -2.106 -3.2427 1.8062 -1.0294 -2.0121 -3.1114 3.5569 -3.0151 3.2499 3.8112 -1.3125 -2.5956 -1.6437 -1.2438 -3.4556 -1.9663 -3.8045 -2.406 -0.6784 0.1768 -0.5115 3.7812 4.042 -2.9278 3.2534 2.1696 2.9272 1.0941 -0.4907 -0.0068 0.2468 0.9353 0.9052 -0.5253 -0.1993 -0.3349 0.5295 -2.47 -0.1401 -1.03 -0.3158 -2.5953 2.4923 -0.4774 -2.8206 0.4158 0.7025 1.069 -0.1961 -0.6231 -1.2085 -0.7925 0.983 1.0293 1.4085 -0.0672 -0.3433 -2.8838 0.937 2.3352 -1.1206 2.1314 -2.2668 2.9239 1.4678 -0.8534 -2.9404 -2.597 3.9887 1.8177 1.7102 -3.7278 -0.0113 1.1961 2.2876 2.116 1.7614 2.5555 -3.3383 1.5021 1.264 -0.1736 3.8601 -3.6286 3.4476 1.4411 3.3746 2.0169 3.9481 2.0111 0.1975 -3.2808 -3.4959 1.439 2.8932 3.5666 0.3582 
-2.1442 -3.1498 -1.4831 -0.5289 -1.6321 -2.4707 2.0754 -0.2764 -2.4419 -1.7815 -3.2205 -2.0891 -3.234 1.775 -1.022 -1.9991 -3.0687 3.5361 -3.0295 3.2418 3.8072 -1.2831 -2.5975 -1.6353 -1.2022 -3.4699 -1.9428 -3.7927 -2.4045 -0.6687 0.1836 -0.4803 3.7736 4.0249 -2.9279 3.2666 2.1937 2.894 1.0915 -0.5153 -0.0049 0.2808 0.9232 0.862 -0.5028 -0.2102 -0.3237 0.5371 -2.5299 -0.1494 -1.051 -0.3125 -2.6098 2.4899 -0.4702 -2.8455 0.4298 0.7048 1.0606 -0.2011 -0.6158 -1.2033 -0.8093 0.9772 1.0435 1.4213 -0.0743 -0.3533 -2.9212 0.9216 2.3105 -1.1447 2.1279 -2.2353 2.9122 1.4421 -0.9005 -2.9048 -2.5902 4.0084 1.8363 1.7105 -3.7189 -0.0166 1.1743 2.2978 2.1044 1.7853 2.5606 -3.327 1.4887 1.2402 -0.1663 3.8588 -3.6152 3.454 1.4404 3.3762 2.007 3.9711 2.0148 0.1595 -3.2753 -3.4674 1.4342 2.8871 3.5915 0.3331 
-2.1366 -3.1411 -1.4855 -0.5095 -1.6178 -2.4597 2.0537 -0.2732 -2.4263 -1.7816 -3.21 -2.0721 -3.2251 1.7437 -1.0166 -1.986 -3.0263 3.5154 -3.0438 3.2339 3.8032 -1.2535 -2.6012 -1.6271 -1.1606 -3.484 -1.9195 -3.7808 -2.403 -0.659 0.1904 -0.4491 3.7651 4.0084 -2.928 3.2798 2.2174 2.8608 1.0889 -0.5405 -0.0031 0.3147 0.9109 0.8104 -0.4802 -0.2207 -0.3123 0.5448 -2.5896 -0.1591 -1.072 -0.3124 -2.6244 2.4878 -0.4631 -2.8703 0.4438 0.7071 1.052 -0.2035 -0.6094 -1.1979 -0.8261 0.9713 1.0579 1.4298 -0.0783 -0.3632 -2.9585 0.906 2.2858 -1.1713 2.1233 -2.204 2.9002 1.4163 -0.9488 -2.8689 -2.5843 4.028 1.855 1.7142 -3.7101 -0.0206 1.1524 2.3092 2.093 1.8141 2.5656 -3.3157 1.4753 1.2208 -0.1564 3.8575 -3.602 3.4604 1.4398 3.3778 1.9999 3.9947 2.0195 0.123 -3.2697 -3.4388 1.4245 2.8809 3.6164 0.3081 
-2.1291 -3.1324 -1.4879 -0.49 -1.6027 -2.4488 2.032 -0.2701 -2.4108 -1.7798 -3.1996 -2.0551 -3.2163 1.7123 -1.013 -1.9723 -2.9842 3.4947 -3.0578 3.2262 3.7993 -1.2235 -2.6066 -1.619 -1.1189 -3.4979 -1.8966 -3.7689 -2.4016 -0.6493 0.1971 -0.4178 3.7553 3.9925 -2.9281 3.2927 2.2407 2.8276 1.0863 -0.5667 -0.0014 0.3486 0.8984 0.7461 -0.4576 -0.2309 -0.3006 0.5526 -2.6494 -0.169 -1.093 -0.3147 -2.6395 2.4857 -0.4562 -2.895 0.4579 0.7093 1.0432 -0.2029 -0.6051 -1.1924 -0.8429 0.9653 1.0726 1.4356 -0.0803 -0.3738 -2.996 0.8902 2.2613 -1.1991 2.1178 -2.1728 2.888 1.3905 -0.998 -2.8327 -2.579 4.0477 1.8737 1.7186 -3.7015 -0.022 1.1303 2.3213 2.0817 1.8481 2.5706 -3.3043 1.4617 1.2126 -0.1452 3.8562 -3.5889 3.4669 1.4391 3.3794 1.9935 4.0192 2.0257 0.0885 -3.2639 -3.4101 1.4096 2.8746 3.6413 0.2831 
-2.1218 -3.1238 -1.4901 -0.4706 -1.5872 -2.4379 2.0107 -0.2675 -2.3953 -1.7761 -3.1896 -2.0387 -3.2073 1.6807 -1.0107 -1.9571 -2.9424 3.4741 -3.0717 3.2186 3.7955 -1.1928 -2.6138 -1.611 -1.0772 -3.5116 -1.8745 -3.7569 -2.4004 -0.6396 0.2039 -0.3864 3.744 3.9772 -2.9281 3.3055 2.2636 2.7944 1.0836 -0.594 0.0001 0.3824 0.8858 0.6696 -0.4348 -0.2408 -0.2887 0.5605 -2.709 -0.1792 -1.1138 -0.3183 -2.6562 2.4838 -0.4496 -2.9195 0.4719 0.7116 1.0343 -0.1996 -0.6052 -1.1867 -0.8597 0.9593 1.0874 1.4392 -0.0811 -0.3857 -3.0335 0.8742 2.2368 -1.2275 2.1117 -2.1416 2.8755 1.3646 -1.0472 -2.7962 -2.5741 4.0675 1.8924 1.7229 -3.693 -0.0187 1.1082 2.334 2.0705 1.8857 2.5754 -3.293 1.448 1.2169 -0.1334 3.8551 -3.5758 3.4733 1.4385 3.381 1.9868 4.045 2.0334 0.0564 -3.258 -3.3813 1.391 2.8682 3.6663 0.2582 
-2.1145 -3.1153 -1.4922 -0.4513 -1.5716 -2.427 1.9898 -0.2678 -2.3798 -1.7708 -3.1797 -2.0246 -3.1984 1.649 -1.0093 -1.9393 -2.9008 3.4535 -3.0854 3.2112 3.7917 -1.1609 -2.6225 -1.6031 -1.0353 -3.5252 -1.8537 -3.7449 -2.3992 -0.6298 0.2105 -0.3549 3.7306 3.9624 -2.9281 3.3182 2.2862 2.7613 1.0808 -0.6223 0.0016 0.4163 0.873 0.5901 -0.412 -0.2505 -0.2764 0.5684 -2.7685 -0.1897 -1.1346 -0.3225 -2.6754 2.482 -0.4434 -2.9439 0.4858 0.7138 1.0252 -0.1943 -0.612 -1.1808 -0.8765 0.9533 1.1024 1.4411 -0.0815 -0.3991 -3.0711 0.858 2.2125 -1.2558 2.1052 -2.1104 2.8629 1.3387 -1.0946 -2.7595 -2.5692 -4.0557 1.9111 1.727 -3.6846 -0.0081 1.0858 2.3469 2.0594 1.9252 2.5801 -3.2816 1.4343 1.2271 -0.1216 3.854 -3.5626 3.4796 1.438 3.3826 1.9794 -4.0707 2.0427 0.0265 -3.252 -3.3524 1.3707 2.8616 3.6913 0.2334 
-2.1073 -3.1069 -1.4941 -0.4322 -1.5558 -2.4162 1.9689 -0.2808 -2.3644 -1.7642 -3.17 -2.0172 -3.1894 1.6171 -1.0085 -1.9176 -2.8591 3.4329 -3.0988 3.204 3.7879 -1.1274 -2.6325 -1.5954 -0.9935 -3.5387 -1.8347 -3.7329 -2.3982 -0.6198 0.217 -0.3234 3.7153 3.9482 -2.9279 3.3307 2.3085 2.7282 1.0779 -0.6513 0.003 0.4503 0.8599 0.5217 -0.3892 -0.2598 -0.2638 0.5764 -2.828 -0.2002 -1.1552 -0.327 -2.6984 2.4804 -0.4376 -2.9685 0.4998 0.716 1.016 -0.1876 -0.6265 -1.1749 -0.8933 0.9473 1.1176 1.4414 -0.0819 -0.4137 -3.1088 0.8415 2.1883 -1.284 2.0986 -2.0793 2.85 1.3129 -1.1355 -2.7226 -2.5642 -4.0355 1.9298 1.7307 -3.6764 0.0106 1.0633 2.3599 2.0483 1.9653 2.5848 -3.2702 1.4205 1.2388 -0.1099 3.853 -3.5494 3.4859 1.4374 3.3842 1.9716 -4.0414 2.0535 -0.0013 -3.2458 -3.3234 1.3495 2.8551 3.7162 0.2087 
-2.1002 -3.0988 -1.496 -0.4134 -1.54 -2.4055 1.9479 -0.3247 -2.3489 -1.7565 -3.1605 -2.0244 -3.1805 1.5851 -1.0078 -1.892 -2.8168 3.4124 -3.1121 3.1969 3.7842 -1.0919 -2.6434 -1.5879 -0.952 -3.5521 -1.8178 -3.7208 -2.3972 -0.6097 0.2233 -0.2917 3.6982 3.9344 -2.9276 3.3431 2.3304 2.6951 1.0749 -0.6807 0.0045 0.4843 0.8467 0.4843 -0.3662 -0.2689 -0.2507 0.5844 -2.8874 -0.2106 -1.1757 -0.3318 -2.7254 2.4789 -0.4326 -2.9939 0.5138 0.7183 1.0066 -0.1801 -0.6467 -1.1687 -0.9103 0.9415 1.1329 1.4405 -0.0824 -0.4292 -3.1465 0.8248 2.1641 -1.3118 2.092 -2.0481 2.8369 1.2871 -1.162 -2.6853 -2.5592 -4.0149 1.9484 1.7341 -3.6683 0.0359 1.0405 2.3729 2.0373 2.0056 2.5893 -3.2588 1.4066 1.2507 -0.0984 3.8521 -3.536 3.4922 1.4369 3.3858 1.9636 -4.0106 2.0654 -0.0275 -3.2397 -3.2944 1.3281 2.8487 3.7412 0.184 
-2.0932 -3.0907 -1.4977 -0.3948 -1.5241 -2.3949 1.9267 -0.399 -2.3334 -1.7481 -3.1512 -2.0511 -3.1715 1.553 -1.0072 -1.8631 -2.7737 3.3921 -3.1251 3.1899 3.7805 -1.0544 -2.655 -1.5809 -0.9118 -3.5654 -1.8032 -3.7087 -2.3964 -0.5992 0.2293 -0.26 3.6798 3.9209 -2.9269 3.3554 2.352 2.6621 1.0717 -0.7103 0.0065 0.5185 0.8332 0.4775 -0.3432 -0.2777 -0.2373 0.5923 -2.9468 -0.2197 -1.1961 -0.3371 -2.7556 2.4775 -0.4284 -3.0202 0.5277 0.7206 0.9971 -0.1722 -0.6701 -1.1625 -0.9274 0.9358 1.1484 1.4387 -0.0831 -0.4451 -3.1842 0.8078 2.14 -1.3392 2.0852 -2.0167 2.8236 1.2613 -1.169 -2.6479 -2.5541 -3.9941 1.9665 1.7373 -3.6605 0.0653 1.0174 2.3858 2.0263 2.0458 2.5938 -3.2474 1.3926 1.2626 -0.0872 3.8513 -3.5225 3.4984 1.4364 3.3874 1.9554 -3.9786 2.0781 -0.0527 -3.2335 -3.2658 1.3066 2.8428 3.7662 0.1594 
-2.0862 -3.0829 -1.4994 -0.3767 -1.5083 -2.3845 1.9052 -0.4852 -2.3179 -1.7392 -3.1421 -2.0923 -3.1626 1.5208 -1.0065 -1.8321 -2.7297 3.3718 -3.1378 3.1831 3.7769 -1.015 -2.667 -1.5746 -0.8747 -3.5786 -1.7908 -3.6965 -2.3957 -0.5885 0.235 -0.2282 3.6605 3.9077 -2.9253 3.3676 2.3733 2.629 1.0683 -0.7398 0.0093 0.5528 0.8194 0.4831 -0.3201 -0.2861 -0.2233 0.6002 -3.0061 -0.2258 -1.2164 -0.3434 -2.7878 2.4764 -0.4252 -3.0474 0.5416 0.7229 0.9875 -0.1643 -0.6946 -1.1562 -0.9446 0.9304 1.164 1.4364 -0.084 -0.461 -3.2218 0.7906 2.1158 -1.3663 2.0785 -1.9853 2.8101 1.2358 -1.1615 -2.6104 -2.549 -3.973 1.9838 1.7403 -3.6529 0.0971 0.9937 2.3987 2.0153 2.086 2.5982 -3.2361 1.3785 1.2746 -0.0763 3.8506 -3.5089 3.5045 1.436 3.389 1.947 -3.9459 2.0912 -0.0769 -3.2273 -3.2379 1.2851 2.8376 3.7912 0.1348 
-2.0793 -3.0752 -1.5009 -0.3589 -1.4924 -2.3742 1.8835 -0.5741 -2.3023 -1.7299 -3.1331 -2.1402 -3.1537 1.4885 -1.0057 -1.8002 -2.6853 3.3517 -3.1503 3.1765 3.7732 -0.974 -2.6792 -1.5695 -0.8439 -3.5918 -1.7801 -3.6844 -2.395 -0.5775 0.2403 -0.1963 3.6409 3.8947 -2.9221 3.3797 2.3943 2.596 1.0647 -0.7694 0.0137 0.5872 0.8052 0.4919 -0.297 -0.2942 -0.209 0.6079 -3.0654 -0.2254 -1.2365 -0.3515 -2.821 2.4753 -0.4231 -3.0752 0.5554 0.7253 0.9777 -0.1563 -0.7186 -1.1498 -0.9619 0.9253 1.1798 1.4339 -0.0851 -0.4767 -3.2591 0.7731 2.0916 -1.393 2.0717 -1.9537 2.7964 1.2105 -1.1472 -2.5728 -2.5438 -3.9516 1.9998 1.743 -3.6454 0.1304 0.9692 2.4115 2.0042 2.126 2.6025 -3.2247 1.3644 1.2869 -0.0656 3.8499 -3.4956 3.5106 1.4356 3.3905 1.9385 -3.9127 2.1046 -0.1006 -3.2211 -3.2115 1.2637 2.8338 3.8161 0.1103 
-2.0725 -3.0676 -1.5023 -0.3414 -1.4764 -2.364 1.8614 -0.6635 -2.2867 -1.7205 -3.1243 -2.1901 -3.1448 1.456 -1.0046 -1.768 -2.6406 3.3317 -3.1626 3.17 3.7696 -0.9321 -2.6915 -1.5661 -0.8224 -3.6049 -1.7707 -3.6722 -2.3945 -0.5661 0.2451 -0.1644 3.6211 3.8819 -2.9164 3.3918 2.415 2.5631 1.0609 -0.7988 0.0205 0.6217 0.79 0.5017 -0.2738 -0.3021 -0.1942 0.6156 -3.1246 -0.2159 -1.2564 -0.362 -2.8544 2.4744 -0.4222 -3.1033 0.5693 0.7277 0.9678 -0.1484 -0.7411 -1.1433 -0.9793 0.9206 1.1956 1.4312 -0.0863 -0.4921 -3.2956 0.7554 2.0674 -1.4194 2.0649 -1.9219 2.7824 1.186 -1.1309 -2.5353 -2.5386 -3.9299 2.0138 1.7456 -3.6382 0.1647 0.9433 2.4242 1.9931 2.1659 2.6067 -3.2134 1.3502 1.3 -0.0552 3.8493 -3.4827 3.5166 1.4351 3.392 1.9301 -3.8794 2.1179 -0.1239 -3.215 -3.1874 1.2423 2.832 3.841 0.086 
-2.0656 -3.0602 -1.5036 -0.3241 -1.4604 -2.354 1.839 -0.7527 -2.271 -1.7113 -3.1156 -2.2403 -3.136 1.4235 -1.0035 -1.7358 -2.596 3.3118 -3.1747 3.1636 3.7661 -0.8897 -2.7038 -1.5649 -0.8096 -3.6179 -1.7621 -3.6599 -2.394 -0.5545 0.2493 -0.1323 3.6013 3.8691 -2.9079 3.4039 2.4354 2.5301 1.0568 -0.8281 0.0299 0.656 0.773 0.5122 -0.2505 -0.3098 -0.1791 0.6232 -3.1838 -0.1976 -1.2761 -0.3753 -2.8877 2.4736 -0.4224 -3.1315 0.5832 0.7302 0.9578 -0.1407 -0.7614 -1.1366 -0.9966 0.9163 1.2115 1.4286 -0.0876 -0.5071 -3.3313 0.7376 2.043 -1.4454 2.058 -1.8902 2.7683 1.1631 -1.1141 -2.498 -2.5334 -3.908 2.025 1.7479 -3.6312 0.1997 0.9161 2.4369 1.9819 2.2057 2.6108 -3.2021 1.3359 1.3141 -0.045 3.8488 -3.4704 3.5226 1.4347 3.3935 1.9219 -3.846 2.1312 -0.1469 -3.2088 -3.1663 1.2213 2.833 3.8659 0.0617 
-2.0589 -3.0529 -1.5048 -0.3069 -1.4442 -2.3442 1.8162 -0.8418 -2.2552 -1.7028 -3.1071 -2.2901 -3.1272 1.3908 -1.0021 -1.7038 -2.5514 3.292 -3.1865 3.1573 3.7625 -0.847 -2.7161 -1.5658 -0.8024 -3.631 -1.7538 -3.6477 -2.3935 -0.5426 0.2531 -0.1002 3.5816 3.8564 -2.8967 3.4159 2.4555 2.4972 1.0524 -0.8572 0.0417 0.6896 0.7528 0.5231 -0.2273 -0.3175 -0.164 0.6308 -3.2429 -0.1738 -1.2957 -0.3911 -2.9207 2.473 -0.4234 -3.1596 0.5972 0.7328 0.9477 -0.1331 -0.7788 -1.13 -1.0134 0.9125 1.2274 1.426 -0.0891 -0.5215 -3.366 0.72 2.0186 -1.4711 2.0511 -1.859 2.754 1.1428 -1.0976 -2.4608 -2.5282 -3.8858 2.0329 1.7499 -3.6243 0.2352 0.8874 2.4494 1.9706 2.2455 2.6149 -3.1909 1.3216 1.3291 -0.035 3.8483 -3.4589 3.5285 1.4344 3.3949 1.9141 -3.8126 2.1443 -0.1699 -3.2026 -3.1476 1.201 2.8374 3.8909 0.0375 
-2.0521 -3.0458 -1.5059 -0.2897 -1.428 -2.3345 1.793 -0.9307 -2.2394 -1.6958 -3.0986 -2.3395 -3.1185 1.3581 -1.0006 -1.672 -2.5069 3.2724 -3.1982 3.1512 3.759 -0.8044 -2.7282 -1.5678 -0.7976 -3.644 -1.7456 -3.6354 -2.3932 -0.5305 0.2564 -0.068 3.5621 3.8437 -2.884 3.428 2.4754 2.4643 1.0478 -0.8862 0.0552 0.722 0.7283 0.5347 -0.204 -0.3251 -0.1494 0.6384 -3.302 -0.1475 -1.315 -0.4089 -2.9534 2.4725 -0.425 -3.1877 0.6112 0.7354 0.9375 -0.1256 -0.7935 -1.1232 -1.0288 0.909 1.2434 1.4235 -0.0907 -0.5353 -3.4002 0.703 1.994 -1.4966 2.0441 -1.8291 2.7395 1.1262 -1.0815 -2.4238 -2.523 -3.8634 2.0374 1.7517 -3.6177 0.2709 0.8576 2.462 1.9592 2.2852 2.6189 -3.1796 1.3072 1.3449 -0.025 3.8478 -3.448 3.5344 1.434 3.3963 1.9069 -3.7794 2.1572 -0.193 -3.1964 -3.1306 1.182 2.8451 3.9158 0.0134 
-2.0455 -3.0388 -1.5069 -0.2725 -1.4115 -2.325 1.7695 -1.0195 -2.2235 -1.6912 -3.0903 -2.3887 -3.1099 1.3251 -0.9989 -1.6404 -2.4626 3.2528 -3.2097 3.1452 3.7555 -0.762 -2.7401 -1.5702 -0.7937 -3.6569 -1.7373 -3.623 -2.3929 -0.5183 0.2593 -0.0358 3.5429 3.831 -2.8704 3.44 2.495 2.4314 1.0432 -0.9151 0.0698 0.7521 0.6997 0.5467 -0.1807 -0.3328 -0.1362 0.6461 -3.3611 -0.1204 -1.3341 -0.4278 -2.9859 2.4721 -0.4271 -3.2157 0.6254 0.7382 0.9272 -0.1183 -0.8056 -1.1164 -1.0409 0.9058 1.2593 1.4212 -0.0924 -0.5485 -3.434 0.6873 1.9692 -1.5217 2.037 -1.8025 2.7248 1.1128 -1.0658 -2.3867 -2.5175 -3.8408 2.0388 1.7532 -3.6112 0.3067 0.8272 2.4745 1.9477 2.3249 2.6229 -3.1684 1.2927 1.3612 -0.0151 3.8474 -3.4374 3.5403 1.4337 3.3976 1.9004 -3.7462 2.17 -0.2162 -3.1902 -3.1144 1.1653 2.8559 3.9408 -0.0105 
-2.0388 -3.0319 -1.5077 -0.2553 -1.395 -2.3156 1.7457 -1.1081 -2.2074 -1.6887 -3.0821 -2.4376 -3.1014 1.292 -0.9972 -1.609 -2.4185 3.2334 -3.221 3.1392 3.752 -0.7198 -2.7518 -1.5729 -0.79 -3.6699 -1.7287 -3.6106 -2.3926 -0.5061 0.2619 -0.0035 3.5238 3.8184 -2.8565 3.452 2.5144 2.3986 1.0389 -0.9438 0.0848 0.7795 0.6682 0.5593 -0.1574 -0.3405 -0.1258 0.654 -3.4202 -0.0933 -1.3529 -0.4474 -3.0181 2.4719 -0.4294 -3.2436 0.6398 0.741 0.9169 -0.111 -0.8156 -1.1095 -1.0468 0.9029 1.2753 1.419 -0.0943 -0.5611 -3.468 0.6737 1.9442 -1.5465 2.0298 -1.7821 2.71 1.1015 -1.0506 -2.3496 -2.5112 -3.8179 2.038 1.7544 -3.6049 0.3426 0.7964 2.4869 1.936 2.3645 2.6267 -3.1571 1.2781 1.3775 -0.0053 3.847 -3.4275 3.5461 1.4334 3.3989 1.8947 -3.7132 2.1825 -0.2397 -3.1839 -3.0985 1.1515 2.8691 3.9658 -0.0344 
-2.0322 -3.0251 -1.5085 -0.2381 -1.3782 -2.3063 1.7216 -1.196 -2.1913 -1.6879 -3.0739 -2.4864 -3.0929 1.2587 -0.9953 -1.5777 -2.3746 3.2141 -3.2323 3.133 3.7486 -0.6778 -2.7634 -1.5762 -0.7863 -3.6828 -1.7199 -3.5982 -2.3924 -0.4939 0.2642 0.0288 3.505 3.8061 -2.8424 3.464 2.5336 2.3657 1.0358 -0.9723 0.1 0.804 0.6349 0.5722 -0.1341 -0.3481 -0.12 0.6622 -3.4792 -0.0665 -1.3714 -0.4674 -3.05 2.4717 -0.4319 -3.2715 0.6546 0.744 0.9065 -0.1039 -0.8239 -1.1025 -1.0438 0.9001 1.2912 1.4169 -0.0962 -0.5732 -3.502 0.6632 1.9191 -1.5711 2.0226 -1.7705 2.6951 1.091 -1.0357 -2.3124 -2.5031 -3.7949 2.0355 1.7552 -3.5987 0.3786 0.7656 2.4993 1.9241 2.4041 2.6305 -3.1459 1.2635 1.3937 0.0046 3.8466 -3.4193 3.552 1.433 3.4001 1.8899 -3.6802 2.1948 -0.2633 -3.1775 -3.0827 1.1405 2.8838 3.9908 -0.0581 
-2.0257 -3.0184 -1.5092 -0.221 -1.3612 -2.2967 1.6972 -1.2822 -2.175 -1.6892 -3.0657 -2.5352 -3.0847 1.2252 -0.9933 -1.5464 -2.3311 3.195 -3.2434 3.1266 3.7452 -0.636 -2.7747 -1.5806 -0.7823 -3.6957 -1.7106 -3.5858 -2.3922 -0.4818 0.2663 0.0612 3.4864 3.7941 -2.8284 3.4761 2.5526 2.3329 1.0348 -1.0007 0.1152 0.8264 0.6008 0.5855 -0.1107 -0.3558 -0.1202 0.6709 -3.5381 -0.04 -1.3897 -0.4875 -3.0817 2.4717 -0.4345 -3.2993 0.67 0.7471 0.8961 -0.0969 -0.8309 -1.0954 -1.0318 0.8973 1.307 1.415 -0.0982 -0.5847 -3.5361 0.656 1.8937 -1.5954 2.0153 -1.7679 2.68 1.0803 -1.0212 -2.2751 -2.4917 -3.7716 2.0321 1.7557 -3.5927 0.4146 0.7348 2.5117 1.9121 2.4437 2.6343 -3.1346 1.2488 1.4097 0.0145 3.8462 -3.4141 3.5578 1.4327 3.4012 1.8859 -3.6474 2.2069 -0.2872 -3.171 -3.067 1.1317 2.8995 4.0158 -0.0817 
-2.0192 -3.012 -1.5098 -0.2042 -1.3441 -2.2871 1.6726 -1.3651 -2.1587 -1.6941 -3.0573 -2.5839 -3.0768 1.1914 -0.9912 -1.5151 -2.2879 3.1762 -3.2545 3.1194 3.7419 -0.5945 -2.7859 -1.5859 -0.7783 -3.7086 -1.701 -3.5733 -2.3921 -0.4699 0.2678 0.0937 3.4679 3.7829 -2.8144 3.4881 2.5714 2.3001 1.0367 -1.029 0.1303 0.8477 0.5666 0.599 -0.0874 -0.3635 -0.1265 0.6801 -3.597 -0.014 -1.4077 -0.5077 -3.1132 2.4719 -0.437 -3.3271 0.6861 0.7503 0.8857 -0.0899 -0.8371 -1.0883 -1.0135 0.8944 1.3227 1.4131 -0.1003 -0.5957 -3.5704 0.6513 1.868 -1.6195 2.0079 -1.7716 2.665 1.0691 -1.0069 -2.2377 -2.4758 -3.7482 2.0283 1.7557 -3.5868 0.4507 0.7043 2.5241 1.8998 2.4833 2.6379 -3.1232 1.2341 1.4254 0.0247 3.8458 -3.4135 3.5636 1.4324 3.4022 1.8827 -3.6146 2.2188 -0.3114 -3.1645 -3.0512 1.1239 2.9157 4.0407 -0.1052 
-2.0128 -3.0056 -1.5102 -0.1877 -1.3267 -2.2775 1.6478 -1.4434 -2.1422 -1.7034 -3.0484 -2.6326 -3.0694 1.1573 -0.9891 -1.4838 -2.2448 3.1576 -3.2654 3.111 3.7386 -0.5533 -2.7969 -1.592 -0.774 -3.7214 -1.691 -3.5607 -2.392 -0.4584 0.2685 0.1264 3.4497 3.7732 -2.8005 3.5001 2.5901 2.2673 1.0416 -1.0571 0.1455 0.8685 0.5328 0.6127 -0.064 -0.3711 -0.1379 0.6901 -3.6559 0.0117 -1.4255 -0.528 -3.1446 2.4721 -0.4394 -3.3549 0.7029 0.7536 0.8753 -0.083 -0.8425 -1.0811 -0.9918 0.8914 1.3384 1.4114 -0.1024 -0.6063 -3.6047 0.6479 1.8421 -1.6433 2.0004 -1.7786 2.65 1.0572 -0.9928 -2.2002 -2.4548 -3.7246 2.0242 1.7554 -3.581 0.4869 0.6739 2.5364 1.8873 2.5228 2.6415 -3.1118 1.2192 1.4409 0.035 3.8453 -3.4177 3.5694 1.432 3.4031 1.8801 -3.5819 2.2305 -0.3357 -3.1579 -3.0355 1.1167 2.932 4.0655 -0.1285 
-2.0065 -2.9994 -1.5106 -0.1716 -1.3091 -2.2687 1.6229 -1.5182 -2.1256 -1.7164 -3.0393 -2.6811 -3.0625 1.1228 -0.9869 -1.4525 -2.2013 3.1392 -3.2762 3.1004 3.7353 -0.5123 -2.8078 -1.5985 -0.7697 -3.7343 -1.6806 -3.5481 -2.3919 -0.4474 0.2675 0.1592 3.4316 3.7655 -2.7866 3.5122 2.6087 2.2344 1.0487 -1.0853 0.1606 0.8891 0.5006 0.6267 -0.0406 -0.3788 -0.1528 0.7009 -3.7148 0.0371 -1.4431 -0.5481 -3.1758 2.4726 -0.4418 -3.3827 0.7205 0.757 0.8648 -0.0762 -0.8477 -1.0739 -0.9686 0.8882 1.3539 1.4098 -0.1047 -0.6165 -3.639 0.6449 1.8159 -1.6669 1.9929 -1.7871 2.6351 1.0447 -0.9788 -2.1627 -2.4297 -3.7007 2.0201 1.7547 -3.5753 0.5232 0.6438 2.5487 1.8746 2.5624 2.6451 -3.1004 1.2044 1.4562 0.0458 3.8449 -3.4261 3.5752 1.4316 3.404 1.8779 -3.5493 2.2421 -0.3601 -3.1513 -3.0197 1.1096 2.9483 -4.053 -0.1517 
-2.0002 -2.9934 -1.5108 -0.1561 -1.2912 -2.2606 1.5977 -1.5915 -2.1088 -1.731 -3.0301 -2.7295 -3.0559 1.0882 -0.9847 -1.421 -2.1571 3.1211 -3.2868 3.087 3.7321 -0.4715 -2.8186 -1.6054 -0.7652 -3.7472 -1.6698 -3.5354 -2.3918 -0.4372 0.2638 0.1921 3.4136 3.7609 -2.7728 3.5243 2.6272 2.2017 1.0573 -1.1137 0.1759 0.9097 0.4709 0.6409 -0.0172 -0.3865 -0.1697 0.7125 -3.7735 0.0621 -1.4608 -0.5681 -3.2069 2.4731 -0.4441 -3.4105 0.7389 0.7606 0.8544 -0.0693 -0.8526 -1.0666 -0.9449 0.8847 1.3693 1.4083 -0.107 -0.6264 -3.6733 0.6418 1.7895 -1.6903 1.9853 -1.7961 2.6205 1.0316 -0.965 -2.1251 -2.4019 -3.6767 2.0161 1.7536 -3.5698 0.5596 0.6139 2.561 1.8616 2.602 2.6486 -3.0889 1.1894 1.4713 0.057 3.8444 -3.437 3.5809 1.4312 3.4048 1.8758 -3.5167 2.2535 -0.3844 -3.1446 -3.0039 1.1024 2.9645 -4.0283 -0.1747 
-1.9941 -2.9876 -1.5109 -0.1411 -1.2731 -2.2531 1.5725 -1.6642 -2.0919 -1.7461 -3.0208 -2.7778 -3.0493 1.0536 -0.9826 -1.3894 -2.1126 3.1033 -3.2972 3.0702 3.729 -0.431 -2.8292 -1.6126 -0.7606 -3.7602 -1.6587 -3.5227 -2.3918 -0.4283 0.2569 0.2253 3.3957 3.7597 -2.759 3.5364 2.6455 2.1689 1.0666 -1.1425 0.1913 0.9303 0.4441 0.6554 0.0062 -0.3943 -0.1876 0.725 -3.8323 0.087 -1.4785 -0.5876 -3.238 2.4739 -0.4463 -3.4383 0.7576 0.7643 0.844 -0.0625 -0.8575 -1.0591 -0.9211 0.881 1.3846 1.4067 -0.1094 -0.6361 -3.7077 0.6386 1.7629 -1.7134 1.9777 -1.8051 2.6065 1.0181 -0.9513 -2.0875 -2.3728 -3.6525 2.0122 1.752 -3.5643 0.5962 0.5841 2.5733 1.8483 2.6416 2.652 -3.0773 1.1745 1.4863 0.0687 3.8438 -3.4493 3.5866 1.4307 3.4055 1.8736 -3.4842 2.2648 -0.4086 -3.1379 -2.9881 1.095 2.9804 -4.0037 -0.1976 
-1.988 -2.9819 -1.5108 -0.1267 -1.2548 -2.2459 1.5471 -1.7369 -2.0747 -1.7613 -3.0115 -2.8258 -3.0428 1.0196 -0.9804 -1.3575 -2.0679 3.0856 -3.3075 3.0501 3.7259 -0.3907 -2.8398 -1.62 -0.7559 -3.7732 -1.6474 -3.5099 -2.3917 -0.4212 0.2479 0.2588 3.3779 3.7618 -2.7453 3.5485 2.6639 2.1361 1.0763 -1.1721 0.2068 0.9509 0.4195 0.6701 0.0296 -0.4022 -0.206 0.7384 -3.891 0.1117 -1.4966 -0.6062 -3.2691 2.4748 -0.4485 -3.4661 0.7767 0.7681 0.8336 -0.0558 -0.8624 -1.0516 -0.8974 0.8774 1.3997 1.405 -0.1118 -0.6457 -3.7421 0.6351 1.7363 -1.7362 1.9701 -1.814 2.5931 1.0043 -0.9376 -2.0498 -2.3432 -3.6281 2.0085 1.7501 -3.559 0.6329 0.5545 2.5856 1.8348 2.6812 2.6553 -3.0656 1.1594 1.5011 0.0808 3.8431 -3.4621 3.5923 1.4302 3.4063 1.8709 -3.4516 2.2759 -0.4324 -3.1312 -2.9724 1.0875 2.9961 -3.9791 -0.2204 
-1.9821 -2.9763 -1.5105 -0.1127 -1.2363 -2.2391 1.5215 -1.8095 -2.0574 -1.7765 -3.0024 -2.8734 -3.0364 0.9878 -0.9783 -1.3255 -2.0231 3.0681 -3.3176 3.0272 3.723 -0.3506 -2.8503 -1.6275 -0.7513 -3.7862 -1.6358 -3.4971 -2.3917 -0.4164 0.2377 0.2925 3.3603 3.7669 -2.7316 3.5606 2.6821 2.1033 1.0861 -1.2032 0.2217 0.9715 0.3961 0.6851 0.053 -0.4101 -0.2245 0.7524 -3.9496 0.1362 -1.515 -0.6235 -3.3005 2.4759 -0.4505 -3.4939 0.7959 0.772 0.8231 -0.049 -0.8673 -1.044 -0.8737 0.8745 1.4147 1.4028 -0.1143 -0.6553 -3.7765 0.6314 1.71 -1.7588 1.9624 -1.8228 2.5807 0.9902 -0.924 -2.012 -2.3134 -3.6035 2.005 1.7478 -3.5538 0.6698 0.5249 2.5979 1.8211 2.7208 2.6586 -3.0538 1.1444 1.5159 0.092 3.8423 -3.4751 3.5979 1.4297 3.4071 1.8673 -3.419 2.2868 -0.4556 -3.1244 -2.9567 1.0798 3.0112 -3.9546 -0.243 
-1.9763 -2.9708 -1.5097 -0.0991 -1.2176 -2.2324 1.4959 -1.8821 -2.0399 -1.7917 -2.9932 -2.9205 -3.0299 0.9613 -0.9762 -1.2933 -1.9783 3.0508 -3.3275 3.0023 3.7201 -0.3107 -2.8607 -1.6352 -0.7471 -3.7992 -1.6242 -3.4842 -2.3917 -0.4146 0.2269 0.3264 3.3427 3.7739 -2.718 3.5728 2.7004 2.0705 1.0959 -1.2365 0.2347 0.9922 0.3732 0.7005 0.0764 -0.418 -0.2427 0.7671 -4.0082 0.1608 -1.5341 -0.6387 -3.3323 2.4772 -0.4525 -3.5217 0.815 0.7761 0.8125 -0.0422 -0.8724 -1.0362 -0.8501 0.8741 1.4295 1.3998 -0.1169 -0.6651 -3.811 0.6275 1.6845 -1.7812 1.9547 -1.8314 2.5694 0.976 -0.9105 -1.974 -2.2837 -3.5788 2.0017 1.7451 -3.5487 0.7069 0.4954 2.6102 1.8071 2.7604 2.6618 -3.0418 1.1292 1.5306 0.0998 3.8414 -3.488 3.6035 1.4291 3.4082 1.8626 -3.3863 2.2976 -0.4776 -3.1176 -2.941 1.0718 3.0259 -3.9301 -0.2655 
-1.9706 -2.9655 -1.5083 -0.0857 -1.1986 -2.226 1.4701 -1.9546 -2.022 -1.8069 -2.9842 -2.9666 -3.0235 0.9448 -0.9742 -1.2614 -1.9333 3.0336 -3.3372 2.9761 3.7173 -0.271 -2.8711 -1.6431 -0.7445 -3.8122 -1.6126 -3.4713 -2.3917 -0.4164 0.2158 0.3605 3.3252 3.7823 -2.7043 3.5849 2.7186 2.0377 1.1056 -1.2724 0.2429 1.0128 0.351 0.7161 0.0998 -0.4255 -0.2606 0.7821 -4.0668 0.1853 -1.5537 -0.6515 -3.365 2.4787 -0.4545 -3.5495 0.834 0.7802 0.8017 -0.0355 -0.8775 -1.0284 -0.8266 0.8794 1.4441 1.3953 -0.1196 -0.6753 -3.8456 0.6234 1.6606 -1.8032 1.9471 -1.8399 2.5595 0.9617 -0.897 -1.9358 -2.2541 -3.5539 1.9985 1.742 -3.544 0.7441 0.466 2.6225 1.7928 2.8001 2.6649 -3.0298 1.1141 1.5453 0.0998 3.8404 -3.5009 3.6091 1.4284 3.4096 1.8565 -3.3536 2.3083 -0.4974 -3.1108 -2.9253 1.0637 3.0398 -3.9056 -0.2879 
-1.9651 -2.96 -1.5062 -0.0725 -1.1795 -2.2197 1.4442 -2.0271 -2.0039 -1.822 -2.9751 -3.0114 -3.0171 0.9424 -0.9723 -1.2307 -1.8884 3.0165 -3.3467 2.9492 3.7147 -0.2315 -2.8814 -1.6511 -0.7457 -3.8252 -1.6013 -3.4583 -2.3917 -0.4224 0.2044 0.3947 3.3078 3.7915 -2.6907 3.5971 2.7368 2.0049 1.1153 -1.3112 0.2431 1.0335 0.3294 0.7319 0.1231 -0.4316 -0.2781 0.7974 4.018 0.2099 -1.5738 -0.6615 -3.3988 2.4805 -0.4563 -3.5774 0.8527 0.7845 0.7905 -0.0287 -0.8828 -1.0204 -0.8031 0.8938 1.4585 1.3886 -0.1223 -0.6863 -3.8803 0.6192 1.639 -1.8251 1.9394 -1.8482 2.551 0.9474 -0.8836 -1.8973 -2.2246 -3.5288 1.9955 1.7385 -3.5395 0.7815 0.4366 2.6348 1.7785 2.8398 2.668 -3.0176 1.0989 1.5601 0.0885 3.8393 -3.5138 3.6146 1.4276 3.4116 1.8489 -3.3207 2.3189 -0.5128 -3.104 -2.9098 1.0553 3.0529 -3.8811 -0.3101 
-1.9597 -2.9545 -1.5032 -0.0591 -1.1601 -2.2135 1.4183 -2.0995 -1.9855 -1.8371 -2.9662 -3.0547 -3.0107 0.9529 -0.9705 -1.2041 -1.8433 2.9995 -3.356 2.9219 3.7121 -0.1922 -2.8918 -1.6593 -0.7528 -3.8381 -1.59 -3.4452 -2.3917 -0.4333 0.1928 0.4291 3.2904 3.801 -2.6772 3.6092 2.7549 1.9721 1.1249 -1.3526 0.2349 1.0541 0.3089 0.748 0.1463 -0.4335 -0.2953 0.8128 3.9595 0.2345 -1.5943 -0.6691 -3.4342 2.4824 -0.4582 -3.6052 0.8712 0.7889 0.7788 -0.022 -0.8882 -1.0123 -0.7795 0.9181 1.4727 1.3794 -0.1251 -0.6984 -3.9152 0.6148 1.6202 -1.847 1.9318 -1.8565 2.544 0.9331 -0.8701 -1.8586 -2.1951 -3.5036 1.9926 1.7347 -3.5355 0.819 0.4072 2.6472 1.764 2.8795 2.6709 -3.0052 1.0836 1.575 0.0674 3.838 -3.5266 3.62 1.4266 3.4144 1.8399 -3.2877 2.3293 -0.5219 -3.0971 -2.8943 1.0467 3.0648 -3.8565 -0.3323 
-1.9545 -2.9486 -1.4994 -0.0457 -1.1407 -2.2076 1.3923 -2.1718 -1.9666 -1.8521 -2.9572 -3.0962 -3.0043 0.9715 -0.9688 -1.1867 -1.7982 2.9826 -3.3652 2.8944 3.7097 -0.153 -2.9021 -1.6676 -0.7648 -3.8509 -1.5784 -3.432 -2.3918 -0.4494 0.1809 0.4636 3.2731 3.8108 -2.6636 3.6214 2.773 1.9393 1.1343 -1.3961 0.2215 1.0747 0.2897 0.7644 0.1695 -0.426 -0.312 0.8281 3.9011 0.2592 -1.615 -0.675 -3.4712 2.4846 -0.46 -3.6331 0.8895 0.7934 0.7664 -0.0152 -0.8937 -1.0041 -0.756 0.9492 1.4866 1.3683 -0.128 -0.712 -3.9502 0.6102 1.6039 -1.8692 1.9242 -1.8647 2.5381 0.9188 -0.8567 -1.8196 -2.1657 -3.4783 1.9898 1.7306 -3.5322 0.8565 0.3779 2.6595 1.7495 2.9193 2.6738 -2.9927 1.0683 1.59 0.0414 3.8365 -3.5396 3.6253 1.4254 3.4182 1.8295 -3.2546 2.3396 -0.5259 -3.0902 -2.8788 1.0378 3.0753 -3.832 -0.3543 
-1.9495 -2.9422 -1.4949 -0.032 -1.121 -2.2018 1.3663 -2.2441 -1.9475 -1.8671 -2.9483 -3.1361 -2.9978 0.9941 -0.9673 -1.1832 -1.7529 2.9656 -3.3742 2.8669 3.7074 -0.1139 -2.9125 -1.6761 -0.7791 -3.8637 -1.5656 -3.4188 -2.3918 -0.4708 0.1688 0.4981 3.2558 3.8206 -2.65 3.6336 2.7911 1.9065 1.1437 -1.441 0.2066 1.0952 0.2723 0.7809 0.1926 -0.4045 -0.3283 0.8434 3.8428 0.2839 -1.6357 -0.6797 -3.5098 2.487 -0.4618 -3.661 0.9075 0.7981 0.7532 -0.0084 -0.8994 -0.9958 -0.7324 0.9836 1.5004 1.3561 -0.131 -0.7273 -3.9855 0.6055 1.5894 -1.8923 1.9166 -1.8729 2.5333 0.9045 -0.8433 -1.7804 -2.1362 -3.4528 1.9872 1.7262 -3.5297 0.8942 0.3487 2.6719 1.7351 2.9591 2.6767 -2.98 1.053 1.6051 0.0146 3.8349 -3.5526 3.6306 1.4239 3.4232 1.8179 -3.2213 2.3498 -0.5275 -3.0832 -2.8635 1.0287 3.0844 -3.8074 -0.3762 
-1.9446 -2.935 -1.4901 -0.018 -1.1013 -2.1962 1.3402 -2.3163 -1.9279 -1.8819 -2.9394 -3.1746 -2.9914 1.0182 -0.9658 -1.1924 -1.7076 2.9487 -3.383 2.8394 3.7053 -0.075 -2.923 -1.6848 -0.7941 -3.8764 -1.5508 -3.4055 -2.3919 -0.4969 0.1566 0.5326 3.2386 3.8304 -2.6364 3.6458 2.8091 1.8737 1.1529 -1.4868 0.1924 1.1157 0.2568 0.7976 0.2155 -0.3703 -0.3443 0.8583 3.7845 0.3088 -1.6562 -0.6838 -3.5497 2.4896 -0.4636 -3.6889 0.9253 0.8028 0.739 -0.0016 -0.9053 -0.9873 -0.7087 1.0193 1.5139 1.3436 -0.134 -0.7443 -4.0209 0.6007 1.576 -1.9169 1.9091 -1.881 2.5293 0.8903 -0.8299 -1.7412 -2.1067 -3.4272 1.9846 1.7215 -3.5282 0.9319 0.3195 2.6843 1.721 2.999 2.6794 -2.9671 1.0376 1.6205 -0.0115 3.8332 -3.5658 3.6359 1.4219 3.4293 1.8054 -3.1878 2.3599 -0.5283 -3.0762 -2.8482 1.0193 3.092 -3.7828 -0.398 
-1.9399 -2.9267 -1.4849 -0.0038 -1.0814 -2.1909 1.3142 -2.3884 -1.908 -1.8966 -2.9306 -3.2121 -2.985 1.0429 -0.9643 -1.2084 -1.6623 2.9318 -3.3915 2.8119 3.7033 -0.0363 -2.9335 -1.6936 -0.8093 -3.8891 -1.5335 -3.3922 -2.3919 -0.5268 0.1444 0.5671 3.2214 3.8402 -2.6229 3.658 2.8271 1.8409 1.1619 -1.5331 0.1797 1.1363 0.2433 0.8144 0.2384 -0.3291 -0.3599 0.8729 3.7263 0.3338 -1.6767 -0.6878 -3.5905 2.4925 -0.4654 -3.7168 0.9429 0.8077 0.7235 0.0052 -0.9113 -0.9787 -0.6849 1.0552 1.5273 1.3315 -0.1371 -0.7625 -4.0565 0.5957 1.5632 -1.9434 1.9016 -1.889 2.5259 0.8762 -0.8164 -1.7027 -2.077 -3.4016 1.9821 1.7165 -3.5279 0.9695 0.2906 2.6967 1.7076 3.039 2.682 -2.954 1.0221 1.6361 -0.0364 3.8313 -3.579 3.6411 1.419 3.4365 1.7922 -3.1543 2.3698 -0.5292 -3.0691 -2.8331 1.0098 3.0983 -3.7581 -0.4197 
-1.9354 -2.9172 -1.4795 0.0109 -1.0611 -2.1857 1.2881 -2.4605 -1.8877 -1.9112 -2.9218 -3.249 -2.9786 1.0674 -0.9628 -1.2273 -1.6171 2.9149 -3.3998 2.7843 3.7014 0.0021 -2.9441 -1.7027 -0.8246 -3.9018 -1.5138 -3.3787 -2.392 -0.5596 0.1321 0.6016 3.2042 3.8499 -2.6093 3.6702 2.8451 1.8081 1.1708 -1.5796 0.1687 1.1572 0.2317 0.8314 0.2612 -0.2855 -0.3752 0.8869 3.6682 0.359 -1.6969 -0.6918 -3.632 2.4956 -0.4671 -3.7448 0.9604 0.8127 0.7066 0.012 -0.9176 -0.97 -0.661 1.0909 1.5406 1.3205 -0.1403 -0.7803 4.0509 0.5907 1.5507 -1.9715 1.8942 -1.8971 2.5228 0.8621 -0.803 -1.6662 -2.0472 -3.3758 1.9797 1.7112 -3.5291 1.007 0.2622 2.7091 1.6952 3.0789 2.6846 -2.9407 1.0066 1.6519 -0.0602 3.8292 -3.5924 3.6462 1.4149 3.4444 1.7784 -3.1206 2.3796 -0.5303 -3.0619 -2.818 1.0002 3.1036 -3.7334 -0.4413 
-1.9312 -2.9061 -1.474 0.0258 -1.0403 -2.1808 1.2621 -2.5326 -1.8671 -1.9258 -2.9131 -3.2855 -2.9722 1.0918 -0.9611 -1.2469 -1.5721 2.8979 -3.4079 2.7566 3.6996 0.0399 -2.9549 -1.7119 -0.8398 -3.9145 -1.4927 -3.3652 -2.3921 -0.5945 0.1198 0.6361 3.187 3.8596 -2.5957 3.6823 2.8633 1.7752 1.1796 -1.6261 0.1591 1.1785 0.222 0.8485 0.2838 -0.2421 -0.3902 0.9001 3.6101 0.3842 -1.7169 -0.696 -3.6737 2.499 -0.4689 -3.7727 0.9777 0.8178 0.6876 0.0189 -0.924 -0.9611 -0.637 1.1263 1.5538 1.3113 -0.1435 -0.7945 4.015 0.5855 1.5382 -2.0008 1.8868 -1.9052 2.52 0.8481 -0.7895 -1.635 -2.0173 -3.35 1.9774 1.7057 -3.5316 1.0444 0.235 2.7215 1.6843 3.119 2.687 -2.9272 0.991 1.668 -0.0833 3.827 -3.6059 3.6513 1.4092 3.4528 1.7643 -3.0871 2.3892 -0.5316 -3.0546 -2.8031 0.9908 3.108 -3.7087 -0.4628 
-1.9271 -2.8934 -1.4682 0.0412 -1.0181 -2.1761 1.2361 -2.6047 -1.8464 -1.9403 -2.9043 -3.3218 -2.9657 1.1158 -0.9588 -1.2666 -1.5275 2.8809 -3.416 2.7287 3.6979 0.0768 -2.9657 -1.7214 -0.8549 -3.9273 -1.4716 -3.3516 -2.3921 -0.6308 0.1076 0.6705 3.1699 3.8692 -2.5822 3.6945 2.8817 1.7423 1.1883 -1.6726 0.1505 1.2009 0.214 0.8656 0.3064 -0.2011 -0.405 0.912 3.552 0.4097 -1.7367 -0.7004 -3.7156 2.5026 -0.4706 -3.8007 0.9949 0.8229 0.6664 0.0258 -0.9307 -0.9522 -0.6129 1.1613 1.5671 1.3043 -0.1468 -0.8001 3.9791 0.5802 1.5255 -2.0306 1.8796 -1.9132 2.5173 0.8342 -0.7759 -1.6139 -1.9871 -3.3239 1.9752 1.7001 -3.5356 1.0814 0.2105 2.734 1.6749 3.1592 2.6894 -2.9135 0.9753 1.6844 -0.1059 3.8246 -3.6194 3.6564 1.4017 3.4615 1.7498 -3.0537 2.3987 -0.5332 -3.0471 -2.7882 0.9819 3.1119 -3.684 -0.4842 
-1.9232 -2.879 -1.4623 0.057 -0.9932 -2.1716 1.2102 -2.6768 -1.8254 -1.9549 -2.8957 -3.3581 -2.9593 1.1394 -0.9558 -1.286 -1.4838 2.8638 -3.4242 2.7006 3.6961 0.112 -2.9768 -1.7311 -0.8701 -3.9402 -1.4522 -3.3379 -2.3922 -0.6679 0.0954 0.7049 3.1528 3.8787 -2.5686 3.7066 2.9004 1.7093 1.1971 -1.7188 0.1426 1.225 0.2078 0.8828 0.3288 -0.1643 -0.4195 0.9219 3.4939 0.4352 -1.7562 -0.7052 -3.7575 2.5064 -0.4723 -3.8287 1.012 0.8279 0.6426 0.0327 -0.9376 -0.9432 -0.5886 1.1961 1.5804 1.2998 -0.1502 -0.7941 3.943 0.5748 1.5127 -2.0605 1.8724 -1.9212 2.5145 0.8204 -0.7623 -1.6061 -1.9567 -3.2974 1.973 1.6942 -3.5409 1.1182 0.1902 2.7465 1.667 3.1994 2.6917 -2.8996 0.9596 1.701 -0.1279 3.822 -3.6328 3.6614 1.3924 3.4704 1.7352 -3.0206 2.4081 -0.535 -3.0396 -2.7735 0.9743 3.1153 -3.6592 -0.5055 
-1.9195 -2.8627 -1.4562 0.0731 -0.9641 -2.1673 1.1844 -2.7489 -1.8044 -1.9699 -2.8871 -3.3943 -2.9528 1.1624 -0.9517 -1.3049 -1.4413 2.8467 -3.4328 2.6723 3.6941 0.1448 -2.988 -1.741 -0.8852 -3.9533 -1.4368 -3.3242 -2.3924 -0.7052 0.0832 0.7393 3.1357 3.8882 -2.5549 3.7187 2.9194 1.6762 1.2064 -1.7649 0.1352 1.2512 0.2039 0.8999 0.3512 -0.1322 -0.4339 0.9294 3.4357 0.461 -1.7757 -0.7103 -3.7993 2.5105 -0.474 -3.8567 1.0289 0.8324 0.6165 0.0396 -0.9447 -0.9341 -0.5643 1.2309 1.5939 1.2977 -0.1536 -0.7787 3.9068 0.5692 1.4996 -2.09 1.8653 -1.9293 2.5118 0.8066 -0.7487 -1.6097 -1.9262 -3.2702 1.9708 1.6883 -3.5473 1.1545 0.1748 2.759 1.6603 3.2398 2.6938 -2.8855 0.9438 1.7178 -0.1496 3.8193 -3.646 3.6664 1.3817 3.4794 1.7205 -2.988 2.4173 -0.537 -3.0319 -2.7589 0.9687 3.1184 -3.6343 -0.5267 
-1.9161 -2.8446 -1.4502 0.0897 -0.9302 -2.1631 1.1591 -2.8209 -1.7833 -1.9857 -2.8786 -3.4306 -2.9464 1.1846 -0.9461 -1.3228 -1.4002 2.8296 -3.4419 2.6441 3.6917 0.1743 -2.9994 -1.751 -0.9002 -3.9665 -1.4261 -3.3103 -2.3925 -0.7421 0.071 0.7737 3.1186 3.8976 -2.5413 3.7308 2.9387 1.6431 1.2166 -1.8108 0.1281 1.2794 0.2031 0.9166 0.3734 -0.1035 -0.448 0.9347 3.3775 0.4869 -1.7949 -0.7156 -3.8411 2.5148 -0.4757 -3.8847 1.0458 0.836 0.5886 0.0466 -0.9518 -0.9249 -0.5399 1.266 1.6075 1.2976 -0.1571 -0.7596 3.8707 0.5636 1.4864 -2.1191 1.8582 -1.9373 2.5089 0.7929 -0.7352 -1.6199 -1.8957 -3.2423 1.9687 1.6822 -3.5548 1.1904 0.1628 2.7715 1.6543 3.2803 2.6958 -2.8712 0.9281 1.7346 -0.171 3.8165 -3.6588 3.6715 1.3698 3.4883 1.7056 -2.9559 2.4264 -0.539 -3.024 -2.7444 0.9659 3.1213 -3.6094 -0.5477 
-1.9129 -2.8249 -1.4442 0.1067 -0.8927 -2.1591 1.1347 -2.893 -1.7622 -2.0034 -2.8701 -3.4668 -2.9399 1.2058 -0.9389 -1.3388 -1.3607 2.8124 -3.4515 2.6162 3.6887 0.1999 -3.011 -1.7613 -0.9153 -3.98 -1.4197 -3.2963 -2.3926 -0.778 0.0588 0.8081 3.1015 3.9069 -2.5277 3.7428 2.9584 1.6099 1.2284 -1.8569 0.1214 1.3093 0.2065 0.9323 0.3955 -0.0763 -0.4619 0.9381 3.3191 0.513 -1.8141 -0.7212 -3.8829 2.5194 -0.4774 -3.9127 1.0626 0.8378 0.5592 0.0536 -0.9584 -0.9156 -0.5154 1.3016 1.6212 1.2988 -0.1606 -0.7416 3.8345 0.558 1.4729 -2.1478 1.8513 -1.9453 2.506 0.7792 -0.722 -1.633 -1.8656 -3.2138 1.9666 1.6761 -3.563 1.2259 0.1525 2.784 1.6486 3.3209 2.6978 -2.8567 0.9123 1.7512 -0.1922 3.8135 -3.6709 3.6765 1.3571 3.4973 1.6906 -2.9243 2.4353 -0.5408 -3.0159 -2.7301 0.9666 3.1239 -3.5844 -0.5687 
-1.9099 -2.8039 -1.4384 0.1242 -0.8533 -2.1552 1.1121 -2.9651 -1.7414 -2.0241 -2.8616 -3.5032 -2.9334 1.2262 -0.9302 -1.3519 -1.3228 2.7951 -3.4616 2.5889 3.6845 0.2218 -3.0229 -1.7717 -0.9304 -3.9936 -1.4162 -3.2823 -2.3928 -0.8124 0.0466 0.8425 3.0844 3.9162 -2.514 3.7548 2.9782 1.5766 1.2425 -1.9031 0.1153 1.3402 0.2147 0.9461 0.4175 -0.0498 -0.4756 0.9404 3.2605 0.5393 -1.8331 -0.7268 -3.9246 2.5242 -0.4791 -3.9407 1.0794 0.8374 0.529 0.0607 -0.9637 -0.9062 -0.4907 1.3378 1.6349 1.3008 -0.1642 -0.7272 3.7984 0.5522 1.4591 -2.1759 1.8444 -1.9533 2.5029 0.7656 -0.7095 -1.6471 -1.8367 -3.1846 1.9645 1.67 -3.5719 1.2611 0.143 2.7966 1.643 3.3618 2.6996 -2.8421 0.8967 1.7673 -0.2131 3.8105 -3.6818 3.6815 1.344 3.5061 1.6755 -2.8931 2.4441 -0.542 -3.0077 -2.716 0.9707 3.1263 -3.5594 -0.5896 
-1.9071 -2.7818 -1.4331 0.1421 -0.8129 -2.1515 1.0919 -3.0372 -1.7214 -2.0491 -2.8531 -3.5395 -2.927 1.2457 -0.9203 -1.3607 -1.2861 2.7779 -3.4719 2.5627 3.6788 0.2406 -3.0349 -1.7823 -0.9454 -4.0075 -1.4146 -3.2681 -2.3929 -0.8451 0.0344 0.877 3.0673 3.9254 -2.5003 3.7667 2.9982 1.5432 1.2592 -1.9497 0.1105 1.3717 0.2274 0.9572 0.4394 -0.0233 -0.4892 0.9421 3.2016 0.5658 -1.8521 -0.7324 -3.9661 2.5292 -0.4807 -3.9687 1.0961 0.8343 0.4983 0.0677 -0.9662 -0.8965 -0.466 1.3745 1.6487 1.3033 -0.1677 -0.7171 3.7624 0.5463 1.4452 -2.2036 1.8376 -1.9613 2.4996 0.752 -0.6984 -1.6615 -1.8108 -3.1552 1.9624 1.6639 -3.5811 1.2959 0.1338 2.8092 1.6373 3.4028 2.7012 -2.8272 0.8811 1.7826 -0.2339 3.8073 -3.6911 3.6865 1.3304 3.5149 1.6603 -2.8621 2.4528 -0.5418 -2.9993 -2.7019 0.9774 3.1285 -3.5342 -0.6104 
-1.9047 -2.759 -1.4286 0.1605 -0.7717 -2.1478 1.0738 -3.1094 -1.7031 -2.0792 -2.8446 -3.5759 -2.9205 1.2648 -0.9096 -1.3647 -1.2503 2.7606 -3.4824 2.5379 3.6711 0.2573 -3.0473 -1.7931 -0.9605 -4.0215 -1.4145 -3.2538 -2.3931 -0.8761 0.0223 0.9115 3.0502 3.9346 -2.4867 3.7786 3.0183 1.5096 1.2781 -1.9968 0.1077 1.4033 0.2438 0.966 0.4611 0.0031 -0.5026 0.9435 3.1424 0.5925 -1.871 -0.7376 -4.0077 2.5344 -0.4823 -3.9966 1.1128 0.829 0.4674 0.0749 -0.9636 -0.8865 -0.4412 1.4114 1.6623 1.3059 -0.1714 -0.7107 3.7264 0.5404 1.4312 -2.2309 1.8309 -1.9693 2.4962 0.7385 -0.689 -1.6761 -1.7899 -3.1255 1.9604 1.6579 -3.5905 1.3304 0.1249 2.8218 1.6312 3.4441 2.7028 -2.8122 0.8656 1.7968 -0.2548 3.8041 -3.6984 3.6915 1.3166 3.5237 1.645 -2.8312 2.4614 -0.5399 -2.9907 -2.6881 0.9859 3.1305 -3.509 -0.6311 
-1.9024 -2.7358 -1.4252 0.1793 -0.7298 -2.1443 1.0568 -3.1816 -1.6877 -2.114 -2.8359 -3.6123 -2.914 1.2837 -0.8984 -1.3642 -1.2151 2.7434 -3.493 2.5147 3.661 0.2726 -3.0599 -1.804 -0.9755 -4.0356 -1.416 -3.2394 -2.3933 -0.9051 0.0105 0.946 3.033 3.9439 -2.4729 3.7904 3.0384 1.476 1.2986 -2.0444 0.1082 1.4351 0.2627 0.9734 0.4827 0.0295 -0.5158 0.9449 3.083 0.6194 -1.8898 -0.7424 -4.0491 2.5399 -0.4839 -4.0245 1.1294 0.8221 0.4365 0.082 -0.9539 -0.8758 -0.4163 1.4484 1.6758 1.3085 -0.175 -0.7068 3.6906 0.5345 1.4169 -2.2577 1.8243 -1.9772 2.4926 0.7249 -0.6814 -1.6909 -1.7761 -3.0957 1.9583 1.652 -3.6 1.3648 0.1162 2.8344 1.6248 3.4857 2.7042 -2.797 0.8503 1.8097 -0.2759 3.8007 -3.7034 3.6965 1.3025 3.5323 1.6296 -2.8004 2.47 -0.5362 -2.982 -2.6744 0.9955 3.1324 -3.4836 -0.6517 
-1.9005 -2.7132 -1.4236 0.1986 -0.687 -2.1408 1.0401 -3.2539 -1.6764 -2.1514 -2.8272 -3.6488 -2.9075 1.3024 -0.8869 -1.3603 -1.1802 2.7261 -3.5036 2.4932 3.6486 0.2872 -3.0728 -1.8151 -0.9906 -4.0496 -1.4188 -3.2248 -2.3936 -0.9314 -0.0008 0.9806 3.0159 3.9532 -2.4592 3.8022 3.0582 1.4421 1.32 -2.0926 0.1131 1.4668 0.2829 0.98 0.504 0.0557 -0.5289 0.9463 3.0233 0.6463 -1.9086 -0.7464 4.0527 2.5456 -0.4855 -4.0523 1.146 0.8142 0.4055 0.0893 -0.9369 -0.8642 -0.3914 1.4853 1.689 1.311 -0.1785 -0.7043 3.6548 0.5288 1.4025 -2.2843 1.8176 -1.9852 2.4889 0.7114 -0.6748 -1.7062 -1.7696 -3.066 1.9562 1.6462 -3.6094 1.3991 0.1077 2.847 1.6182 3.5274 2.7055 -2.7816 0.8351 1.8213 -0.2975 3.7973 -3.7058 3.7015 1.2883 3.5409 1.614 -2.7696 2.4785 -0.5313 -2.9731 -2.6608 1.0055 3.1341 -3.4582 -0.6722 
-1.8988 -2.6937 -1.4241 0.2183 -0.6436 -2.1374 1.0234 -3.3263 -1.6704 -2.1879 -2.8183 -3.6853 -2.901 1.3211 -0.8753 -1.3544 -1.1455 2.7089 -3.5139 2.4731 3.634 0.3014 -3.0859 -1.8263 -1.0057 -4.0635 -1.4227 -3.2101 -2.3938 -0.9546 -0.0112 1.0152 2.9988 3.9627 -2.4455 3.8139 3.0777 1.4081 1.3417 -2.1416 0.1231 1.4984 0.3036 0.9861 0.5253 0.0816 -0.5419 0.9479 2.9636 0.6729 -1.9273 -0.7497 4.0114 2.5516 -0.487 4.0633 1.1627 0.8059 0.3747 0.0965 -0.9143 -0.8514 -0.3663 1.5218 1.702 1.3132 -0.182 -0.7026 3.6192 0.5234 1.388 -2.3105 1.8111 -1.9931 2.4849 0.6978 -0.6688 -1.7224 -1.7687 -3.0362 1.9541 1.6406 -3.6188 1.4332 0.0996 2.8596 1.6117 3.5693 2.7067 -2.7662 0.8201 1.8316 -0.3201 3.7939 -3.706 3.7065 1.2739 3.5494 1.5983 -2.739 2.4869 -0.5257 -2.964 -2.6474 1.0157 3.1356 -3.4326 -0.6927 
-1.8974 -2.6837 -1.4265 0.2383 -0.5998 -2.1339 1.0066 -3.3988 -1.6706 -2.2157 -2.8092 -3.7218 -2.8945 1.3399 -0.8637 -1.3474 -1.1109 2.6917 -3.5237 2.454 3.6176 0.3154 -3.0993 -1.8377 -1.0208 4.0663 -1.4273 -3.1953 -2.3941 -0.9747 -0.0205 1.0497 2.9816 3.9722 -2.4317 3.8255 3.0967 1.374 1.3636 -2.1914 0.1381 1.53 0.3245 0.9919 0.5463 0.1067 -0.5548 0.9496 2.9043 0.6985 -1.9461 -0.7516 3.97 2.5582 -0.4884 4.0357 1.1793 0.7975 0.344 0.1039 -0.8884 -0.8371 -0.3412 1.5575 1.7147 1.3152 -0.1853 -0.7012 3.5837 0.519 1.3734 -2.3364 1.8046 -2.001 2.4807 0.6842 -0.663 -1.7397 -1.7712 -3.0065 1.952 1.6352 -3.6279 1.4674 0.0917 2.8723 1.6058 3.6108 2.7077 -2.7505 0.8053 1.841 -0.3438 3.7904 -3.7044 3.7114 1.2594 3.5579 1.5825 -2.7086 2.4951 -0.5199 -2.9549 -2.6341 1.0259 3.137 -3.4069 -0.7131 
-1.8964 -2.6896 -1.4304 0.2586 -0.5558 -2.1303 0.9897 -3.4714 -1.6768 -2.2279 -2.7999 -3.7583 -2.888 1.3586 -0.8522 -1.3399 -1.0763 2.6745 -3.5317 2.4353 3.5998 0.3294 -3.113 -1.8492 -1.0359 4.0532 -1.4321 -3.1803 -2.3944 -0.9924 -0.0285 1.0842 2.9645 3.9819 -2.418 3.8372 3.1151 1.3396 1.3855 -2.242 0.1577 1.5614 0.3453 0.9971 0.5671 0.1301 -0.5679 0.9515 2.8461 0.7221 -1.9647 -0.7519 3.9287 2.5656 -0.4896 4.0083 1.196 0.789 0.3134 0.1112 -0.861 -0.8212 -0.3159 1.592 1.7272 1.3169 -0.1883 -0.6997 3.5482 0.5163 1.3587 -2.3621 1.7981 -2.0088 2.4763 0.6705 -0.6572 -1.7582 -1.7752 -2.9769 1.9498 1.6298 -3.6369 1.5018 0.0841 2.8849 1.6016 3.6508 2.7087 -2.7347 0.7906 1.8497 -0.3689 3.7869 -3.7013 3.7162 1.2449 3.5664 1.5665 -2.6787 2.5029 -0.514 -2.9458 -2.6209 1.0361 3.1381 -3.3811 -0.7335 
-1.8957 -2.7072 -1.4349 0.2791 -0.5115 -2.1268 0.9726 -3.544 -1.6884 -2.2283 -2.7905 -3.7948 -2.8815 1.3771 -0.8407 -1.3323 -1.0418 2.6574 -3.5358 2.4165 3.5812 0.3435 -3.1268 -1.8608 -1.0511 4.0405 -1.4364 -3.1652 -2.3947 -1.0089 -0.0357 1.1186 2.9473 3.9919 -2.4042 3.8488 3.1329 1.3051 1.4073 -2.2933 0.1808 1.5929 0.3659 1.0017 0.5877 0.151 -0.5814 0.9535 2.7897 0.7419 -1.9834 -0.7503 3.8873 2.5739 -0.4908 3.9809 1.2127 0.7806 0.2828 0.1186 -0.8329 -0.8039 -0.2906 1.6244 1.7398 1.3183 -0.1906 -0.6981 3.5128 0.5162 1.3438 -2.3876 1.7916 -2.0167 2.4717 0.6568 -0.6512 -1.7779 -1.7798 -2.9473 1.9476 1.6244 -3.6456 1.5365 0.0768 2.8976 1.601 3.6873 2.7095 -2.7188 0.7761 1.8581 -0.3951 3.7833 -3.6973 3.7208 1.2306 3.5748 1.5503 -2.6495 2.5104 -0.508 -2.9367 -2.6078 1.0462 3.1392 -3.3552 -0.7536 
-1.8953 -2.729 -1.4396 0.2995 -0.4672 -2.1244 0.9555 -3.6169 -1.7044 -2.2241 -2.7808 -3.8313 -2.875 1.3952 -0.8293 -1.325 -1.0072 2.6403 -3.5323 2.3974 3.5621 0.3577 -3.1409 -1.8725 -1.0663 4.0281 -1.4389 -3.1498 -2.395 -1.0248 -0.0422 1.1529 2.93 4.0021 -2.3905 3.8603 3.1503 1.2704 1.4289 -2.3451 0.2064 1.6243 0.3862 1.0056 0.6082 0.1687 -0.5958 0.9557 2.7352 0.7557 -2.002 -0.7468 3.846 2.5832 -0.4917 3.9536 1.2294 0.7724 0.2524 0.1261 -0.8048 -0.7853 -0.2651 1.6539 1.7527 1.3195 -0.1917 -0.6963 3.4775 0.5194 1.3289 -2.4129 1.7852 -2.0245 2.4668 0.6429 -0.6452 -1.7984 -1.7845 -2.9178 1.9453 1.619 -3.6542 1.572 0.0697 2.9103 1.6061 3.7164 2.7102 -2.7027 0.7616 1.8663 -0.4221 3.7798 -3.6927 3.7251 1.2164 3.5832 1.5339 -2.6209 2.5183 -0.5019 -2.9276 -2.5947 1.0563 3.14 -3.3292 -0.7734 
-1.8952 -2.7519 -1.4443 0.3198 -0.4228 -2.1253 0.9382 -3.6898 -1.7236 -2.2184 -2.7711 -3.8678 -2.8685 1.4125 -0.818 -1.3185 -0.9727 2.6232 -3.5176 2.3779 3.5427 0.3722 -3.1551 -1.8844 -1.0816 4.0159 -1.4377 -3.1342 -2.3954 -1.0406 -0.0485 1.1871 2.9128 4.0129 -2.3767 3.8718 3.1673 1.2356 1.4505 -2.3972 0.2336 1.6556 0.4062 1.0084 0.6284 0.1835 -0.6116 0.958 2.6818 0.7622 -2.0206 -0.7418 3.8046 2.5935 -0.4925 3.9261 1.2462 0.7642 0.222 0.1336 -0.7767 -0.766 -0.2396 1.6794 1.7662 1.3204 -0.1913 -0.6943 3.4423 0.5257 1.3137 -2.4379 1.7788 -2.0322 2.4617 0.629 -0.639 -1.8195 -1.7891 -2.8882 1.943 1.6136 -3.6625 1.6085 0.0629 2.923 1.6182 3.7345 2.7109 -2.6865 0.7473 1.8746 -0.4494 3.7762 -3.6878 3.7292 1.2027 3.5915 1.5173 -2.593 2.5283 -0.4958 -2.9186 -2.5815 1.0663 3.1406 -3.3033 -0.7923 
-1.8953 -2.7751 -1.4488 0.3397 -0.3782 -2.1324 0.9207 -3.7629 -1.7448 -2.2119 -2.7612 -3.9044 -2.862 1.4289 -0.8067 -1.3136 -0.9383 2.6062 -3.491 2.358 3.5232 0.3869 -3.1692 -1.8964 -1.097 4.0037 -1.4299 -3.1185 -2.3959 -1.0565 -0.0548 1.2212 2.8955 4.0241 -2.3629 3.8833 3.1842 1.2007 1.4725 -2.4492 0.2617 1.687 0.4259 1.01 0.6484 0.1961 -0.6292 0.9605 2.6285 0.7619 -2.0392 -0.7358 3.7632 2.6044 -0.4932 3.8986 1.263 0.7561 0.1917 0.1412 -0.7488 -0.746 -0.2139 1.7007 1.7804 1.3211 -0.1888 -0.6921 3.4074 0.5341 1.2981 -2.4628 1.7724 -2.04 2.4564 0.6151 -0.6327 -1.8409 -1.7936 -2.8587 1.9406 1.608 -3.6706 1.6463 0.0565 2.9358 1.637 3.741 2.7114 -2.6702 0.7329 1.883 -0.477 3.7726 -3.6828 3.7327 1.1897 3.5998 1.5005 -2.5656 2.5417 -0.4896 -2.9098 -2.5681 1.0763 3.1411 -3.2774 -0.8096 
-1.8956 -2.7984 -1.4532 0.359 -0.3334 -2.1471 0.9031 -3.8362 -1.7672 -2.205 -2.7513 -3.9409 -2.8554 1.4444 -0.7955 -1.3118 -0.9038 2.5892 -3.4559 2.3378 3.5038 0.4018 -3.1832 -1.9085 -1.1124 3.9915 -1.4145 -3.1024 -2.3964 -1.0726 -0.0612 1.2551 2.8781 4.0359 -2.3491 3.8948 3.2009 1.1659 1.4954 -2.5008 0.2903 1.7183 0.4453 1.0103 0.6682 0.2075 -0.649 0.963 2.5745 0.7566 -2.0577 -0.7289 3.7218 2.6158 -0.4938 3.8708 1.2797 0.7481 0.1615 0.1488 -0.7212 -0.7257 -0.1881 1.7178 1.7957 1.3216 -0.1842 -0.6896 3.3727 0.5438 1.2814 -2.4875 1.766 -2.0477 2.4508 0.6013 -0.6263 -1.8623 -1.7979 -2.8292 1.9381 1.6024 -3.6787 1.6853 0.0502 2.9487 1.6605 3.7393 2.7119 -2.6537 0.7186 1.8917 -0.5046 3.7691 -3.6779 3.7358 1.1775 3.6081 1.4836 -2.5386 2.5588 -0.4832 -2.9011 -2.5543 1.0862 3.1415 -3.2519 -0.8241 
-1.8959 -2.8217 -1.4575 0.3776 -0.2883 -2.1681 0.8852 -3.9097 -1.7903 -2.1977 -2.7416 -3.9775 -2.8489 1.4593 -0.7844 -1.314 -0.8694 2.5723 -3.4163 2.3176 3.4846 0.417 -3.1969 -1.9207 -1.128 3.9791 -1.3926 -3.0861 -2.397 -1.0889 -0.0678 1.289 2.8607 4.048 -2.3352 3.9062 3.2175 1.1315 1.5205 -2.5522 0.3192 1.7497 0.4645 1.0093 0.6878 0.2178 -0.6708 0.9656 2.5196 0.7483 -2.0764 -0.7215 3.6803 2.6276 -0.4943 3.8428 1.2962 0.7402 0.1312 0.1565 -0.6936 -0.7053 -0.1622 1.7318 1.8119 1.3219 -0.178 -0.6869 3.3386 0.5541 1.2625 -2.5121 1.7596 -2.0553 2.445 0.5881 -0.6197 -1.8835 -1.8021 -2.7997 1.9355 1.5965 -3.6866 1.7253 0.0443 2.9616 1.6867 3.7331 2.7124 -2.6371 0.7042 1.9006 -0.5321 3.7655 -3.673 3.7383 1.1662 3.6164 1.4667 -2.5119 2.5789 -0.4767 -2.8925 -2.5398 1.0961 3.1416 -3.2267 -0.8347 
-1.8958 -2.8451 -1.4619 0.3952 -0.2428 -2.1928 0.8671 -3.9833 -1.8136 -2.1901 -2.7325 -4.0141 -2.8424 1.474 -0.7733 -1.3208 -0.835 2.5553 -3.3746 2.2972 3.4655 0.4323 -3.2101 -1.9331 -1.1436 3.9666 -1.3671 -3.0695 -2.3976 -1.1054 -0.0746 1.3227 2.8433 4.0603 -2.3214 3.9177 3.2342 1.0981 1.5483 -2.6031 0.3481 1.781 0.4834 1.0073 0.7071 0.2268 -0.6941 0.9683 2.4635 0.7386 -2.095 -0.7136 3.6388 2.6396 -0.4948 3.8146 1.3123 0.7323 0.101 0.1643 -0.6663 -0.6847 -0.1362 1.7435 1.8289 1.3219 -0.1718 -0.6841 3.3051 0.5645 1.2407 -2.5366 1.7532 -2.0629 2.4388 0.5766 -0.613 -1.9045 -1.8061 -2.7702 1.9329 1.5906 -3.6944 1.7658 0.0385 2.9747 1.7142 3.7252 2.7128 -2.6203 0.6897 1.9099 -0.5596 3.762 -3.6684 3.7402 1.1561 3.6246 1.45 -2.4853 2.601 -0.47 -2.8839 -2.5245 1.1057 3.1417 -3.2023 -0.8409 
-1.8948 -2.8686 -1.4662 0.4119 -0.1969 -2.219 0.8488 -4.0571 -1.837 -2.1824 -2.7244 -4.0506 -2.8357 1.4881 -0.7622 -1.3317 -0.8007 2.5384 -3.3322 2.2769 3.4466 0.4476 -3.2223 -1.9456 -1.1595 3.954 -1.3399 -3.0527 -2.3984 -1.1221 -0.0815 1.3565 2.8258 -4.071 -2.3075 3.9291 3.2507 1.0668 1.5788 -2.6537 0.3769 1.8125 0.502 1.0046 0.7263 0.2337 -0.7185 0.9709 2.4071 0.7283 -2.1138 -0.7055 3.5972 2.6518 -0.4954 3.7862 1.3276 0.7246 0.0707 0.1722 -0.639 -0.664 -0.11 1.7539 1.8464 1.3218 -0.1682 -0.6811 3.2721 0.5751 1.2162 -2.561 1.7468 -2.0704 2.4325 0.5688 -0.6061 -1.9252 -1.81 -2.7406 1.9301 1.5844 -3.7021 1.8065 0.033 2.9878 1.7421 3.7167 2.7132 -2.6034 0.6751 1.9194 -0.587 3.7585 -3.6639 3.7416 1.1471 3.6328 1.4338 -2.4587 2.6243 -0.4632 -2.8754 -2.508 1.1152 3.1415 -3.1789 -0.8434 
-1.8921 -2.8924 -1.4705 0.4277 -0.1507 -2.2458 0.8302 4.0122 -1.8604 -2.1745 -2.718 4.0561 -2.8291 1.4998 -0.7513 -1.3453 -0.7664 2.5214 -3.2896 2.2565 3.4278 0.4628 -3.2333 -1.9583 -1.1754 3.9412 -1.3122 -3.0355 -2.3993 -1.1388 -0.0886 1.3902 2.8083 -4.0598 -2.2937 3.9405 3.2673 1.0389 1.6111 -2.704 0.4057 1.8439 0.5204 1.0014 0.7452 0.2372 -0.7434 0.9736 2.3524 0.718 -2.1327 -0.6971 3.5555 2.6642 -0.4961 3.7577 1.3416 0.7168 0.0405 0.1801 -0.6118 -0.6432 -0.0838 1.7636 1.8642 1.3216 -0.1711 -0.6779 3.2398 0.5857 1.1899 -2.5852 1.7403 -2.0779 2.4258 0.5684 -0.5991 -1.9455 -1.8138 -2.7111 1.9273 1.5782 -3.7098 1.8474 0.0278 3.0011 1.77 3.7082 2.7136 -2.5864 0.6606 1.9293 -0.6144 3.755 -3.6596 3.7426 1.1391 3.641 1.4186 -2.432 2.6482 -0.4561 -2.8667 -2.49 1.1241 3.1413 -3.1568 -0.8434 
-1.8867 -2.9165 -1.4748 0.4429 -0.1042 -2.2725 0.8113 3.938 -1.8837 -2.1665 -2.7141 4.0195 -2.8223 1.5033 -0.7403 -1.3604 -0.732 2.5044 -3.247 2.2361 3.4092 0.4777 -3.2428 -1.9712 -1.1915 3.9284 -1.2845 -3.018 -2.4002 -1.1555 -0.0959 1.424 2.7907 -4.0497 -2.2798 3.9519 3.2838 1.0156 1.6444 -2.754 0.4344 1.8754 0.5385 0.998 0.7639 0.2362 -0.7688 0.9763 2.3057 0.7077 -2.1519 -0.6886 3.5138 2.6768 -0.4968 3.7291 1.3545 0.7092 0.0103 0.1882 -0.5847 -0.6222 -0.0574 1.773 1.8821 1.3212 -0.1838 -0.6746 3.208 0.5962 1.1627 -2.6094 1.7339 -2.0853 2.4189 0.5782 -0.5918 -1.9655 -1.8175 -2.6815 1.9245 1.5718 -3.7175 1.8882 0.023 3.0145 1.7976 3.6998 2.7141 -2.5692 0.6466 1.9395 -0.6418 3.7516 -3.6555 3.7432 1.132 3.6491 1.4042 -2.4052 2.6722 -0.4488 -2.858 -2.4703 1.1322 3.1409 -3.1362 -0.8419 
-1.8779 -2.9411 -1.4788 0.4575 -0.0582 -2.2989 0.7921 3.8637 -1.907 -2.1585 -2.7136 3.983 -2.8153 1.4886 -0.7295 -1.3765 -0.6977 2.4873 -3.2047 2.2156 3.3907 0.4918 -3.2504 -1.9843 -1.2078 3.9155 -1.2569 -3.0002 -2.4012 -1.1722 -0.1032 1.4579 2.773 -4.0412 -2.2659 3.9634 3.3004 0.9974 1.6782 -2.8038 0.4628 1.9071 0.5564 0.9946 0.7824 0.23 -0.7945 0.9789 2.2775 0.6977 -2.1713 -0.6799 3.4721 2.6894 -0.4977 3.7006 1.3665 0.7016 -0.02 0.1964 -0.5577 -0.6012 -0.031 1.7823 1.8999 1.3207 -0.2058 -0.6713 3.1767 0.6067 1.1351 -2.6334 1.7275 -2.0927 2.4117 0.5979 -0.5844 -1.985 -1.8211 -2.6518 1.9216 1.5654 -3.7251 1.9288 0.0186 3.0278 1.825 3.6917 2.7146 -2.5519 0.634 1.95 -0.6691 3.7481 -3.6517 3.7435 1.1255 3.6571 1.3904 -2.3783 2.6961 -0.4412 -2.8493 -2.4489 1.1391 3.1403 -3.1173 -0.8399 
-1.8651 -2.9665 -1.4823 0.4716 -0.0139 -2.3251 0.7726 3.7893 -1.9301 -2.1504 -2.7167 3.9464 -2.808 1.4532 -0.7187 -1.393 -0.6633 2.4701 -3.1627 2.1952 3.3724 0.5044 -3.2562 -1.9977 -1.2242 3.9025 -1.2294 -2.9822 -2.4021 -1.1888 -0.1105 1.492 2.7553 -4.0343 -2.2519 3.9748 3.3173 0.9837 1.7123 -2.8534 0.4909 1.9388 0.5741 0.9913 0.8007 0.2193 -0.8205 0.9815 2.2706 0.688 -2.1909 -0.6712 3.4303 2.7022 -0.4991 3.6721 1.3781 0.694 -0.0502 0.2048 -0.5307 -0.5799 -0.0045 1.7918 1.9175 1.3203 -0.2338 -0.6678 3.1459 0.6171 1.1073 -2.6575 1.721 -2.1 2.4042 0.624 -0.5766 -2.0042 -1.8246 -2.6221 1.9186 1.5589 -3.7328 1.9693 0.015 3.0409 1.852 3.6837 2.7152 -2.5344 0.6245 1.9609 -0.6964 3.7445 -3.648 3.7436 1.1195 3.6651 1.3765 -2.3512 2.7199 -0.4333 -2.8405 -2.4264 1.1442 3.1397 -3.1001 -0.8375 
-1.8483 -2.9928 -1.4845 0.4855 0.0267 -2.351 0.7527 3.7149 -1.9531 -2.1422 -2.7233 3.9098 -2.8004 1.4069 -0.7079 -1.4097 -0.6289 2.4528 -3.1211 2.1748 3.3542 0.5152 -3.2602 -2.0113 -1.2408 3.8894 -1.2021 -2.9641 -2.4025 -1.2054 -0.1179 1.5262 2.7374 -4.0291 -2.238 3.9863 3.3348 0.9733 1.7469 -2.9027 0.5185 1.9706 0.5915 0.9882 0.8188 0.2054 -0.8467 0.9839 2.2752 0.6786 -2.2109 -0.6625 3.3884 2.7151 -0.5013 3.644 1.3892 0.6865 -0.0803 0.2134 -0.5037 -0.5585 0.0221 1.8017 1.9348 1.32 -0.2646 -0.6644 3.1162 0.6275 1.0796 -2.6815 1.7145 -2.1072 2.3964 0.6533 -0.5686 -2.0231 -1.8279 -2.5924 1.9156 1.5523 -3.7405 2.0095 0.0126 3.053 1.8787 3.6758 2.7158 -2.5169 0.6207 1.9721 -0.7237 3.7407 -3.6445 3.7436 1.1138 3.673 1.3625 -2.324 2.7434 -0.4251 -2.8319 -2.4034 1.1471 3.1389 -3.0843 -0.8352 
-1.8283 -3.0201 -1.4846 0.4991 0.0609 -2.3766 0.7325 3.6395 -1.976 -2.134 -2.7324 3.8733 -2.7923 1.358 -0.6972 -1.4266 -0.5944 2.4354 -3.08 2.1543 3.3362 0.5246 -3.2626 -2.0253 -1.2576 3.8764 -1.1748 -2.9461 -2.402 -1.2218 -0.1253 1.5606 2.7195 -4.0254 -2.224 3.9979 3.3538 0.9649 1.782 -2.9518 0.5453 2.0026 0.6087 0.9852 0.8367 0.1896 -0.8732 0.9863 2.2823 0.6694 -2.2312 -0.654 3.3464 2.7282 -0.5048 3.6164 1.3998 0.6791 -0.1102 0.222 -0.4768 -0.5368 0.0487 1.812 1.9518 1.32 -0.2963 -0.6609 3.0879 0.6378 1.0519 -2.7055 1.708 -2.1144 2.3884 0.6839 -0.5603 -2.0416 -1.831 -2.5626 1.9126 1.5456 -3.7482 2.0495 0.0119 3.0631 1.9051 3.6681 2.7165 -2.4992 0.6246 1.9836 -0.7511 3.7375 -3.6412 3.7435 1.1085 3.6808 1.3483 -2.2966 2.7667 -0.4166 -2.824 -2.381 1.1479 3.138 -3.0698 -0.8329 
-1.8059 -3.0486 -1.4818 0.5125 0.0882 -2.4021 0.712 3.5611 -1.9987 -2.1258 -2.7432 3.8367 -2.7836 1.3092 -0.6865 -1.4435 -0.5598 2.4179 -3.0394 2.1339 3.3186 0.5332 -3.2639 -2.0397 -1.2744 3.8633 -1.1476 -2.9284 -2.3999 -1.2381 -0.1326 1.5954 2.7015 -4.0227 -2.2099 4.0096 3.3749 0.9575 1.8178 -3.0006 0.5709 2.0348 0.6256 0.9826 0.8544 0.173 -0.9 0.9885 2.288 0.6605 -2.2517 -0.6457 3.3042 2.7413 -0.5102 3.5902 1.4095 0.6717 -0.1399 0.2305 -0.4499 -0.5149 0.0755 1.8229 1.9686 1.3205 -0.3279 -0.6574 3.0618 0.6481 1.0246 -2.7295 1.7014 -2.1215 2.3801 0.7148 -0.5523 -2.06 -1.8339 -2.5327 1.9097 1.539 -3.756 2.0892 0.0136 3.0699 1.9312 3.6604 2.717 -2.4814 0.6361 1.9955 -0.7784 3.7373 -3.638 3.7434 1.1033 3.6887 1.334 -2.2691 2.7897 -0.4079 -2.8172 -2.3606 1.1472 3.137 -3.0561 -0.8308 
-1.782 -3.0782 -1.4752 0.5257 0.1104 -2.4273 0.6913 3.4794 -2.0208 -2.1176 -2.7549 3.8001 -2.7743 1.2608 -0.6759 -1.4604 -0.525 2.4006 -2.9996 2.1134 3.3014 0.5413 -3.2643 -2.0545 -1.2914 3.8501 -1.1204 -2.9113 -2.3955 -1.2543 -0.1399 1.6304 2.6835 -4.0208 -2.1958 4.0214 3.3985 0.9506 1.8541 -3.0491 0.5946 2.0673 0.6424 0.9801 0.8719 0.1568 -0.9271 0.9906 2.2907 0.6518 -2.2723 -0.6378 3.2619 2.7546 -0.5178 3.5658 1.4182 0.6643 -0.169 0.2385 -0.423 -0.4928 0.1034 1.8348 1.9851 1.322 -0.3591 -0.6539 3.0381 0.6584 0.9979 -2.7535 1.6948 -2.1285 2.3715 0.7458 -0.5459 -2.0783 -1.8367 -2.5028 1.9068 1.5323 -3.7637 2.1287 0.0178 3.0723 1.9569 3.6527 2.717 -2.4635 0.6532 2.0077 -0.8058 3.7402 -3.635 3.7435 1.0984 3.6965 1.3195 -2.2415 2.8125 -0.3988 -2.8121 -2.343 1.1455 3.1359 -3.0431 -0.8288 
-1.7573 -3.1087 -1.465 0.5388 0.1299 -2.4524 0.6706 3.3968 -2.0418 -2.1093 -2.7668 3.7635 -2.7643 1.2127 -0.6654 -1.4774 -0.4902 2.3844 -2.9606 2.0929 3.2849 0.5491 -3.2641 -2.0697 -1.3086 3.837 -1.0932 -2.8957 -2.3885 -1.2702 -0.1471 1.6658 2.6653 -4.0195 -2.1817 4.0334 3.4242 0.9438 1.8904 -3.0973 0.6159 2.1001 0.6589 0.978 0.8893 0.1426 -0.9545 0.9926 2.2904 0.6433 -2.2932 -0.6307 3.2193 2.7681 -0.5273 3.5442 1.4258 0.657 -0.1973 0.2449 -0.396 -0.4705 0.1346 1.848 2.0014 1.3248 -0.3898 -0.6505 3.0169 0.6687 0.973 -2.7776 1.6882 -2.1354 2.3627 0.7767 -0.5446 -2.0964 -1.8391 -2.4729 1.9039 1.5256 -3.7716 2.1679 0.0244 3.07 1.9822 3.645 2.716 -2.4454 0.6732 2.0202 -0.8332 3.7444 -3.6321 3.7436 1.0935 3.7043 1.3048 -2.2137 2.8351 -0.3897 -2.8089 -2.3285 1.1432 3.1347 -3.0304 -0.8268 
-1.7322 -3.14 -1.4518 0.5519 0.1482 -2.4774 0.6501 3.3154 -2.0604 -2.101 -2.7787 3.727 -2.7539 1.1647 -0.6549 -1.4943 -0.4551 2.3708 -2.9224 2.0724 3.2694 0.5568 -3.2636 -2.0853 -1.3259 3.8238 -1.0659 -2.8824 -2.3792 -1.286 -0.1542 1.7015 2.647 -4.0187 -2.1675 4.0456 3.451 0.9372 1.9249 -3.1453 0.6342 2.1333 0.6753 0.976 0.9065 0.1317 -0.9822 0.9944 2.2873 0.6349 -2.3141 -0.6245 3.1764 2.7816 -0.5383 3.5254 1.4323 0.6498 -0.2247 0.2481 -0.3691 -0.448 0.1729 1.8627 2.0174 1.329 -0.42 -0.647 2.9977 0.6789 0.9515 -2.8018 1.6816 -2.1422 2.3535 0.8075 -0.5535 -2.1145 -1.8414 -2.4428 1.9012 1.5189 -3.7795 2.2068 0.0326 3.0635 2.0071 3.6375 2.7123 -2.4272 0.6945 2.0331 -0.8607 3.7489 -3.6293 3.7439 1.0888 3.7121 1.2901 -2.1859 2.8576 -0.3807 -2.8075 -2.3166 1.1403 3.1333 -3.0179 -0.8251 
-1.707 -3.1715 -1.4368 0.5648 0.1662 -2.5023 0.6304 3.2378 -2.0748 -2.0927 -2.7903 3.6904 -2.7434 1.1167 -0.6445 -1.5113 -0.4198 2.3627 -2.8849 2.0518 3.2553 0.5643 -3.2629 -2.1014 -1.3435 3.8107 -1.0385 -2.8735 -2.368 -1.3016 -0.1612 1.7375 2.6286 -4.0184 -2.1533 4.0581 3.4784 0.9306 1.9548 -3.1929 0.6491 2.1669 0.6916 0.9742 0.9235 0.1241 -1.0101 0.9961 2.2823 0.6265 -2.335 -0.6195 3.1333 2.7953 -0.5501 3.5092 1.4378 0.6425 -0.2509 0.2455 -0.3421 -0.4253 0.2201 1.8793 2.0333 1.3348 -0.4497 -0.6435 2.9798 0.6891 0.936 -2.8261 1.675 -2.1489 2.3441 0.8381 -0.5745 -2.1323 -1.8434 -2.4128 1.8985 1.5122 -3.7875 2.2455 0.0418 3.0535 2.0316 3.6304 2.7034 -2.409 0.716 2.0464 -0.8882 3.7534 -3.6267 3.7444 1.0842 3.72 1.2752 -2.1579 2.8798 -0.3721 -2.8072 -2.3064 1.1371 3.1319 -3.0055 -0.8233 
-1.6821 -3.2025 -1.421 0.5778 0.1841 -2.5271 0.6123 3.1666 -2.0829 -2.0844 -2.8017 3.6538 -2.7332 1.0689 -0.6342 -1.5283 -0.3843 2.3615 -2.8479 2.0314 3.2431 0.5717 -3.2621 -2.1179 -1.3614 3.7975 -1.0108 -2.8709 -2.3558 -1.317 -0.168 1.7737 2.6101 -4.0192 -2.139 4.0708 3.5058 0.924 1.9785 -3.2402 0.6606 2.2009 0.7078 0.9726 0.9405 0.1188 -1.0384 0.9978 2.2759 0.6181 -2.3559 -0.6157 3.0897 2.8091 -0.5623 3.4947 1.4423 0.6353 -0.2758 0.235 -0.3149 -0.4025 0.2736 1.898 2.049 1.3417 -0.4791 -0.6395 2.9626 0.6993 0.9284 -2.8506 1.6683 -2.1555 2.3345 0.8687 -0.6038 -2.1494 -1.8451 -2.3826 1.8961 1.5054 -3.7956 2.284 0.0513 3.0403 2.0557 3.6246 2.6862 -2.3906 0.7376 2.06 -0.9158 3.7578 -3.6241 3.7451 1.0798 3.728 1.2602 -2.1298 2.902 -0.3646 -2.8077 -2.2973 1.1334 3.1303 -2.9931 -0.8217 
-1.6574 -3.232 -1.4056 0.5907 0.202 -2.5518 0.5969 3.1019 -2.0831 -2.076 -2.8129 3.6172 -2.7247 1.0211 -0.6239 -1.5452 -0.3485 2.3658 -2.8111 2.0109 3.233 0.579 -3.2615 -2.1347 -1.3796 3.7844 -0.9828 -2.876 -2.3431 -1.3323 -0.1747 1.81 2.5915 -4.0219 -2.1247 -4.0595 3.5332 0.9175 1.9977 -3.2872 0.6692 2.2352 0.724 0.9711 0.9573 0.1149 -1.0671 0.9993 2.2688 0.6096 -2.3769 -0.613 3.0459 2.8231 -0.5746 3.4812 1.4458 0.6282 -0.2995 0.217 -0.2877 -0.3796 0.3298 1.919 2.0646 1.3493 -0.5081 -0.6348 2.9456 0.7095 0.9286 -2.8751 1.6616 -2.1621 2.3245 0.8991 -0.6368 -2.1646 -1.8467 -2.3525 1.8937 1.4987 -3.8037 2.3223 0.0605 3.0232 2.0795 3.6217 2.6605 -2.3721 0.7591 2.0739 -0.9433 3.7621 -3.6216 3.7461 1.0754 3.736 1.2452 -2.1016 2.924 -0.3589 -2.8087 -2.2887 1.1294 3.1287 -2.9805 -0.8198 
-1.633 -3.2585 -1.3917 0.6035 0.22 -2.5764 0.5853 3.0413 -2.0763 -2.0676 -2.8237 3.5806 -2.7195 0.9734 -0.6138 -1.5622 -0.3124 2.3726 -2.7744 1.9906 3.2243 0.5862 -3.2609 -2.152 -1.3982 3.7712 -0.9544 -2.8882 -2.3302 -1.3473 -0.1812 1.8464 2.5727 -4.0279 -2.1102 -4.0463 3.5603 0.9111 2.0152 -3.334 0.6754 2.2697 0.7403 0.9696 0.9739 0.1116 -1.0965 1.0008 2.2613 0.601 -2.3978 -0.6113 3.0017 2.8371 -0.5866 3.468 1.4483 0.621 -0.3223 0.1938 -0.2602 -0.3567 0.3867 1.9419 2.0801 1.357 -0.5369 -0.6283 2.9286 0.7197 0.9342 -2.8998 1.6548 -2.1685 2.3143 0.9295 -0.671 -2.1761 -1.8481 -2.3222 1.8916 1.4918 -3.812 2.3605 0.0687 3.0013 2.103 3.6235 2.6293 -2.3534 0.7805 2.0882 -0.971 3.7662 -3.6192 3.7473 1.0712 3.744 1.2301 -2.0733 2.9459 -0.356 -2.81 -2.2802 1.125 3.1268 -2.9677 -0.8176 
-1.6091 -3.2808 -1.3808 0.6163 0.2381 -2.601 0.5789 2.9822 -2.0644 -2.0592 -2.8343 3.5439 -2.7199 0.9258 -0.6037 -1.5791 -0.2761 2.3802 -2.7376 1.9704 3.2163 0.5933 -3.2604 -2.1695 -1.4172 3.7581 -0.9258 -2.9052 -2.3173 -1.3621 -0.1876 1.8827 2.5539 -4.0384 -2.0957 -4.0329 3.5872 0.9048 2.0327 -3.3805 0.6799 2.3044 0.7567 0.9682 0.9905 0.1085 -1.127 1.0023 2.2539 0.5923 -2.4186 -0.6103 2.9574 2.8513 -0.5984 3.4549 1.4499 0.6139 -0.3445 0.1677 -0.2325 -0.3339 0.4435 1.9665 2.0954 1.3645 -0.5656 -0.619 2.9114 0.7299 0.9427 -2.9245 1.6476 -2.1748 2.3037 0.9598 -0.7054 -2.182 -1.8494 -2.292 1.8895 1.4849 -3.8203 2.3984 0.0756 2.9741 2.1264 3.6307 2.5959 -2.3346 0.8016 2.1027 -0.9987 3.7702 -3.6168 3.7488 1.0671 3.7519 1.2149 -2.0449 2.9677 -0.3566 -2.8114 -2.2719 1.1203 3.1249 -2.9547 -0.8147 
-1.5855 -3.2982 -1.3743 0.629 0.2561 -2.6255 0.5781 2.9235 -2.0497 -2.0507 -2.8446 3.5073 -2.7264 0.8782 -0.5937 -1.596 -0.2394 2.388 -2.7008 1.9504 3.2086 0.6003 -3.2602 -2.1873 -1.4366 3.745 -0.8968 -2.9251 -2.3045 -1.3767 -0.1937 1.9191 2.5349 -4.0539 -2.0812 -4.0195 3.6138 0.8985 2.0506 -3.4268 0.6832 2.3391 0.7733 0.9667 1.007 0.1055 -1.159 1.0037 2.2469 0.5835 -2.4394 -0.6098 2.9131 2.8655 -0.6098 3.4417 1.4507 0.6067 -0.3663 0.1403 -0.2046 -0.3112 0.5003 1.9924 2.1107 1.3715 -0.5941 -0.6053 2.8939 0.7401 0.9527 -2.9491 1.6399 -2.1811 2.2929 0.99 -0.7396 -2.1814 -1.8506 -2.2617 1.8875 1.4778 -3.8288 2.4362 0.0809 2.9426 2.1496 3.6425 2.562 -2.3157 0.8227 2.1176 -1.0264 3.7742 -3.6143 3.7506 1.0631 3.7598 1.1996 -2.0163 2.9894 -0.3611 -2.8129 -2.2637 1.1153 3.1228 -2.9415 -0.8104 
-1.5623 -3.3113 -1.3732 0.6416 0.2742 -2.6499 0.5826 2.8649 -2.0335 -2.0422 -2.8547 3.4706 -2.7378 0.831 -0.5839 -1.6129 -0.2025 2.3956 -2.664 1.9308 3.2009 0.6072 -3.2602 -2.2053 -1.4563 3.732 -0.8675 -2.9463 -2.2919 -1.391 -0.1997 1.9555 2.5158 4.0695 -2.0665 -4.0062 3.6402 0.8924 2.0691 -3.4729 0.6856 2.3736 0.7903 0.9654 1.0233 0.1025 -1.1929 1.0052 2.2412 0.5746 -2.4602 -0.6096 2.8689 2.8798 -0.6208 3.4281 1.451 0.5996 -0.3879 0.1126 -0.177 -0.2889 0.5569 2.0192 2.126 1.3781 -0.6224 -0.5863 2.8761 0.7505 0.9632 -2.9735 1.6309 -2.1872 2.2818 1.0202 -0.7736 -2.1759 -1.8517 -2.2315 1.8853 1.4704 -3.8374 2.4738 0.0847 2.9087 2.1728 3.6574 2.5282 -2.2965 0.8436 2.1328 -1.0541 3.7781 -3.6118 3.7527 1.0593 3.7675 1.1843 -1.9875 3.0111 -0.3692 -2.8143 -2.2554 1.1102 3.1206 -2.928 -0.8045 
-1.5394 -3.3216 -1.3773 0.6537 0.2923 -2.6742 0.5912 2.8064 -2.0169 -2.0336 -2.8646 3.4339 -2.7519 0.7856 -0.5741 -1.6298 -0.1654 2.403 -2.6273 1.9117 3.193 0.6139 -3.2604 -2.2234 -1.4763 3.719 -0.838 -2.9681 -2.2795 -1.4048 -0.2056 1.992 2.4965 4.0465 -2.0518 -3.9934 3.6663 0.8863 2.0878 -3.5188 0.6874 2.4079 0.8076 0.9645 1.0395 0.0995 -1.229 1.0066 2.2379 0.5656 -2.4809 -0.6097 2.8252 2.8942 -0.6315 3.4143 1.4511 0.5925 -0.4094 0.0848 -0.1514 -0.2668 0.6134 2.0463 2.1412 1.3843 -0.6508 -0.5622 2.858 0.7612 0.974 -2.9974 1.6196 -2.1932 2.2705 1.0503 -0.8074 -2.1675 -1.8528 -2.2012 1.8828 1.4627 -3.8461 2.5113 0.0873 2.8737 2.196 3.6739 2.4948 -2.2771 0.8644 2.1483 -1.0819 3.7819 -3.6091 3.7551 1.0556 3.775 1.1689 -1.9585 3.0327 -0.38 -2.8157 -2.247 1.1049 3.1182 -2.9143 -0.797 
-1.5169 -3.3304 -1.3855 0.6652 0.3107 -2.6984 0.6027 2.7478 -2.0005 -2.0249 -2.8742 3.3972 -2.7675 0.7467 -0.5644 -1.6466 -0.1281 2.4103 -2.5906 1.8932 3.1849 0.6205 -3.2609 -2.2416 -1.4965 3.7061 -0.8084 -2.9902 -2.2673 -1.4179 -0.2115 2.0285 2.477 4.0218 -2.0369 -3.9815 3.6921 0.8804 2.1068 -3.5645 0.6888 2.4417 0.8255 0.9642 1.0555 0.0964 -1.2668 1.0081 2.238 0.5566 -2.5015 -0.6102 2.7824 2.9086 -0.6418 3.4002 1.451 0.5854 -0.4308 0.057 -0.1329 -0.2451 0.6698 2.0736 2.1563 1.3903 -0.679 -0.5343 2.8396 0.7726 0.9848 -3.0206 1.605 -2.1991 2.2588 1.0803 -0.8413 -2.1578 -1.8538 -2.1709 1.8795 1.4544 -3.855 2.5486 0.089 2.8385 2.2193 3.6912 2.4618 -2.2574 0.8851 2.164 -1.1097 3.7857 -3.6063 3.7577 1.0521 3.7823 1.1535 -1.9292 3.0544 -0.3926 -2.8169 -2.2382 1.0995 3.1156 -2.9004 -0.7879 
-1.4947 -3.3384 -1.3962 0.6758 0.3297 -2.7223 0.616 2.6893 -1.985 -2.0162 -2.8837 3.3604 -2.7842 0.7225 -0.5549 -1.6635 -0.0909 2.4174 -2.554 1.8755 3.1767 0.6269 -3.2618 -2.2597 -1.5169 3.6932 -0.7786 -3.0125 -2.2552 -1.4298 -0.2177 2.0651 2.4575 3.9962 -2.022 -3.9706 3.7177 0.8746 2.1258 -3.6101 0.6899 2.4755 0.8437 0.9647 1.0711 0.0933 -1.3059 1.0095 2.2426 0.5477 -2.522 -0.611 2.7409 2.923 -0.6517 3.3859 1.4509 0.5783 -0.4522 0.0295 -0.1296 -0.2238 0.7261 2.1008 2.1715 1.3961 -0.7073 -0.5038 2.8209 0.7849 0.9956 -3.0428 1.5864 -2.2049 2.2469 1.1103 -0.8751 -2.1476 -1.8548 -2.1407 1.875 1.4455 -3.8641 2.5858 0.0901 2.8034 2.2425 3.7089 2.429 -2.2377 0.9056 2.1798 -1.1376 3.7894 -3.6034 3.7607 1.0487 3.7893 1.1381 -1.8996 3.076 -0.4061 -2.8181 -2.2283 1.0939 3.1128 -2.8862 -0.7778 
-1.4728 -3.3464 -1.4084 0.6855 0.3498 -2.7457 0.6302 2.6308 -1.9712 -2.0074 -2.893 3.3236 -2.8022 0.7164 -0.5455 -1.6803 -0.054 2.4244 -2.5176 1.8588 3.1683 0.6331 -3.2629 -2.2778 -1.5373 3.6804 -0.7488 -3.035 -2.2432 -1.4397 -0.2247 2.1018 2.4377 3.9702 -2.0069 -3.9612 3.743 0.8688 2.1448 -3.6556 0.6908 2.5094 0.8625 0.9657 1.086 0.0902 -1.3452 1.011 2.2512 0.5389 -2.5425 -0.6124 2.7014 2.9374 -0.6612 3.3715 1.451 0.5712 -0.4737 0.0021 -0.1449 -0.203 0.7822 2.1277 2.1867 1.4019 -0.7355 -0.4721 2.802 0.7984 1.0064 -3.0639 1.5645 -2.2106 2.2347 1.1403 -0.9087 -2.1373 -1.8557 -2.1105 1.8688 1.4358 -3.8733 2.6229 0.091 2.7687 2.2658 3.727 2.396 -2.2185 0.9261 2.1957 -1.1655 3.7931 -3.6004 3.7638 1.0455 3.796 1.1226 -1.87 3.0976 -0.42 -2.8192 -2.2169 1.0882 3.1099 -2.8719 -0.7672 
-1.4511 -3.3544 -1.4213 0.6949 0.3716 -2.768 0.6448 2.5722 -1.96 -1.9986 -2.9021 3.2868 -2.8218 0.7217 -0.5362 -1.6971 -0.0178 2.4312 -2.4812 1.8432 3.1597 0.6392 -3.2644 -2.2958 -1.5578 3.6676 -0.719 -3.0578 -2.2313 -1.4467 -0.233 2.1386 2.4178 3.9441 -1.9918 -3.9532 3.7681 0.863 2.1639 -3.701 0.6916 2.5438 0.8817 0.9669 1.0992 0.0871 -1.3826 1.0125 2.2631 0.5303 -2.5629 -0.6143 2.6641 2.9518 -0.6704 3.3571 1.4512 0.5642 -0.4952 -0.0252 -0.1719 -0.1826 0.838 2.1542 2.2019 1.4078 -0.7636 -0.4397 2.7828 0.8129 1.0171 -3.084 1.5412 -2.2162 2.2222 1.1703 -0.9412 -2.127 -1.8567 -2.0804 1.8604 1.4251 -3.8826 2.6597 0.0917 2.7345 2.2892 3.7452 2.3625 -2.2015 0.9465 2.2115 -1.1934 3.7969 -3.5979 3.7673 1.0425 3.8025 1.1071 -1.8412 3.1192 -0.4339 -2.8202 -2.2031 1.0823 3.1067 -2.8572 -0.7564 
-1.4297 -3.3628 -1.4344 0.705 0.3955 -2.7881 0.6594 2.5136 -1.9524 -1.9897 -2.9111 3.2498 -2.8431 0.7312 -0.5271 -1.7139 0.0169 2.4379 -2.445 1.8287 3.151 0.6451 -3.2661 -2.3136 -1.5784 3.6549 -0.6891 -3.0809 -2.2195 -1.4498 -0.2432 2.1755 2.3977 3.9179 -1.9765 -3.9466 3.793 0.8572 2.1828 -3.7463 0.6923 2.5787 0.9013 0.9683 1.1094 0.0841 -1.4137 1.0138 2.2772 0.5218 -2.5832 -0.617 2.6295 2.9661 -0.6792 3.3428 1.4518 0.5572 -0.5167 -0.0524 -0.2031 -0.1625 0.8931 2.1803 2.2171 1.4138 -0.7918 -0.4072 2.7635 0.8282 1.0276 -3.1033 1.5196 -2.2217 2.2094 1.2004 -0.9705 -2.1168 -1.8576 -2.0505 1.8498 1.4136 -3.8921 2.6964 0.0926 2.7008 2.3126 3.7636 2.3286 -2.1912 0.9668 2.2271 -1.2214 3.8006 -3.5968 3.771 1.0398 3.8086 1.0916 -1.8154 3.141 -0.4475 -2.8211 -2.187 1.0762 3.1033 -2.8424 -0.7455 
-1.4083 -3.3714 -1.4475 0.7173 0.4219 -2.804 0.674 2.455 -1.9486 -1.9807 -2.92 3.2129 -2.8659 0.7418 -0.518 -1.7306 0.0489 2.4444 -2.4089 1.8154 3.1421 0.6508 -3.2682 -2.3312 -1.5991 3.6421 -0.6591 -3.1045 -2.2078 -1.4489 -0.2552 2.2126 2.3775 3.8918 -1.9611 -3.9412 3.8177 0.8514 2.201 -3.7915 0.6929 2.6137 0.9211 0.9695 1.1151 0.0812 -1.4321 1.0151 2.2926 0.5135 -2.6034 -0.6205 2.598 2.9803 -0.6876 3.3287 1.4529 0.5503 -0.5382 -0.0796 -0.2353 -0.1427 0.9464 2.2059 2.2324 1.42 -0.8199 -0.3748 2.7439 0.8439 1.0379 -3.1222 1.5028 -2.227 2.1963 1.2308 -0.9915 -2.1065 -1.8585 -2.0208 1.8371 1.4011 -3.9018 2.733 0.0936 2.6678 2.3361 3.7821 2.2942 -2.1937 0.9871 2.2424 -1.2495 3.8043 -3.599 3.7749 1.0372 3.8145 1.0761 -1.7977 3.1628 -0.4609 -2.8221 -2.1688 1.0698 3.0996 -2.8272 -0.7348 
-1.387 -3.3803 -1.4605 0.7332 0.4503 -2.8128 0.6884 2.3962 -1.9478 -1.9716 -2.9288 3.1758 -2.8895 0.7525 -0.5092 -1.7474 0.0772 2.4508 -2.373 1.803 3.1331 0.6562 -3.2706 -2.3486 -1.6198 3.6294 -0.6291 -3.1284 -2.1961 -1.4444 -0.269 2.2498 2.357 3.8656 -1.9455 -3.9366 3.8422 0.8455 2.2161 -3.8368 0.6935 2.6489 0.9411 0.9705 1.116 0.0784 -1.4356 1.0161 2.3088 0.5053 -2.6234 -0.6249 2.5715 2.9943 -0.6956 3.3146 1.4547 0.5434 -0.5597 -0.1066 -0.2674 -0.1231 0.9961 2.231 2.2477 1.4266 -0.848 -0.3425 2.7242 0.8598 1.0475 -3.1409 1.4933 -2.2323 2.183 1.2615 -0.998 -2.0962 -1.8594 -1.9914 1.8226 1.388 -3.9115 2.7694 0.0948 2.6355 2.3597 3.8007 2.2596 -2.2112 1.0073 2.2573 -1.2776 3.808 -3.6074 3.779 1.0348 3.8201 1.0607 -1.7941 3.1847 -0.4738 -2.8229 -2.1491 1.063 3.0957 -2.8117 -0.7243 
-1.3655 -3.3895 -1.4735 0.7534 0.4804 -2.8121 0.7026 2.3373 -1.9493 -1.9624 -2.9375 3.1386 -2.9136 0.7631 -0.5005 -1.7641 0.1012 2.457 -2.3373 1.7914 3.1239 0.6614 -3.2731 -2.3657 -1.6409 3.6165 -0.5989 -3.1528 -2.1845 -1.4372 -0.2838 2.2871 2.3363 3.8396 -1.9299 -3.9325 3.8666 0.8395 2.222 -3.882 0.694 2.6841 0.9612 0.9713 1.1136 0.0757 -1.4296 1.0168 2.3257 0.4972 -2.6433 -0.6303 2.5555 3.0083 -0.7034 3.3008 1.4576 0.5366 -0.5813 -0.1336 -0.2992 -0.1036 1.0401 2.2557 2.2631 1.4336 -0.8758 -0.3105 2.7044 0.8759 1.0564 -3.1598 1.4922 -2.2375 2.1695 1.2927 -0.9892 -2.0859 -1.8603 -1.9624 1.8069 1.3743 -3.9214 2.8056 0.0962 2.6039 2.3832 3.8193 2.2249 -2.2386 1.0276 2.2718 -1.3057 3.8117 -3.6246 3.7834 1.0327 3.8255 1.0452 -1.8057 3.2068 -0.4864 -2.8238 -2.1286 1.0559 3.0915 -2.7957 -0.714 
-1.3439 -3.3988 -1.4863 0.7776 0.5114 -2.802 0.7167 2.2782 -1.9519 -1.9532 -2.9461 3.1013 -2.9377 0.7737 -0.4919 -1.7808 0.1212 2.463 -2.3017 1.7805 3.1146 0.6663 -3.2755 -2.3828 -1.6624 3.6035 -0.5687 -3.1776 -2.1729 -1.4279 -0.2991 2.3246 2.3155 3.8136 -1.9141 -3.9288 3.8907 0.8332 2.2146 -3.9272 0.6945 2.7192 0.9812 0.972 1.1094 0.0731 -1.4199 1.017 2.3431 0.489 -2.663 -0.6367 2.5541 3.022 -0.7107 3.2872 1.4618 0.5297 -0.6029 -0.1606 -0.3307 -0.0842 1.078 2.2799 2.2786 1.4409 -0.9032 -0.2786 2.6845 0.8922 1.064 -3.179 1.4984 -2.2425 2.1556 1.3245 -0.971 -2.0755 -1.8612 -1.9339 1.7904 1.3603 -3.9314 2.8417 0.098 2.5728 2.4068 3.8378 2.1902 -2.2702 1.0478 2.2858 -1.3335 3.8155 -3.6503 3.7879 1.0308 3.8305 1.0298 -1.8268 3.2291 -0.4985 -2.8246 -2.1078 1.0484 3.0871 -2.7792 -0.704 
-1.3218 -3.4084 -1.499 0.8047 0.5429 -2.7854 0.7305 2.2189 -1.9552 -1.9439 -2.9546 3.0638 -2.9616 0.7843 -0.4835 -1.7974 0.1385 2.4688 -2.2664 1.7701 3.1052 0.6709 -3.2774 -2.3997 -1.6846 3.5902 -0.5383 -3.203 -2.1613 -1.4172 -0.3145 2.3623 2.2944 3.7878 -1.8981 -3.9251 3.9147 0.8267 2.1993 -3.9723 0.6948 2.7542 1.001 0.9724 1.1045 0.0707 -1.4099 1.0167 2.361 0.4808 -2.6825 -0.644 2.5613 3.0356 -0.7178 3.2738 1.4678 0.5229 -0.6245 -0.1876 -0.362 -0.0646 1.1115 2.3036 2.2942 1.4487 -0.9299 -0.2468 2.6645 0.9086 1.0701 -3.1985 1.509 -2.2475 2.1415 1.3572 -0.9489 -2.0649 -1.8621 -1.9062 1.7732 1.3462 -3.9415 2.8776 0.1 2.5423 2.4304 3.8558 2.1554 -2.303 1.0681 2.2995 -1.3602 3.8193 -3.6821 3.7927 1.0291 3.8353 1.0144 -1.8526 3.2515 -0.5103 -2.8254 -2.0869 1.0406 3.0823 -2.762 -0.6942 
-1.2991 -3.4181 -1.5115 0.8335 0.5745 -2.7653 0.7443 2.1593 -1.9588 -1.9345 -2.963 3.0262 -2.9852 0.7949 -0.4752 -1.8141 0.1543 2.4745 -2.2312 1.76 3.0957 0.6752 -3.2782 -2.4166 -1.7075 3.5766 -0.5078 -3.2288 -2.1497 -1.4053 -0.3296 2.4003 2.2731 3.7622 -1.882 -3.9215 3.9385 0.8198 2.1817 -4.0175 0.695 2.789 1.0207 0.9728 1.0994 0.0684 -1.4007 1.0159 2.3792 0.4724 -2.7018 -0.6521 2.5714 3.0491 -0.7246 3.2605 1.4756 0.516 -0.6462 -0.2145 -0.3932 -0.0449 1.1429 2.3269 2.3098 1.4568 -0.9558 -0.215 2.6444 0.9253 1.0747 -3.2182 1.5217 -2.2524 2.1272 1.3908 -0.9257 -2.0542 -1.863 -1.8795 1.7556 1.3323 -3.9516 2.9134 0.1023 2.5121 2.454 3.8727 2.1206 -2.336 1.0884 2.3129 -1.3846 3.8232 -3.7171 3.7976 1.0277 3.8398 0.999 -1.8818 3.2742 -0.5217 -2.8262 -2.0663 1.0324 3.0773 -2.7441 -0.6847 
-1.2756 -3.428 -1.5237 0.8632 0.6058 -2.7435 0.7579 2.0993 -1.9624 -1.925 -2.9714 2.9885 -3.0084 0.8055 -0.467 -1.8307 0.1695 2.48 -2.1963 1.7503 3.0861 0.6793 -3.277 -2.4334 -1.7311 3.5627 -0.4771 -3.255 -2.1381 -1.3926 -0.3442 2.4386 2.2515 3.737 -1.8657 -3.9178 3.9622 0.8125 2.1634 -4.0624 0.6951 2.8237 1.0401 0.9731 1.0943 0.0663 -1.3929 1.0145 2.3976 0.4639 -2.7209 -0.6608 2.5821 3.0627 -0.7312 3.2473 1.4851 0.509 -0.6679 -0.2414 -0.4242 -0.0249 1.1736 2.3498 2.3255 1.4652 -0.9805 -0.1833 2.6243 0.9422 1.0778 -3.238 1.5349 -2.2571 2.1126 1.4251 -0.9024 -2.0435 -1.8639 -1.8538 1.7377 1.3186 -3.9618 2.949 0.1049 2.4821 2.4777 3.8878 2.0859 -2.3688 1.1085 2.3261 -1.4045 3.8273 -3.7536 3.8027 1.0265 3.844 0.9837 -1.9157 3.2968 -0.5328 -2.8271 -2.0459 1.024 3.0719 -2.7255 -0.6755 
-1.2512 -3.4379 -1.5351 0.8932 0.6369 -2.7212 0.7714 2.0387 -1.9661 -1.9155 -2.9796 2.9504 -3.0314 0.8162 -0.459 -1.8473 0.1844 2.4853 -2.1617 1.7407 3.0766 0.6831 -3.2728 -2.4503 -1.7552 3.5483 -0.4464 -3.2815 -2.1265 -1.3797 -0.3579 2.4772 2.2298 3.7122 -1.8492 -3.914 3.9858 0.8047 2.1449 4.0364 0.6951 2.8583 1.0592 0.9733 1.0893 0.0643 -1.3863 1.0128 2.4161 0.4553 -2.7397 -0.67 2.5922 3.0772 -0.7377 3.2341 1.496 0.5019 -0.6896 -0.2682 -0.4552 -0.0046 1.204 2.3725 2.3412 1.4738 -1.0042 -0.1514 2.6042 0.9593 1.0797 -3.2579 1.5482 -2.2618 2.0977 1.4602 -0.8793 -2.033 -1.8648 -1.8294 1.7197 1.3053 -3.9719 2.9845 0.1078 2.4523 2.5012 3.9 2.0515 -2.4013 1.1285 2.339 -1.4188 3.8315 -3.7906 3.8079 1.0255 3.848 0.9685 -1.9555 3.3193 -0.5435 -2.8279 -2.0258 1.0155 3.0662 -2.7063 -0.6665 
-1.2258 -3.448 -1.5443 0.9234 0.6676 -2.6988 0.7848 1.9777 -1.9697 -1.9058 -2.9878 2.9122 -3.0539 0.8269 -0.4511 -1.8639 0.1994 2.4904 -2.1272 1.7312 3.0674 0.6867 -3.2648 -2.4672 -1.7795 3.5334 -0.4156 -3.3083 -2.1149 -1.3673 -0.3702 2.5162 2.2078 3.6879 -1.8326 -3.9102 4.0092 0.7963 2.1262 3.9927 0.6948 2.8928 1.0779 0.9735 1.0842 0.0624 -1.3807 1.0108 2.4345 0.4467 -2.7583 -0.6797 2.5998 3.0941 -0.7441 3.2209 1.508 0.4944 -0.7115 -0.295 -0.486 0.016 1.2345 2.3952 2.3566 1.4825 -1.0264 -0.1194 2.584 0.9768 1.0809 -3.2779 1.5611 -2.2663 2.0825 1.4959 -0.8566 -2.0233 -1.8657 -1.8063 1.7017 1.2925 -3.9821 3.0198 0.1109 2.4226 2.5248 3.9087 2.0176 -2.4336 1.148 2.3518 -1.4284 3.836 -3.8276 3.813 1.0248 3.8518 0.9533 -2.0018 3.3412 -0.5538 -2.8288 -2.006 1.0069 3.0602 -2.6867 -0.6579 
-1.1993 -3.4582 -1.5492 0.9534 0.6979 -2.6766 0.7981 1.9168 -1.9734 -1.8962 -2.9959 2.8737 -3.0762 0.8376 -0.4433 -1.8805 0.2147 2.4953 -2.0931 1.7219 3.0587 0.6901 -3.2528 -2.4842 -1.8039 3.5181 -0.3849 -3.3351 -2.1032 -1.3561 -0.3805 2.5555 2.1855 3.6642 -1.8158 -3.9063 4.0325 0.7874 2.1074 3.9503 0.6943 2.9273 1.0959 0.9738 1.0791 0.0607 -1.3757 1.0087 2.4528 0.4379 -2.7766 -0.6897 2.6025 3.1159 -0.7505 3.2075 1.5205 0.4868 -0.7334 -0.3217 -0.5168 0.0371 1.2652 2.4186 2.3715 1.4914 -1.0466 -0.0873 2.5639 0.9945 1.0817 -3.298 1.5732 -2.2707 2.0671 1.5321 -0.8342 -2.0152 -1.8666 -1.7845 1.6838 1.2803 -3.9922 3.055 0.1143 2.393 2.5484 3.9136 1.9847 -2.4657 1.1666 2.3644 -1.4354 3.8409 -3.8645 3.8179 1.0244 3.8554 0.9382 -2.0546 3.3621 -0.5639 -2.8298 -1.9865 0.9983 3.0539 -2.6668 -0.6495 
-1.1719 -3.4686 -1.5481 0.9834 0.7278 -2.6546 0.8112 1.8588 -1.9773 -1.8864 -3.0038 2.8349 -3.0982 0.8484 -0.4357 -1.897 0.2301 2.5002 -2.0592 1.7126 3.0511 0.6936 -3.2375 -2.5011 -1.8282 3.5024 -0.3544 -3.3618 -2.0915 -1.3472 -0.3878 2.5951 2.163 3.6412 -1.7987 -3.9024 4.0557 0.7778 2.0887 3.9096 0.6936 2.9617 1.1102 0.974 1.0739 0.059 -1.3712 1.0067 2.471 0.4292 -2.7947 -0.7 2.598 3.1447 -0.7572 3.1938 1.5333 0.4796 -0.7554 -0.3482 -0.5475 0.0585 1.2962 2.4434 2.3854 1.5002 -1.0638 -0.0555 2.5438 1.0127 1.0823 -3.318 1.5836 -2.2751 2.0514 1.5686 -0.8122 -2.01 -1.8676 -1.764 1.666 1.2688 -4.0024 3.0902 0.1178 2.3632 2.5719 3.9155 1.9532 -2.4976 1.184 2.3768 -1.4411 3.8462 -3.9013 3.8227 1.0242 3.8587 0.9232 -2.1144 3.3816 -0.5735 -2.8308 -1.9673 0.9898 3.0473 -2.6468 -0.6415 
-1.1437 -3.4792 -1.5413 1.0131 0.7575 -2.6328 0.8242 1.8158 -1.9814 -1.8766 -3.0116 2.7959 -3.1199 0.8592 -0.4281 -1.9136 0.2457 2.5051 -2.0256 1.7033 3.0454 0.6973 -3.2196 -2.5181 -1.8521 3.4863 -0.3244 -3.3885 -2.0797 -1.3415 -0.391 2.635 2.1402 3.619 -1.7815 -3.8984 -4.0644 0.7675 2.0703 3.8708 0.6927 2.9961 1.109 0.9743 1.0683 0.0575 -1.3667 1.0047 2.489 0.4205 -2.8124 -0.7106 2.5869 3.18 -0.7642 3.1796 1.5456 0.4742 -0.7776 -0.3746 -0.5783 0.0803 1.3274 2.4705 2.3976 1.5092 -1.0767 -0.0255 2.5237 1.0312 1.0828 -3.3381 1.5916 -2.2793 2.0353 1.6052 -0.7906 -2.0091 -1.8687 -1.7446 1.6484 1.258 -4.0125 3.1252 0.1216 2.3333 2.5953 3.9152 1.9234 -2.5294 1.1999 2.3892 -1.4464 3.8518 -3.938 3.8275 1.0242 3.8618 0.9081 -2.1798 3.3994 -0.5829 -2.8318 -1.9483 0.9814 3.0406 -2.6266 -0.6338 
-1.115 -3.4901 -1.5309 1.0428 0.7869 -2.6111 0.837 1.8084 -1.9857 -1.8667 -3.0192 2.7567 -3.1413 0.8701 -0.4206 -1.93 0.2616 2.5104 -1.9923 1.6941 3.0425 0.7015 -3.2003 -2.5351 -1.8756 3.4699 -0.2951 -3.4149 -2.068 -1.3399 -0.3892 2.6748 2.1172 3.5978 -1.7641 -3.8946 -4.0413 0.7564 2.053 3.8338 0.6915 3.0305 1.0719 0.9746 1.0628 0.056 -1.3623 1.0028 2.5067 0.4118 -2.8299 -0.7214 2.5715 3.2194 -0.7716 3.1647 1.5567 0.4745 -0.7999 -0.4009 -0.609 0.1022 1.3588 2.5006 2.4071 1.5182 -1.0845 -0.0011 2.5037 1.0501 1.0835 -3.3582 1.5966 -2.2834 2.0189 1.6419 -0.7694 -2.0135 -1.8698 -1.726 1.6309 1.2477 -4.0225 3.1601 0.1255 2.3028 2.6188 3.9137 1.8954 -2.561 1.2145 2.4014 -1.4517 3.8577 -3.9746 3.8322 1.0245 3.8648 0.893 -2.2486 3.4159 -0.5919 -2.833 -1.9295 0.973 3.0338 -2.6064 -0.6264 
-1.0858 -3.5012 -1.5188 1.0723 0.816 -2.5897 0.8495 1.8286 -1.9903 -1.8567 -3.0267 2.7172 -3.1624 0.881 -0.4132 -1.9465 0.2776 2.5166 -1.9593 1.6849 3.0432 0.7066 -3.1801 -2.5522 -1.8987 3.4533 -0.2663 -3.4411 -2.0564 -1.3425 -0.3824 2.7146 2.0939 3.5774 -1.7465 -3.8907 -4.0182 0.7445 2.038 3.7979 0.6901 3.0649 1.0066 0.9749 1.0576 0.0547 -1.3578 1.001 2.5241 0.4032 -2.8471 -0.7324 2.5542 3.2608 -0.7797 3.1491 1.5654 0.485 -0.8224 -0.4275 -0.6397 0.124 1.3905 2.5337 2.4132 1.5274 -1.0875 0.0134 2.4836 1.0695 1.0843 -3.3783 1.5986 -2.2874 2.0021 1.6785 -0.7487 -2.0231 -1.871 -1.7082 1.6135 1.2381 -4.0326 3.195 0.1295 2.2714 2.6422 3.9117 1.869 -2.5925 1.2282 2.4136 -1.457 3.8637 -4.0112 3.837 1.0251 3.8675 0.8777 -2.3188 3.4313 -0.6006 -2.8343 -1.9109 0.9646 3.0269 -2.5863 -0.6194 
-1.0563 -3.5126 -1.5061 1.1017 0.845 -2.5683 0.8613 1.8569 -1.995 -1.8466 -3.0338 2.6776 -3.1834 0.8919 -0.4058 -1.9629 0.2938 2.5239 -1.9265 1.6757 3.0478 0.7128 -3.1595 -2.5691 -1.9213 3.4364 -0.2383 -3.4671 -2.0449 -1.3487 -0.3711 2.7541 2.0703 3.5581 -1.7287 -3.887 -3.9951 0.7316 2.0266 3.7628 0.6885 3.0993 0.9327 0.9752 1.0534 0.0535 -1.3532 0.9994 2.5413 0.3947 -2.8641 -0.7437 2.5361 3.3028 -0.7882 3.1327 1.5702 0.5059 -0.845 -0.4547 -0.6705 0.1453 1.4224 2.5691 2.4154 1.5369 -1.0868 0.0182 2.4637 1.0892 1.0853 -3.3984 1.5986 -2.2912 1.9849 1.7149 -0.7287 -2.0367 -1.8723 -1.6908 1.5961 1.229 -4.0426 3.2298 0.1337 2.2388 2.6655 3.9096 1.8439 -2.624 1.2418 2.4257 -1.4624 3.8699 -4.0477 3.8418 1.026 3.8701 0.862 -2.3893 3.4462 -0.609 -2.8356 -1.8924 0.9561 3.0202 -2.5661 -0.6127 
-1.0267 -3.5243 -1.4933 1.1309 0.8738 -2.547 0.8722 1.8863 -1.9997 -1.8365 -3.0408 2.6379 -3.2041 0.9029 -0.3985 -1.9793 0.3102 2.5325 -1.894 1.6666 3.056 0.7205 -3.1386 -2.5861 -1.9435 3.4194 -0.2108 -3.493 -2.0337 -1.3577 -0.3564 2.7932 2.0465 3.5397 -1.7106 -3.8834 -3.9721 0.7175 2.0194 3.7282 0.6867 3.1336 0.8568 0.9756 1.051 0.0523 -1.3486 0.9982 2.558 0.3862 -2.8808 -0.7552 2.5177 3.3451 -0.797 3.1156 1.5708 0.5325 -0.8678 -0.4827 -0.7013 0.1655 1.4543 2.606 2.4142 1.5468 -1.0837 0.0183 2.4438 1.1093 1.0865 -3.4185 1.5976 -2.2949 1.967 1.7509 -0.7099 -2.0529 -1.8737 -1.6739 1.5788 1.2203 -4.0526 3.2645 0.1379 2.2049 2.6889 3.9076 1.8196 -2.6553 1.2563 2.4378 -1.4678 3.8761 4.059 3.8466 1.0272 3.8725 0.8459 -2.4596 3.4611 -0.617 -2.8372 -1.874 0.9471 3.0137 -2.5459 -0.6063 
-0.9971 -3.5364 -1.4805 1.1601 0.9026 -2.5259 0.8812 1.9152 -2.0043 -1.8263 -3.0474 2.5982 -3.2246 0.9139 -0.3913 -1.9957 0.3267 2.5422 -1.8617 1.6574 3.0669 0.7299 -3.1176 -2.603 -1.9655 3.4023 -0.184 -3.5186 -2.0227 -1.3684 -0.3396 2.8318 2.0224 3.522 -1.6924 -3.8799 -3.949 0.7023 2.0165 3.6939 0.6848 3.1677 0.7805 0.976 1.0507 0.0512 -1.3439 0.9977 2.5745 0.3778 -2.8972 -0.7669 2.4994 3.3874 -0.8061 3.0979 1.5675 0.5613 -0.8909 -0.5117 -0.7322 0.1841 1.4864 2.6436 2.4104 1.5573 -1.0796 0.0183 2.4238 1.1297 1.0879 -3.4386 1.5966 -2.2985 1.9482 1.7865 -0.693 -2.0704 -1.8753 -1.6572 1.5613 1.2121 -4.0627 3.2992 0.1423 2.1699 2.7121 3.9058 1.796 -2.6865 1.273 2.4497 -1.4733 3.8826 4.0224 3.8515 1.0287 3.8748 0.8291 -2.5296 3.4761 -0.6247 -2.8388 -1.8557 0.9374 3.0075 -2.5258 -0.6002 
-0.9675 -3.5488 -1.4678 1.1892 0.9312 -2.5047 0.8879 1.9434 -2.0087 -1.8161 -3.0539 2.5582 -3.2448 0.9249 -0.3841 -2.012 0.3435 2.5528 -1.8297 1.6482 3.0795 0.7407 -3.0964 -2.6199 -1.9874 3.3852 -0.158 -3.5442 -2.0119 -1.3801 -0.3218 2.87 1.998 3.505 -1.674 -3.8766 -3.9258 0.6861 2.0171 3.6598 0.683 3.2013 0.7037 0.9766 1.0528 0.0502 -1.3393 0.9981 2.5907 0.3696 -2.9134 -0.7789 2.4812 3.4296 -0.8153 3.0796 1.5614 0.5907 -0.9141 -0.5414 -0.7633 0.2004 1.5186 2.6814 2.405 1.5686 -1.075 0.0207 2.4039 1.1502 1.0896 -3.4588 1.5966 -2.302 1.9281 1.8219 -0.6791 -2.0884 -1.877 -1.6407 1.5438 1.2042 4.0704 3.3339 0.1469 2.1341 2.7354 3.9043 1.7726 -2.7177 1.2925 2.4615 -1.4788 3.8891 3.9859 3.8564 1.0305 3.8769 0.8115 -2.5993 3.4916 -0.6321 -2.8407 -1.8374 0.9266 3.0016 -2.5057 -0.5943 
-0.9381 -3.5616 -1.4552 1.2182 0.9597 -2.4836 0.8919 1.9711 -2.0129 -1.8057 -3.06 2.5179 -3.2649 0.936 -0.3769 -2.0284 0.3604 2.5639 -1.7978 1.639 3.093 0.7528 -3.0752 -2.6366 -2.0092 3.368 -0.1327 -3.5697 -2.001 -1.3923 -0.3041 2.9078 1.9734 3.4885 -1.6556 -3.8734 -3.9026 0.6688 2.0207 3.6258 0.6815 3.2338 0.6266 0.9772 1.0576 0.0493 -1.3347 0.9995 2.6071 0.3614 -2.9294 -0.7912 2.463 3.4717 -0.8245 3.0611 1.5534 0.6202 -0.9376 -0.5716 -0.7944 0.2143 1.5506 2.719 2.3986 1.5807 -1.0706 0.0269 2.384 1.1706 1.0914 -3.4789 1.5979 -2.3053 1.9065 1.8569 -0.6691 -2.1066 -1.8789 -1.6244 1.5261 1.1966 4.0601 3.3685 0.1517 2.0978 2.7586 3.9029 1.7495 -2.7488 1.3153 2.473 -1.4843 3.8957 3.9496 3.8612 1.0326 3.879 0.793 -2.6687 3.5083 -0.6391 -2.8427 -1.8192 0.9147 2.9959 -2.4856 -0.5888 
-0.9087 -3.5747 -1.4425 1.2472 0.9882 -2.4625 0.8939 1.9981 -2.017 -1.7953 -3.066 2.4772 -3.2848 0.9471 -0.3697 -2.0447 0.3776 2.5753 -1.7662 1.6298 3.1066 0.7659 -3.0538 -2.6531 -2.0311 3.3509 -0.1081 -3.5954 -1.9901 -1.4046 -0.2873 2.9453 1.9484 3.4723 -1.637 -3.8704 -3.8793 0.6506 2.0265 3.5921 0.6807 3.2645 0.5492 0.978 1.0649 0.0484 -1.3301 1.0019 2.6237 0.3532 -2.9451 -0.8037 2.4449 3.5138 -0.8336 3.0425 1.5443 0.6499 -0.9613 -0.6019 -0.8258 0.2257 1.5825 2.7564 2.3917 1.5936 -1.0663 0.0375 2.364 1.1909 1.0934 -3.4988 1.6007 -2.3084 1.8837 1.8916 -0.6634 -2.1245 -1.881 -1.6081 1.5082 1.1893 4.0497 3.4031 0.157 2.0612 2.7819 3.9017 1.7264 -2.7798 1.3407 2.4844 -1.4898 3.9025 3.9138 3.866 1.0351 3.8809 0.7736 -2.7379 3.5269 -0.6458 -2.8449 -1.801 0.9016 2.9903 -2.4657 -0.5834 
-0.8796 -3.5882 -1.4299 1.2763 1.0167 -2.4413 0.8944 2.0246 -2.0207 -1.7848 -3.0717 2.436 -3.3045 0.9583 -0.3625 -2.061 0.3949 2.5869 -1.7349 1.6206 3.1197 0.7797 -3.0323 -2.6693 -2.0529 3.3339 -0.084 -3.6214 -1.9792 -1.4168 -0.2723 2.9828 1.9232 3.4564 -1.6185 -3.8676 -3.8561 0.6317 2.0339 3.5585 0.6812 3.2927 0.4716 0.9789 1.0744 0.0477 -1.3256 1.0049 2.6408 0.3451 -2.9605 -0.8165 2.4268 3.5558 -0.8427 3.0238 1.5344 0.6796 -0.9851 -0.6321 -0.8573 0.2349 1.614 2.7934 2.3846 1.6072 -1.0624 0.0519 2.3439 1.2107 1.0956 -3.5184 1.6047 -2.3114 1.8601 1.9261 -0.6614 -2.1422 -1.8833 -1.5919 1.4901 1.1822 4.0392 3.4376 0.1629 2.0246 2.805 3.9006 1.7034 -2.8108 1.3681 2.4954 -1.4953 3.9094 3.8787 3.8708 1.0379 3.8827 0.7534 -2.8069 3.548 -0.6521 -2.847 -1.7828 0.8876 2.9847 -2.4461 -0.578 
-0.8506 -3.6021 -1.4174 1.3053 1.0451 -2.4202 0.8942 2.0505 -2.0238 -1.7742 -3.0772 2.3943 -3.324 0.9696 -0.3554 -2.0773 0.4125 2.5985 -1.7037 1.6113 3.1317 0.7938 -3.0106 -2.6853 -2.0747 3.317 -0.0602 -3.6479 -1.9683 -1.4288 -0.26 3.0202 1.8977 3.4406 -1.6002 -3.865 -3.8332 0.6123 2.0425 3.5252 0.6835 3.3185 0.3941 0.9802 1.0857 0.047 -1.3211 1.0085 2.6588 0.3371 -2.9758 -0.8295 2.4087 3.5978 -0.8518 3.0051 1.524 0.7093 -1.009 -0.6623 -0.8888 0.2425 1.6448 2.8301 2.3775 1.6215 -1.0588 0.0691 2.3235 1.2299 1.0979 -3.5375 1.6096 -2.3142 1.8358 1.9603 -0.6621 -2.1595 -1.8859 -1.5758 1.4719 1.1753 4.0286 3.4722 0.1695 1.9878 2.8282 3.8996 1.6804 -2.8418 1.3967 2.5063 -1.5008 3.9165 3.8449 3.8755 1.041 3.8844 0.7324 -2.8757 3.5716 -0.658 -2.849 -1.7647 0.8729 2.9791 -2.427 -0.5726 
-0.8218 -3.6164 -1.4053 1.3343 1.0735 -2.399 0.8936 2.0759 -2.0264 -1.7636 -3.0826 2.3522 -3.3433 0.9809 -0.3483 -2.0936 0.43 2.6101 -1.6729 1.6021 3.1418 0.8081 -2.9887 -2.7009 -2.0965 3.3001 -0.0366 -3.675 -1.9574 -1.4406 -0.251 3.0577 1.8719 3.4248 -1.5823 -3.8627 -3.8111 0.5924 2.0523 3.492 0.688 3.3426 0.3167 0.9819 1.0982 0.0464 -1.3168 1.0125 2.678 0.329 -2.9909 -0.8428 2.3907 3.6398 -0.8608 2.9866 1.5134 0.7392 -1.0329 -0.6922 -0.9201 0.2488 1.6745 2.8665 2.3704 1.6364 -1.0554 0.0881 2.3028 1.2482 1.1004 -3.5561 1.6149 -2.3168 1.8112 1.9944 -0.6644 -2.1764 -1.8887 -1.5596 1.4537 1.1686 4.0177 3.5067 0.1769 1.9511 2.8514 3.8987 1.6574 -2.8728 1.4259 2.5169 -1.5062 3.9237 3.8128 3.8802 1.0444 3.886 0.711 -2.9444 3.597 -0.6635 -2.8502 -1.7466 0.8576 2.9736 -2.4086 -0.5669 
-0.7931 -3.631 -1.3944 1.363 1.1018 -2.3778 0.893 2.1007 -2.0283 -1.7528 -3.0878 2.3097 -3.3625 0.992 -0.3411 -2.1099 0.4471 2.6216 -1.6422 1.5928 3.1498 0.8224 -2.9665 -2.7161 -2.1183 3.2833 -0.0131 -3.7027 -1.9464 -1.4521 -0.2454 3.0951 1.8458 3.4088 -1.5649 -3.8605 -3.7904 0.5723 2.0629 3.459 0.6952 3.3657 0.2394 0.9842 1.1115 0.0459 -1.3125 1.0167 2.6986 0.321 -3.0057 -0.8563 2.3726 3.6819 -0.8698 2.9683 1.5027 0.7692 -1.0566 -0.722 -0.9504 0.2543 1.7027 2.9027 2.3634 1.6519 -1.0521 0.1081 2.2817 1.2656 1.1033 -3.5742 1.6203 -2.3191 1.7867 2.0283 -0.6676 -2.1931 -1.8919 -1.5435 1.4359 1.1619 4.0067 3.5412 0.1851 1.9145 2.8745 3.8979 1.6344 -2.9038 1.4555 2.5274 -1.5116 3.9311 3.783 3.8851 1.0481 3.8875 0.6892 -3.013 3.6235 -0.6685 -2.8501 -1.7286 0.8419 2.9684 -2.3912 -0.5607 
-0.7646 -3.6459 -1.3858 1.3908 1.1301 -2.3565 0.8924 2.125 -2.0296 -1.742 -3.0929 2.2671 -3.3815 1.0023 -0.334 -2.1262 0.463 2.633 -1.6117 1.5834 3.1554 0.8365 -2.9442 -2.731 -2.1401 3.2666 0.0105 -3.731 -1.9349 -1.4633 -0.2432 3.1325 1.8194 3.3923 -1.5485 -3.8586 -3.7724 0.552 2.0745 3.4261 0.705 3.3883 0.1622 0.9871 1.1253 0.0454 -1.3083 1.0211 2.7212 0.313 -3.0204 -0.8701 2.3545 3.7241 -0.8788 2.9502 1.4919 0.7993 -1.0797 -0.7516 -0.9784 0.2592 1.7288 2.9386 2.3565 1.6678 -1.049 0.1285 2.26 1.282 1.1072 -3.5919 1.6257 -2.3213 1.7628 2.062 -0.6712 -2.2094 -1.8954 -1.5273 1.4193 1.1554 3.9956 3.5757 0.1937 1.8782 2.8977 3.8972 1.6113 -2.9348 1.4852 2.5378 -1.517 3.9386 3.7556 3.8905 1.0521 3.889 0.6674 -3.0815 3.6506 -0.6732 -2.8473 -1.7106 0.8257 2.9634 -2.3754 -0.5538 
-0.7363 -3.6612 -1.3815 1.4168 1.1585 -2.3352 0.8919 2.1488 -2.0305 -1.7311 -3.0979 2.2243 -3.4004 1.0105 -0.3269 -2.1426 0.4762 2.6442 -1.5813 1.5741 3.1589 0.8502 -2.9217 -2.7454 -2.1618 3.2498 0.034 -3.7595 -1.922 -1.4743 -0.2438 3.1698 1.7928 3.3749 -1.5332 -3.8569 -3.7585 0.5318 2.0869 3.3935 0.717 3.4108 0.0852 0.9908 1.1393 0.0451 -1.3043 1.0257 2.746 0.305 -3.0349 -0.8842 2.3364 3.7663 -0.8878 2.9323 1.4812 0.8296 -1.1018 -0.781 -1.0025 0.2639 1.7527 2.9741 2.3497 1.6838 -1.0458 0.1491 2.2378 1.2973 1.1134 -3.6096 1.6309 -2.3232 1.7407 2.0956 -0.6749 -2.2255 -1.8993 -1.5112 1.4053 1.1488 3.9842 3.6101 0.2028 1.8423 2.9208 3.8965 1.5881 -2.9658 1.5149 2.548 -1.5224 3.9464 3.7302 3.8968 1.0564 3.8905 0.6455 -3.1499 3.678 -0.6774 -2.8404 -1.6926 0.8092 2.9589 -2.3624 -0.5458 
-0.708 -3.6768 -1.3822 1.4394 1.1868 -2.3138 0.8915 2.1721 -2.031 -1.7201 -3.1028 2.1814 -3.4191 1.0158 -0.3198 -2.159 0.4852 2.6552 -1.5511 1.5647 3.1607 0.8633 -2.899 -2.7595 -2.1835 3.2331 0.0577 -3.7883 -1.9065 -1.4851 -0.2465 3.2072 1.7659 3.3561 -1.5194 -3.8554 -3.7499 0.5117 2.1 3.361 0.7308 3.4333 0.0083 0.9951 1.1533 0.0449 -1.3006 1.0305 2.7731 0.297 -3.0493 -0.8985 2.3183 3.8085 -0.8968 2.9146 1.4707 0.8601 -1.1222 -0.8104 -1.0216 0.2683 1.774 3.0094 2.3429 1.6997 -1.0427 0.1697 2.2147 1.3116 1.1224 -3.6272 1.636 -2.3248 1.7218 2.129 -0.6786 -2.2413 -1.9035 -1.495 1.3956 1.1423 3.9727 3.6444 0.2121 1.807 2.9439 3.896 1.5649 -2.9969 1.5446 2.5582 -1.5278 3.9543 3.7066 3.9045 1.061 3.8919 0.6239 -3.2183 3.7057 -0.6811 -2.8284 -1.6748 0.7923 2.9549 -2.3537 -0.5364 
-0.68 -3.6926 -1.3871 1.4578 1.2152 -2.2923 0.8912 2.1949 -2.0314 -1.709 -3.1077 2.1384 -3.4378 1.0192 -0.3127 -2.1755 0.4887 2.6661 -1.521 1.5553 3.1614 0.8758 -2.8762 -2.7733 -2.2052 3.2165 0.0813 -3.8172 -1.8881 -1.4956 -0.2507 3.2444 1.7388 3.3352 -1.5073 -3.8541 -3.7466 0.4919 2.1136 3.3287 0.7459 3.4557 -0.0679 1.0001 1.1673 0.0447 -1.2975 1.0354 2.8022 0.2889 -3.0635 -0.913 2.3001 3.8506 -0.9059 2.8972 1.4606 0.8908 -1.1399 -0.8396 -1.0369 0.2723 1.7931 3.0444 2.3361 1.7155 -1.0403 0.1903 2.1908 1.3252 1.1332 -3.6451 1.6411 -2.3262 1.7071 2.1624 -0.6821 -2.2568 -1.908 -1.4789 1.3914 1.1357 3.961 3.6786 0.2216 1.7723 2.9671 3.8956 1.5416 -3.0281 1.5741 2.5684 -1.5331 3.9625 3.6841 3.9144 1.0658 3.8933 0.6024 -3.2867 3.7336 -0.6844 -2.8111 -1.657 0.7752 2.9514 -2.3504 -0.5254 
-0.652 -3.7087 -1.3943 1.4728 1.2436 -2.2708 0.891 2.2173 -2.0316 -1.6978 -3.1126 2.0954 -3.4563 1.0218 -0.3056 -2.192 0.4866 2.6767 -1.4911 1.5458 3.1615 0.8878 -2.8534 -2.7868 -2.2269 3.2 0.1051 -3.8462 -1.8684 -1.5059 -0.2559 3.2817 1.7115 3.312 -1.497 -3.8529 -3.7479 0.4728 2.1275 3.2964 0.7618 3.4781 -0.1407 1.0057 1.1812 0.0446 -1.2953 1.0406 2.8332 0.2808 -3.0775 -0.9277 2.282 3.8925 -0.915 2.8801 1.4518 0.9216 -1.1527 -0.8688 -1.05 0.2759 1.8102 3.079 2.3294 1.7311 -1.041 0.2108 2.1661 1.3381 1.1436 -3.6631 1.646 -2.3272 1.6956 2.1956 -0.6855 -2.272 -1.9127 -1.4627 1.3927 1.129 3.9492 3.7126 0.2312 1.738 2.9902 3.8952 1.5182 -3.0594 1.6036 2.5785 -1.5385 3.9709 3.6622 3.9267 1.0708 3.8946 0.5812 -3.355 3.7616 -0.6872 -2.7892 -1.6393 0.758 2.9487 -2.3523 -0.5128 
-0.6241 -3.7249 -1.4025 1.4862 1.272 -2.2493 0.8909 2.2393 -2.0316 -1.6865 -3.1175 2.0524 -3.4748 1.0243 -0.2984 -2.2086 0.4805 2.6872 -1.4613 1.5363 3.1613 0.8997 -2.8307 -2.8001 -2.2486 3.1837 0.129 -3.8751 -1.8509 -1.5161 -0.2617 3.3189 1.684 3.2865 -1.4884 -3.8517 -3.7523 0.4543 2.1416 3.2644 0.7781 3.5005 -0.203 1.0117 1.195 0.0446 -1.2946 1.046 2.8655 0.2726 -3.0914 -0.9426 2.2639 3.9342 -0.9242 2.8632 1.4462 0.9527 -1.1582 -0.8979 -1.0624 0.279 1.8258 3.1134 2.3227 1.7464 -1.0525 0.2313 2.1405 1.3506 1.1512 -3.6813 1.6508 -2.328 1.6857 2.2287 -0.6888 -2.287 -1.9173 -1.4466 1.398 1.1221 3.9373 3.7464 0.241 1.7039 3.0134 3.895 1.4946 -3.0908 1.6328 2.5886 -1.5438 3.9796 3.6407 3.9413 1.0761 3.896 0.5603 -3.4234 3.7898 -0.6895 -2.7643 -1.6218 0.7408 2.9464 -2.3582 -0.4985 
-0.5963 -3.7413 -1.411 1.4989 1.3005 -2.2276 0.8909 2.2609 -2.0315 -1.6751 -3.1223 2.0094 -3.4932 1.0268 -0.2913 -2.2254 0.4719 2.6976 -1.4317 1.5267 3.1611 0.9116 -2.8083 -2.8132 -2.2702 3.1675 0.153 -3.9039 -1.839 -1.526 -0.2678 3.3561 1.6564 3.2592 -1.4814 -3.8505 -3.7586 0.4367 2.1556 3.2324 0.7947 3.5229 -0.2434 1.0181 1.2087 0.0447 -1.2953 1.0517 2.8986 0.2644 -3.1053 -0.9577 2.2458 3.9757 -0.9334 2.8465 1.4461 0.9839 -1.154 -0.9271 -1.0746 0.2814 1.8403 3.1475 2.3159 1.7615 -1.0858 0.2518 2.1142 1.3627 1.1535 -3.6994 1.6555 -2.3284 1.6765 2.2617 -0.6919 -2.3018 -1.9215 -1.4304 1.4058 1.115 3.9252 3.7797 0.2509 1.6698 3.0366 3.8948 1.471 -3.1223 1.6618 2.5987 -1.5491 3.9885 3.6192 3.9578 1.0816 3.8974 0.5397 -3.4917 3.8179 -0.6913 -2.7376 -1.6042 0.7237 2.9448 -2.3665 -0.4828 
-0.5685 -3.7577 -1.4197 1.5114 1.3291 -2.2059 0.891 2.2823 -2.0312 -1.6635 -3.1272 1.9664 -3.5115 1.0294 -0.2841 -2.2422 0.4622 2.7078 -1.4022 1.5171 3.1608 0.9234 -2.7868 -2.8263 -2.2918 3.1516 0.1771 -3.9327 -1.8339 -1.5358 -0.274 3.3933 1.6287 3.2307 -1.4758 -3.8489 -3.7659 0.42 2.1695 3.2005 0.8114 3.5453 -0.2615 1.0247 1.2222 0.0449 -1.2975 1.0576 2.9322 0.2561 -3.1189 -0.9729 2.2277 4.017 -0.9427 2.8301 1.4518 1.0153 -1.1401 -0.9564 -1.0871 0.2832 1.8542 3.1815 2.3091 1.7763 -1.1415 0.2724 2.0872 1.3747 1.1501 -3.7172 1.66 -2.3285 1.6674 2.2945 -0.6949 -2.3163 -1.9249 -1.4143 1.4146 1.1076 3.9129 3.8124 0.2611 1.6356 3.0598 3.8947 1.4471 -3.1539 1.6906 2.6088 -1.5545 3.9976 3.5976 3.9755 1.0874 3.8988 0.5194 -3.5601 3.8458 -0.6926 -2.71 -1.5868 0.7067 2.9435 -2.3764 -0.4658 
-0.5408 -3.7741 -1.4283 1.5239 1.3576 -2.1841 0.891 2.3035 -2.0308 -1.6517 -3.1322 1.9235 -3.5299 1.0321 -0.2769 -2.2592 0.452 2.7179 -1.3729 1.5075 3.1607 0.9352 -2.7666 -2.8392 -2.3134 3.1359 0.2013 -3.9614 -1.8338 -1.5454 -0.2804 3.4305 1.601 3.2015 -1.4712 -3.847 -3.7736 0.404 2.1831 3.1687 0.8282 3.5677 -0.2688 1.0315 1.2356 0.0452 -1.3006 1.0639 2.9659 0.2477 -3.1325 -0.9884 2.2097 4.0583 -0.9522 2.8139 1.4611 1.047 -1.1192 -0.9857 -1.0999 0.2845 1.8676 3.2152 2.3022 1.791 -1.2082 0.2929 2.0596 1.3866 1.1434 -3.7343 1.6642 -2.3283 1.6584 2.3273 -0.6978 -2.3305 -1.9268 -1.3981 1.4239 1.0999 3.9006 3.8443 0.2715 1.6012 3.0832 3.8947 1.4231 -3.1856 1.7191 2.6189 -1.5598 4.0069 3.5755 3.9937 1.0934 3.9002 0.4993 -3.6285 3.8732 -0.6935 -2.682 -1.5695 0.6898 2.9426 -2.3874 -0.448 
-0.5131 -3.7906 -1.4369 1.5364 1.3862 -2.1623 0.891 2.3247 -2.0301 -1.64 -3.1372 1.8806 -3.5482 1.0351 -0.2696 -2.2763 0.4418 2.7279 -1.3438 1.4979 3.1607 0.9464 -2.7484 -2.8522 -2.335 3.1204 0.2258 -3.99 -1.8362 -1.5548 -0.2867 3.4677 1.5732 3.172 -1.4674 -3.8445 -3.7815 0.3885 2.1963 3.1369 0.8449 3.5901 -0.2727 1.0385 1.2489 0.0456 -1.3041 1.0706 2.9997 0.2392 -3.146 -1.004 2.1918 -4.0435 -0.9617 2.798 1.4721 1.0788 -1.0944 -1.0152 -1.1131 0.2856 1.8808 3.2488 2.2953 1.8054 -1.2781 0.3136 2.0316 1.3985 1.1357 -3.7499 1.6682 -2.3277 1.6493 2.36 -0.7006 -2.3445 -1.9265 -1.3819 1.4332 1.0918 3.888 3.8753 0.2821 1.5665 3.1065 3.8947 1.3989 -3.2174 1.7471 2.629 -1.5651 4.0165 3.5528 4.0119 1.0995 3.9017 0.4794 -3.6971 3.8998 -0.6939 -2.654 -1.5524 0.6732 2.9419 -2.399 -0.4296 
-0.4855 -3.8071 -1.4454 1.5489 1.4148 -2.1404 0.8909 2.3459 -2.0289 -1.6292 -3.1423 1.8377 -3.5665 1.0388 -0.2623 -2.2935 0.4317 2.7378 -1.3147 1.4883 3.1609 0.9563 -2.733 -2.8652 -2.3566 3.1051 0.2504 -4.0184 -1.8395 -1.5642 -0.2929 3.5049 1.5455 3.1424 -1.4641 -3.8413 -3.7893 0.3734 2.2091 3.1052 0.8616 3.6124 -0.2761 1.0454 1.262 0.0461 -1.3078 1.0778 3.0333 0.2306 -3.1594 -1.0198 2.174 -4.002 -0.9715 2.7823 1.4839 1.1108 -1.0679 -1.0448 -1.1267 0.2865 1.8939 3.2823 2.2882 1.8197 -1.3477 0.3344 2.0034 1.4105 1.1285 -3.7634 1.6719 -2.3269 1.6402 2.3926 -0.7033 -2.3581 -1.9232 -1.3658 1.4423 1.0832 3.8754 3.9053 0.293 1.5316 3.13 3.8948 1.3745 -3.2492 1.7746 2.6391 -1.5704 4.0262 3.529 4.0297 1.1056 3.9033 0.4597 -3.7657 3.925 -0.6939 -2.6261 -1.5354 0.6568 2.9413 -2.4112 -0.4109 
-0.4579 -3.8235 -1.4539 1.5614 1.4433 -2.1184 0.8904 2.3672 -2.0271 -1.6217 -3.1475 1.7948 -3.5848 1.0437 -0.255 -2.3109 0.4216 2.7476 -1.2858 1.4788 3.1613 0.9636 -2.7209 -2.8783 -2.3782 3.0901 0.2753 -4.0467 -1.8428 -1.5733 -0.2991 3.5422 1.5178 3.113 -1.4612 -3.8374 -3.7971 0.3585 2.2214 3.0734 0.8783 3.6346 -0.2797 1.0523 1.275 0.0467 -1.3112 1.0856 3.0667 0.2218 -3.1726 -1.0356 2.1562 -3.9604 -0.9814 2.7669 1.4968 1.143 -1.0409 -1.0746 -1.1407 0.2873 1.9071 3.3158 2.281 1.8339 -1.4138 0.3553 1.9752 1.4225 1.1228 -3.7741 1.6753 -2.3262 1.6311 2.4251 -0.706 -2.3715 -1.9164 -1.3496 1.4513 1.0741 3.8625 3.9342 0.304 1.4965 3.1535 3.8949 1.3499 -3.281 1.8016 2.6493 -1.5758 4.0359 3.5039 4.0472 1.111 3.905 0.4401 -3.8346 3.9487 -0.6934 -2.5984 -1.5186 0.6406 2.9407 -2.4237 -0.3921 
-0.4303 -3.8398 -1.4624 1.574 1.4718 -2.0963 0.8894 2.3888 -2.024 -1.6203 -3.1528 1.7519 -3.6031 1.05 -0.2476 -2.3285 0.4117 2.7574 -1.2569 1.4693 3.1618 0.9681 -2.7121 -2.8913 -2.3998 3.0752 0.3005 4.0684 -1.8458 -1.5824 -0.3052 3.5796 1.4902 3.0836 -1.4586 -3.8328 -3.8049 0.3439 2.2332 3.0417 0.8949 3.6568 -0.2835 1.0588 1.2878 0.0474 -1.3144 1.0942 3.0999 0.2129 -3.1858 -1.0516 2.1385 -3.9188 -0.9914 2.7516 1.5123 1.1754 -1.0138 -1.1045 -1.1551 0.2881 1.9202 3.3493 2.2737 1.8479 -1.4736 0.3765 1.9473 1.4347 1.1187 -3.7816 1.6785 -2.3262 1.6219 2.4575 -0.7086 -2.3845 -1.9063 -1.3335 1.4601 1.0646 3.8496 3.9621 0.315 1.461 3.1772 3.895 1.3255 -3.3127 1.828 2.6594 -1.5811 4.0457 3.477 4.0643 1.114 3.9068 0.4207 -3.9038 3.9707 -0.6925 -2.5708 -1.5021 0.6247 2.9401 -2.4364 -0.3732 
-0.4028 -3.8561 -1.4709 1.5865 1.5002 -2.0742 0.8879 2.4106 -2.0188 -1.6234 -3.1583 1.7088 -3.6214 1.0573 -0.2402 -2.3463 0.4019 2.7671 -1.2279 1.4598 3.1625 0.9702 -2.7062 -2.9044 -2.4214 3.0605 0.3258 4.0404 -1.8485 -1.5913 -0.3111 3.617 1.4627 3.0545 -1.4561 -3.8277 -3.8126 0.3295 2.2446 3.01 0.9116 3.679 -0.2877 1.0649 1.3005 0.0482 -1.317 1.1038 3.1329 0.2039 -3.1988 -1.0674 2.1208 -3.8773 -1.0016 2.7365 1.5329 1.2079 -0.9869 -1.1345 -1.1697 0.2889 1.9335 3.3828 2.2663 1.8618 -1.5286 0.3979 1.9198 1.447 1.1162 -3.7857 1.6816 -2.328 1.6128 2.4897 -0.7112 -2.3973 -1.8932 -1.3173 1.4688 1.0546 3.8365 3.9891 0.3257 1.4254 3.201 3.8951 1.3015 -3.3443 1.8538 2.6697 -1.5865 4.0553 3.4482 -4.0621 1.112 3.9087 0.4013 -3.9733 3.9911 -0.6911 -2.5434 -1.4859 0.609 2.9393 -2.4492 -0.3546 
-0.3753 -3.8722 -1.4793 1.5991 1.5288 -2.052 0.8856 2.4326 -2.0108 -1.6278 -3.1641 1.6655 -3.6396 1.0652 -0.2328 -2.3643 0.3922 2.7768 -1.199 1.4502 3.1634 0.9709 -2.7024 -2.9175 -2.443 3.0459 0.351 4.0123 -1.8509 -1.6 -0.317 3.6544 1.4352 3.0256 -1.4539 -3.8223 -3.8202 0.3152 2.2557 2.9782 0.9282 3.7011 -0.2921 1.0702 1.3131 0.0491 -1.319 1.1143 3.1656 0.1947 -3.2117 -1.0829 2.1031 -3.836 -1.0118 2.7216 1.5606 1.2407 -0.9602 -1.1639 -1.1846 0.2897 1.9468 3.4164 2.2587 1.8755 -1.5822 0.4196 1.8931 1.4595 1.1147 -3.7871 1.6846 -2.3327 1.6037 2.5219 -0.7138 -2.4097 -1.8785 -1.3012 1.4774 1.0442 3.8233 4.0154 0.3354 1.3899 3.225 3.8953 1.2785 -3.3756 1.8789 2.6799 -1.5919 4.0648 3.4177 -4.0455 1.103 3.9108 0.3819 -4.0432 4.0104 -0.6892 -2.5161 -1.4701 0.5937 2.9384 -2.462 -0.3361 
-0.3478 -3.8883 -1.4878 1.6116 1.5577 -2.0297 0.8827 2.4549 -2.0003 -1.6322 -3.1703 1.622 -3.6577 1.0733 -0.2253 -2.3824 0.3824 2.7864 -1.17 1.4402 3.1644 0.9711 -2.7 -2.9304 -2.4647 3.0314 0.3751 3.9843 -1.8531 -1.6086 -0.3227 3.692 1.4077 2.9968 -1.4518 -3.8167 -3.8278 0.3009 2.2666 2.9464 0.9448 3.7231 -0.2968 1.0746 1.3256 0.0502 -1.3202 1.1258 3.1982 0.1853 -3.2246 -1.0976 2.0854 -3.795 -1.0221 2.7068 1.5939 1.2735 -0.9336 -1.1919 -1.1997 0.2906 1.9603 3.4499 2.2509 1.8892 -1.6356 0.4416 1.8675 1.4721 1.1137 -3.7863 1.6876 -2.3405 1.5946 2.554 -0.7163 -2.4218 -1.8638 -1.285 1.486 1.0336 3.81 4.0411 0.343 1.3555 3.2491 3.8954 1.2578 -3.4067 1.9036 2.6902 -1.5973 -4.0692 3.3858 -4.0291 1.0881 3.913 0.3626 4.0301 4.029 -0.6869 -2.4889 -1.4547 0.5786 2.9372 -2.4749 -0.3179 
-0.3203 -3.9043 -1.4962 1.6241 1.587 -2.0074 0.8794 2.4773 -1.9886 -1.6366 -3.177 1.5781 -3.6758 1.0816 -0.2177 -2.4008 0.3727 2.796 -1.1408 1.4297 3.1654 0.971 -2.6983 -2.9432 -2.4864 3.017 0.3957 3.9562 -1.855 -1.6171 -0.3283 3.7296 1.3802 2.9682 -1.45 -3.8111 -3.8355 0.2867 2.2776 2.9145 0.9612 3.7451 -0.3017 1.0778 1.338 0.0513 -1.3207 1.138 3.2304 0.1757 -3.2373 -1.1113 2.0676 -3.7541 -1.0321 2.6921 1.6302 1.3066 -0.9072 -1.2164 -1.215 0.2915 1.9738 3.4825 2.2429 1.903 -1.6889 0.464 1.8431 1.4849 1.1131 -3.7841 1.6906 -2.3505 1.5855 2.5859 -0.7188 -2.4336 -1.8519 -1.2689 1.4945 1.0228 3.7967 4.0666 0.347 1.3243 3.2733 3.8956 1.2408 -3.4374 1.9277 2.7007 -1.6027 -4.0602 3.3528 -4.0128 1.07 3.9155 0.3432 3.9609 4.047 -0.6841 -2.4619 -1.4396 0.5639 2.9359 -2.4877 -0.2999 
-0.2929 -3.9201 -1.5046 1.6366 1.6168 -1.985 0.8756 2.4998 -1.9771 -1.641 -3.1842 1.534 -3.6936 1.0899 -0.21 -2.4193 0.363 2.8056 -1.1115 1.4186 3.1664 0.9708 -2.6971 -2.9556 -2.5082 3.0027 0.408 3.928 -1.8569 -1.6254 -0.3337 3.7673 1.3527 2.9398 -1.4485 -3.8056 -3.8432 0.2725 2.2887 2.8825 0.9773 3.767 -0.3068 1.0799 1.3502 0.0526 -1.3204 1.151 3.2622 0.166 -3.2499 -1.124 2.0498 -3.7136 -1.0417 2.6776 1.6671 1.3397 -0.8809 -1.2345 -1.2304 0.2923 1.9873 3.5122 2.2347 1.9172 -1.7422 0.4868 1.8201 1.4978 1.1126 -3.7811 1.6936 -2.3616 1.5765 2.6178 -0.7213 -2.445 -1.846 -1.2527 1.503 1.0122 3.7835 -4.0516 0.3458 1.3009 3.2978 3.8958 1.2292 -3.468 1.9515 2.7112 -1.6081 -4.0514 3.3192 -3.9965 1.0506 3.9182 0.3238 3.8946 4.0649 -0.6808 -2.4349 -1.4249 0.5495 2.9343 -2.5004 -0.2823 
-0.2656 -3.9358 -1.5131 1.6491 1.6471 -1.9626 0.8716 2.5224 -1.9665 -1.6453 -3.1922 1.4895 -3.7112 1.0981 -0.2023 -2.4381 0.3532 2.815 -1.0819 1.407 3.1671 0.9707 -2.6959 -2.9676 -2.53 2.9885 0.4063 3.8995 -1.8586 -1.6335 -0.339 3.805 1.3251 2.9114 -1.4472 -3.8002 -3.8509 0.2583 2.3004 2.8504 0.9931 3.7889 -0.3122 1.0808 1.3622 0.0541 -1.3195 1.1644 3.2934 0.1559 -3.2623 -1.1361 2.0319 -3.6733 -1.0507 2.6631 1.7035 1.373 -0.8547 -1.2444 -1.246 0.2932 2.0009 3.536 2.2263 1.9325 -1.7953 0.51 1.7984 1.5109 1.1123 -3.7778 1.6966 -2.3728 1.5674 2.6496 -0.7238 -2.4562 -1.8482 -1.2366 1.5116 1.0017 3.7707 -4.0267 0.3384 1.2903 3.3224 3.8959 1.2239 -3.4983 1.9749 2.7218 -1.6136 -4.0429 3.2853 -3.9803 1.0309 3.9211 0.3043 3.8345 -4.0607 -0.677 -2.4079 -1.4103 0.5355 2.9325 -2.5131 -0.265 
-0.2384 -3.9514 -1.5215 1.6615 1.6776 -1.9401 0.8675 2.5448 -1.957 -1.6497 -3.201 1.445 -3.7284 1.1063 -0.1944 -2.4571 0.3434 2.8245 -1.0522 1.395 3.1672 0.9706 -2.6946 -2.9791 -2.5519 2.9743 0.3895 3.8708 -1.8602 -1.6415 -0.3441 3.8429 1.2975 2.8832 -1.4462 -3.795 -3.8587 0.2438 2.3126 2.8183 1.0088 3.8107 -0.3177 1.0808 1.3737 0.0557 -1.3181 1.1782 3.3236 0.1457 -3.2747 -1.148 2.0141 -3.6332 -1.0588 2.6486 1.7388 1.4064 -0.8285 -1.2472 -1.2618 0.2942 2.0145 3.5529 2.2177 1.9505 -1.8484 0.5335 1.7779 1.5241 1.1122 -3.7744 1.6996 -2.3839 1.5585 2.6812 -0.7262 -2.4671 -1.8576 -1.2204 1.5201 0.991 3.7586 -4.0019 0.3254 1.292 3.3472 3.8961 1.2243 -3.5284 1.9981 2.7326 -1.6191 -4.0345 3.2514 -3.9641 1.0113 3.9243 0.2848 3.7819 -4.043 -0.6728 -2.381 -1.3958 0.5219 2.9304 -2.5257 -0.2479 
-0.2114 -3.9667 -1.5299 1.6739 1.7083 -1.9176 0.8634 2.5672 -1.9485 -1.6539 -3.2106 1.4007 -3.7452 1.1145 -0.1865 -2.4764 0.3335 2.8338 -1.0221 1.3828 3.1664 0.9705 -2.6932 -2.9901 -2.5738 2.9602 0.3624 3.8416 -1.8618 -1.6494 -0.349 3.8808 1.2702 2.855 -1.4454 -3.7899 -3.8666 0.2288 2.3257 2.786 1.0249 3.8324 -0.3234 1.0801 1.3843 0.0575 -1.3162 1.1923 3.3524 0.1353 -3.2869 -1.1598 1.9971 -3.5933 -1.0657 2.6341 1.7728 1.4398 -0.8023 -1.2458 -1.2781 0.2951 2.0282 3.5662 2.2089 1.9739 -1.9014 0.5569 1.7583 1.5375 1.1121 -3.7712 1.7028 -2.3946 1.5496 2.7126 -0.7287 -2.4778 -1.8714 -1.2043 1.5286 0.9799 3.7474 -3.9773 0.3081 1.2987 3.3721 3.8963 1.2291 -3.5585 2.0211 2.7435 -1.6246 -4.0262 3.2177 -3.948 0.9919 3.9277 0.2652 3.7341 -4.0253 -0.6682 -2.3542 -1.3813 0.5085 2.9281 -2.5382 -0.2311 
-0.1845 -3.9819 -1.5384 1.6861 1.739 -1.8951 0.8592 2.5895 -1.9412 -1.6582 -3.221 1.3576 -3.7614 1.1227 -0.1784 -2.4958 0.3236 2.8431 -0.9918 1.3705 3.1643 0.9705 -2.6917 -3.0005 -2.5956 2.946 0.33 3.8119 -1.8633 -1.657 -0.3538 3.9187 1.2434 2.827 -1.4446 -3.7851 -3.8746 0.2132 2.3395 2.7536 1.0415 3.854 -0.3292 1.079 1.3932 0.0595 -1.314 1.2067 3.3789 0.1247 -3.299 -1.1717 1.9815 -3.5537 -1.0712 2.6196 1.8054 1.4734 -0.7761 -1.2424 -1.2949 0.2961 2.0418 3.5784 2.1998 2.0059 -1.9544 0.5794 1.7395 1.551 1.1122 -3.7682 1.706 -2.405 1.5407 2.744 -0.7311 -2.4882 -1.8873 -1.1882 1.5371 0.9681 3.7375 -3.9528 0.2881 1.3019 3.3971 3.8965 1.2366 -3.5885 2.0439 2.7546 -1.6302 -4.018 3.1841 -3.9319 0.9727 3.9312 0.2455 3.6893 -4.0076 -0.663 -2.3273 -1.367 0.4952 2.9255 -2.5507 -0.2147 
-0.1578 -3.9969 -1.5468 1.6983 1.7696 -1.8725 0.8552 2.6116 -1.9353 -1.6624 -3.2321 1.3173 -3.7769 1.1308 -0.1702 -2.5155 0.3136 2.8523 -0.9612 1.3582 3.1606 0.9705 -2.6902 -3.0106 -2.6173 2.9319 0.2952 3.7815 -1.8648 -1.6645 -0.3584 3.9567 1.2177 2.7989 -1.4439 -3.7804 -3.8827 0.1962 2.354 2.721 1.0584 3.8756 -0.3351 1.0776 1.3991 0.0617 -1.3116 1.2212 3.4029 0.114 -3.3109 -1.1836 1.9686 -3.5142 -1.075 2.6051 1.8367 1.507 -0.7498 -1.2383 -1.3122 0.2972 2.0554 3.5903 2.1905 2.0475 -2.0073 0.5995 1.7212 1.5647 1.1124 -3.7655 1.7093 -2.4151 1.5319 2.7751 -0.7336 -2.4985 -1.9041 -1.172 1.5457 0.9558 3.7293 -3.9284 0.2668 1.2977 3.4223 3.8968 1.2457 -3.6185 2.0666 2.7658 -1.6358 -4.0096 3.1507 -3.9158 0.9538 3.935 0.2258 3.6471 -3.9899 -0.6575 -2.3005 -1.3526 0.4819 2.9227 -2.5631 -0.1984 
-0.1313 -4.0116 -1.5553 1.7104 1.8002 -1.8498 0.8512 2.6336 -1.9307 -1.6665 -3.2437 1.2823 -3.7917 1.1389 -0.1619 -2.5355 0.3035 2.8614 -0.9305 1.3459 3.1554 0.9706 -2.6889 -3.0204 -2.6386 2.9178 0.2595 3.7505 -1.8662 -1.6719 -0.363 3.9947 1.1936 2.7709 -1.4432 -3.7759 -3.8909 0.1775 2.3691 2.6883 1.0756 3.8971 -0.341 1.0761 1.4013 0.0642 -1.309 1.2358 3.4246 0.1033 -3.3227 -1.1956 1.9592 -3.4749 -1.0772 2.5904 1.867 1.5407 -0.7235 -1.2341 -1.3301 0.2983 2.069 3.6023 2.1811 2.0962 -2.0601 0.6152 1.7032 1.5785 1.1128 -3.7631 1.7127 -2.4248 1.5232 2.8061 -0.736 -2.5086 -1.9212 -1.1559 1.5542 0.9432 3.7227 -3.9041 0.245 1.2872 3.4475 3.897 1.2555 -3.6482 2.0891 2.7773 -1.6414 -4.0012 3.1176 -3.8997 0.9351 3.9386 0.2061 3.607 -3.9722 -0.6516 -2.2737 -1.3384 0.4681 2.9196 -2.5754 -0.1825 
-0.105 -4.026 -1.5637 1.7225 1.8306 -1.8272 0.8473 2.6554 -1.9274 -1.6707 -3.2559 1.2551 -3.8057 1.1469 -0.1534 -2.5557 0.2935 2.8704 -0.8997 1.3335 3.1488 0.9706 -2.6881 -3.0301 -2.6593 2.9037 0.2233 3.7188 -1.8676 -1.679 -0.3679 4.0327 1.1713 2.7429 -1.4424 -3.7715 -3.8993 0.1567 2.3846 2.6555 1.093 3.9185 -0.3468 1.0748 1.3995 0.0669 -1.3063 1.2506 3.4449 0.0927 -3.3345 -1.2077 1.9536 -3.4358 -1.0778 2.5757 1.8965 1.5744 -0.6971 -1.23 -1.3483 0.2995 2.0826 3.6143 2.1715 2.1487 -2.1128 0.6246 1.6855 1.5925 1.1132 -3.761 1.7163 -2.4342 1.5145 2.8369 -0.7384 -2.5186 -1.9384 -1.1397 1.5628 0.9307 3.7176 -3.8798 0.2231 1.2732 3.4729 3.8974 1.2654 -3.6773 2.1115 2.789 -1.647 -3.9927 3.0847 -3.8837 0.9165 3.9418 0.1863 3.5679 -3.9545 -0.6452 -2.2469 -1.3243 0.4532 2.9163 -2.5876 -0.1667 
-0.0789 -4.0401 -1.5722 1.7349 1.8611 -1.8045 0.8435 2.677 -1.9251 -1.6747 -3.2684 1.2362 -3.8191 1.1549 -0.1447 -2.5761 0.2831 2.8793 -0.8694 1.3213 3.141 0.9706 -2.6875 -3.0397 -2.6797 2.8896 0.1873 3.6864 -1.8689 -1.6859 -0.3739 4.0707 1.1504 2.7149 -1.4417 -3.7674 -3.9078 0.1341 2.4002 2.6224 1.1105 3.9398 -0.3525 1.0737 1.3948 0.07 -1.3034 1.2655 3.4647 0.0827 -3.3461 -1.2199 1.9508 -3.3969 -1.0773 2.5608 1.9254 1.6081 -0.671 -1.226 -1.367 0.301 2.0962 3.6263 2.1619 2.2027 -2.1655 0.6279 1.6677 1.6066 1.1138 -3.7591 1.7201 -2.4434 1.5057 2.8676 -0.7408 -2.5285 -1.9556 -1.1236 1.5714 0.9191 3.7137 -3.8555 0.2014 1.2575 3.4982 3.8978 1.275 -3.7053 2.1339 2.8008 -1.6527 -3.9841 3.052 -3.8678 0.8981 3.944 0.1665 3.5292 -3.9368 -0.6386 -2.2201 -1.3103 0.4362 2.9127 -2.5998 -0.1513 
-0.0528 -4.0539 -1.5807 1.7481 1.8915 -1.7817 0.8397 2.6986 -1.9236 -1.6788 -3.2811 1.2246 -3.8317 1.1629 -0.1359 -2.5968 0.2722 2.888 -0.8399 1.309 3.1326 0.9706 -2.6869 -3.0492 -2.7002 2.8754 0.1526 3.6534 -1.8702 -1.6926 -0.3823 -4.0348 1.1304 2.6869 -1.4413 -3.7633 -3.9164 0.1112 2.4159 2.5892 1.128 3.961 -0.358 1.0728 1.3885 0.0733 -1.3004 1.2805 3.4842 0.0736 -3.3578 -1.2321 1.9496 -3.3581 -1.0758 2.5458 1.9538 1.6418 -0.6459 -1.2222 -1.3859 0.3032 2.1097 3.6384 2.1522 2.2572 -2.2182 0.6267 1.6499 1.6208 1.1146 -3.7574 1.724 -2.4522 1.4969 2.8983 -0.7432 -2.5382 -1.9727 -1.1075 1.58 0.9087 3.7105 -3.8311 0.18 1.2413 3.5236 3.8982 1.2836 -3.7313 2.1562 2.8129 -1.6584 -3.9753 3.0195 -3.852 0.8799 3.9444 0.1467 3.4905 -3.9191 -0.6316 -2.1933 -1.2963 0.4164 2.9089 -2.6118 -0.1361 
-0.0266 -4.0673 -1.5892 1.763 1.9221 -1.759 0.836 2.72 -1.9226 -1.6828 -3.2942 1.2188 -3.8438 1.1708 -0.1269 -2.6177 0.2606 2.8966 -0.8122 1.2968 3.1237 0.9705 -2.686 -3.0588 -2.7208 2.8613 0.1209 3.6198 -1.8715 -1.6992 -0.3952 -3.9972 1.1107 2.6589 -1.4413 -3.7594 -3.9251 0.0907 2.4315 2.5557 1.1453 3.9821 -0.3633 1.0722 1.3815 0.0769 -1.2973 1.2957 3.5037 0.0661 -3.3695 -1.2443 1.9492 -3.3194 -1.0738 2.5306 1.9819 1.6756 -0.6236 -1.2187 -1.4052 0.3063 2.1233 3.6506 2.1423 2.3122 -2.2708 0.6231 1.632 1.6352 1.1154 -3.7559 1.7279 -2.4607 1.4878 2.9291 -0.7457 -2.5479 -1.9899 -1.0913 1.5886 0.8999 3.7078 -3.8066 0.159 1.2248 3.5491 3.8987 1.2902 -3.7542 2.1787 2.8253 -1.6641 -3.9664 2.987 -3.8364 0.8619 3.942 0.1269 3.4515 -3.9015 -0.6244 -2.1665 -1.282 0.3932 2.9048 -2.6236 -0.1211 
0.0 4.0628 -1.5977 1.7811 1.9528 -1.7362 0.8325 2.7413 -1.9217 -1.6867 -3.3074 1.2171 -3.8554 1.1787 -0.1177 -2.6388 0.2484 2.9051 -0.7871 1.2845 3.1147 0.9704 -2.6849 -3.0685 -2.7417 2.8472 0.0948 3.5857 -1.8728 -1.7055 -0.4142 -3.96 1.0907 2.6309 -1.4422 -3.7556 -3.9338 0.0746 2.4469 2.5222 1.1621 4.003 -0.3684 1.0719 1.3746 0.0808 -1.294 1.3109 3.5231 0.0609 -3.3814 -1.2565 1.9489 -3.2808 -1.0715 2.5153 2.0099 1.7094 -0.6063 -1.2156 -1.4247 0.3104 2.1368 3.6628 2.1322 2.3679 -2.3234 0.6183 1.6138 1.6497 1.1164 -3.7546 1.7314 -2.4689 1.4783 2.9601 -0.7481 -2.5574 -2.007 -1.0752 1.5971 0.8922 3.7053 -3.7819 0.1383 1.2082 3.5747 3.8993 1.2936 -3.7736 2.2015 2.8379 -1.6699 -3.9573 2.9547 -3.821 0.8439 3.9363 0.107 3.4124 -3.8838 -0.6171 -2.1398 -1.2671 0.3669 2.9005 -2.6352 -0.1063 
0.0273 4.0499 -1.6062 1.8033 1.9836 -1.7134 0.8289 2.7625 -1.9209 -1.6908 -3.3209 1.2182 -3.8666 1.1866 -0.1083 -2.6602 0.236 2.9135 -0.7655 1.2723 3.1056 0.9702 -2.6837 -3.0782 -2.7628 2.833 0.0761 3.5512 -1.874 -1.7116 -0.439 -3.9231 1.0705 2.6029 -1.4444 -3.7519 -3.9425 0.0631 2.4622 2.4895 1.1776 4.0236 -0.3732 1.0719 1.3682 0.0851 -1.2905 1.3264 3.5424 0.0585 -3.3936 -1.2686 1.9485 -3.2423 -1.0691 2.4997 2.0377 1.7431 -0.5953 -1.2134 -1.4444 0.3151 2.1504 3.6752 2.1222 2.4245 -2.3759 0.6127 1.5955 1.6643 1.1174 -3.7533 1.7339 -2.4768 1.4681 2.9913 -0.7505 -2.5669 -2.0242 -1.059 1.6057 0.8855 3.7029 -3.7568 0.1179 1.1915 3.6004 3.9 1.2925 -3.7897 2.2249 2.8507 -1.6757 -3.948 2.9225 -3.8058 0.8261 3.9275 0.0871 3.373 -3.8662 -0.6097 -2.113 -1.2511 0.3382 2.896 -2.6466 -0.0919 
0.0556 4.0372 -1.6144 1.8298 2.0147 -1.6906 0.8255 2.7836 -1.92 -1.695 -3.3345 1.2208 -3.8775 1.1945 -0.0988 -2.6819 0.2235 2.9217 -0.748 1.26 3.0965 0.9699 -2.6822 -3.088 -2.7842 2.8189 0.064 3.5163 -1.8751 -1.7174 -0.4675 -3.8866 1.0498 2.5749 -1.4481 -3.7483 -3.9509 0.0547 2.4772 2.4589 1.1911 4.0437 -0.3777 1.0723 1.3624 0.0897 -1.2869 1.3421 3.5617 0.0592 -3.4062 -1.2808 1.9479 -3.2039 -1.0669 2.484 2.0654 1.7769 -0.589 -1.213 -1.4644 0.3204 2.164 3.6877 2.1132 2.4822 -2.4284 0.6066 1.577 1.6791 1.1186 -3.7522 1.734 -2.4841 1.457 3.0228 -0.7529 -2.5763 -2.0414 -1.0429 1.6141 0.8793 3.7004 -3.7314 0.0977 1.1747 3.6262 3.9009 1.287 -3.8035 2.249 2.8637 -1.6815 -3.9386 2.8903 -3.7907 0.8084 3.9164 0.0671 3.3334 -3.8485 -0.6024 -2.0862 -1.2341 0.3081 2.8912 -2.6577 -0.0776 
0.0852 4.0248 -1.6221 1.8596 2.0458 -1.6677 0.8221 2.8047 -1.9189 -1.6998 -3.3482 1.224 -3.8883 1.2023 -0.089 -2.7038 0.2109 2.9298 -0.7343 1.2477 3.0876 0.9695 -2.6807 -3.098 -2.8058 2.8047 0.0561 3.4812 -1.8762 -1.723 -0.498 -3.8507 1.0288 2.5469 -1.453 -3.7449 -3.9588 0.0479 2.492 2.4324 1.2012 4.0631 -0.382 1.0729 1.3572 0.0946 -1.2831 1.3582 3.581 0.0625 -3.4195 -1.2929 1.9473 -3.1656 -1.0648 2.468 2.093 1.8106 -0.5829 -1.2162 -1.4846 0.3263 2.1776 3.7004 2.1067 2.5408 -2.481 0.5999 1.5583 1.6939 1.1198 -3.7512 1.7297 -2.4908 1.4448 3.0545 -0.7553 -2.5857 -2.0586 -1.0267 1.6226 0.8733 3.6979 -3.7056 0.0779 1.1576 3.6523 3.9018 1.2783 -3.8158 2.274 2.877 -1.6873 -3.9291 2.8581 -3.7757 0.7905 3.904 0.0471 3.2934 -3.8308 -0.5952 -2.0595 -1.216 0.2771 2.8861 -2.6685 -0.0636 
0.1162 4.0125 -1.6288 1.8913 2.0771 -1.6447 0.8187 2.8257 -1.9176 -1.7055 -3.3621 1.2271 -3.899 1.2101 -0.079 -2.7259 0.1983 2.9377 -0.7241 1.2354 3.0787 0.9691 -2.6791 -3.108 -2.8276 2.7905 0.0502 3.4459 -1.8773 -1.7284 -0.5292 -3.8151 1.0079 2.5189 -1.4591 -3.7414 -3.9662 0.0416 2.5067 2.4121 1.2064 -4.0616 -0.386 1.0739 1.3528 0.1 -1.2792 1.375 3.6002 0.0679 -3.4337 -1.305 1.9469 -3.1274 -1.0629 2.4518 2.1206 1.8443 -0.5726 -1.2256 -1.505 0.3325 2.1913 3.7133 2.1046 2.6 -2.5336 0.5926 1.5396 1.7089 1.1212 -3.7503 1.7191 -2.4968 1.4315 3.0862 -0.7577 -2.595 -2.0759 -1.0105 1.631 0.8673 3.6952 -3.6795 0.0582 1.1401 3.6786 3.9028 1.2678 -3.8275 2.3 2.8905 -1.6931 -3.9193 2.826 -3.7607 0.7723 3.8911 0.027 3.2532 -3.8132 -0.588 -2.0327 -1.1972 0.2459 2.8809 -2.679 -0.0497 
0.1487 4.0004 -1.6342 1.924 2.1083 -1.6217 0.8154 2.8466 -1.916 -1.7126 -3.3761 1.2296 -3.9096 1.218 -0.0688 -2.7482 0.1855 2.9455 -0.7165 1.223 3.0699 0.9685 -2.6773 -3.1181 -2.8496 2.7764 0.0452 3.4106 -1.8783 -1.7336 -0.5608 -3.78 0.9875 2.4909 -1.4658 -3.7381 -3.9731 0.0355 2.521 2.3988 1.206 -4.0439 -0.3899 1.0752 1.349 0.1056 -1.2751 1.3926 3.6194 0.0746 -3.4489 -1.317 1.9468 -3.0892 -1.0612 2.4353 2.1482 1.878 -0.5557 -1.2424 -1.5257 0.3383 2.205 3.7264 2.1078 2.6594 -2.5862 0.5847 1.5208 1.724 1.1226 -3.7494 1.7015 -2.5018 1.4173 3.1179 -0.7601 -2.6043 -2.0932 -0.9943 1.6393 0.8613 3.6925 -3.6531 0.0389 1.122 3.7053 3.9038 1.2567 -3.839 2.3268 2.9043 -1.6989 -3.9094 2.7939 -3.7457 0.7534 3.8779 0.0068 3.2126 -3.7955 -0.5808 -2.006 -1.1779 0.2147 2.8753 -2.6891 -0.0359 
0.1823 3.9885 -1.6386 1.9571 2.1395 -1.5987 0.8121 2.8676 -1.9142 -1.7206 -3.3902 1.2311 -3.9202 1.2258 -0.0583 -2.7708 0.1727 2.9532 -0.7108 1.2107 3.0611 0.9679 -2.6754 -3.1284 -2.8719 2.7622 0.0407 3.3759 -1.8793 -1.7385 -0.5925 -3.745 0.9688 2.4628 -1.473 -3.7348 -3.9796 0.0292 2.5352 2.3912 1.2003 -4.0268 -0.3939 1.0768 1.3458 0.1117 -1.2708 1.4116 3.6383 0.082 -3.4655 -1.329 1.9474 -3.0511 -1.0597 2.4187 2.1758 1.9116 -0.533 -1.2656 -1.5465 0.3428 2.2187 3.7397 2.1164 2.7185 -2.6389 0.5763 1.5021 1.7393 1.124 -3.7487 1.6783 -2.5057 1.4022 3.1495 -0.7625 -2.6137 -2.1107 -0.9781 1.6475 0.855 3.6896 -3.6265 0.0202 1.1028 3.7322 3.9049 1.2457 -3.8504 2.3543 2.9182 -1.7048 -3.8993 2.7619 -3.7306 0.7336 3.865 -0.0133 3.1719 -3.778 -0.5736 -1.9792 -1.1585 0.1835 2.8695 -2.6988 -0.022 
0.217 3.9766 -1.6424 1.9901 2.1707 -1.5755 0.8088 2.8885 -1.9122 -1.7293 -3.4044 1.2314 -3.9308 1.2337 -0.0477 -2.7936 0.1598 2.9606 -0.7063 1.1983 3.0524 0.9673 -2.6734 -3.1388 -2.8943 2.7479 0.0363 3.3424 -1.8801 -1.7432 -0.6243 -3.7101 0.9535 2.4348 -1.4805 -3.7316 -3.9861 0.0227 2.5492 2.3872 1.1907 -4.0101 -0.3983 1.0786 1.343 0.1183 -1.2663 1.432 3.6564 0.0898 -3.4834 -1.3409 1.949 -3.013 -1.0584 2.4018 2.2034 1.9452 -0.5077 -1.2927 -1.5676 0.3443 2.2319 3.7529 2.1293 2.7764 -2.6918 0.5673 1.4836 1.7547 1.1255 -3.7479 1.6515 -2.5086 1.3867 3.1809 -0.7649 -2.623 -2.1282 -0.9619 1.6555 0.8486 3.6867 -3.5998 0.0029 1.0824 3.7594 3.9058 1.2354 -3.8618 2.3822 2.9324 -1.7106 -3.8889 2.7298 -3.7153 0.7126 3.853 -0.0336 3.1313 -3.7607 -0.5663 -1.9525 -1.139 0.1526 2.8635 -2.7077 -0.0077 
0.2525 3.9648 -1.646 2.0229 2.2017 -1.5522 0.8056 2.9094 -1.91 -1.7382 -3.4186 1.23 -3.9414 1.2415 -0.0368 -2.8166 0.1469 2.968 -0.7025 1.186 3.0437 0.9667 -2.6712 -3.1493 -2.9166 2.7337 0.032 3.3111 -1.8809 -1.7476 -0.6562 -3.6749 0.9431 2.4067 -1.4882 -3.7284 -3.9926 0.0159 2.563 2.3851 1.1796 -3.994 -0.4037 1.0807 1.3406 0.1252 -1.2617 1.4539 3.6726 0.0976 -3.5025 -1.3527 1.9521 -2.9749 -1.0573 2.3848 2.2309 1.9787 -0.484 -1.3218 -1.5889 0.3413 2.2439 3.7659 2.1452 2.8321 -2.7447 0.558 1.4652 1.7701 1.127 -3.7473 1.6229 -2.5105 1.3709 3.2122 -0.7673 -2.6324 -2.1458 -0.9457 1.6635 0.8419 3.6837 -3.573 -0.0109 1.0599 3.787 3.9065 1.2257 -3.8733 2.4102 2.9467 -1.7165 -3.8784 2.6978 -3.6998 0.6902 3.843 -0.0538 3.0916 -3.7438 -0.559 -1.9258 -1.1194 0.1218 2.8572 -2.7157 0.0075 
0.2884 3.9531 -1.6495 2.0555 2.2325 -1.5287 0.8024 2.9304 -1.9076 -1.7471 -3.433 1.2267 -3.9522 1.2492 -0.0257 -2.8398 0.1339 2.9752 -0.6992 1.1738 3.0349 0.9663 -2.6689 -3.16 -2.9388 2.7194 0.0278 3.2829 -1.8816 -1.7519 -0.6881 -3.6394 0.9381 2.3786 -1.496 -3.7253 -3.9993 0.0087 2.5766 2.3839 1.1689 -3.9785 -0.4108 1.0831 1.3383 0.1325 -1.257 1.4774 3.686 0.1055 -3.5225 -1.3645 1.9569 -2.9368 -1.0563 2.3675 2.2585 2.0122 -0.4664 -1.3515 -1.6104 0.3335 2.2535 3.778 2.163 2.8848 -2.7977 0.5483 1.4471 1.7858 1.1285 -3.7466 1.5935 -2.5116 1.3551 3.2433 -0.7698 -2.6419 -2.1636 -0.9295 1.6713 0.835 3.6807 -3.5462 -0.0178 1.0346 3.8149 3.9068 1.2167 -3.8848 2.4382 2.9612 -1.7224 -3.8676 2.6658 -3.6838 0.6666 3.8361 -0.0741 3.0541 -3.7275 -0.5519 -1.8991 -1.0997 0.0912 2.8507 -2.7223 0.0244 
0.3246 3.9415 -1.6531 2.0877 2.2632 -1.5052 0.7993 2.9513 -1.905 -1.7561 -3.4475 1.2215 -3.9631 1.2568 -0.0143 -2.8631 0.1207 2.9822 -0.6959 1.1616 3.026 0.9664 -2.6664 -3.1709 -2.9604 2.705 0.0237 3.2574 -1.8821 -1.7559 -0.7202 -3.603 0.9378 2.3505 -1.504 -3.7222 -4.0062 0.0015 2.59 2.3832 1.1595 -3.9639 -0.4205 1.0857 1.3361 0.1402 -1.252 1.5021 3.6967 0.1133 -3.542 -1.3762 1.9634 -2.8987 -1.0555 2.3501 2.2861 2.0457 -0.4573 -1.3816 -1.6322 0.3217 2.2581 3.788 2.1819 2.9349 -2.8507 0.5384 1.4293 1.8015 1.1301 -3.746 1.5637 -2.5121 1.3394 3.2743 -0.7722 -2.6514 -2.1815 -0.9132 1.679 0.8279 3.6776 -3.5194 -0.0162 1.0067 3.843 3.9063 1.2082 -3.8962 2.466 2.9759 -1.7282 -3.8566 2.6338 -3.6671 0.642 3.832 -0.0945 3.0212 -3.7122 -0.545 -1.8724 -1.08 0.0609 2.8439 -2.7275 0.0435 
0.361 3.93 -1.6568 2.1196 2.2938 -1.4816 0.7962 2.9723 -1.9022 -1.7651 -3.4622 1.2144 -3.9742 1.2642 -0.0028 -2.8865 0.1076 2.9892 -0.6925 1.1495 3.017 0.9672 -2.6637 -3.182 -2.9813 2.6907 0.0195 3.2336 -1.8826 -1.7597 -0.7524 -3.5655 0.9406 2.3224 -1.5122 -3.7191 -4.0132 -0.0058 2.6033 2.3826 1.1511 -3.9506 -0.4334 1.0886 1.3339 0.1481 -1.247 1.5278 3.706 0.121 -3.5591 -1.3878 1.9717 -2.8606 -1.0547 2.3326 2.3138 2.0792 -0.4546 -1.4118 -1.6541 0.3075 2.2552 3.7939 2.2015 2.9833 -2.9035 0.5283 1.4119 1.8174 1.1316 -3.7455 1.5337 -2.5121 1.3239 3.3051 -0.7746 -2.661 -2.1996 -0.897 1.6865 0.8207 3.6745 -3.4927 -0.0087 0.9768 3.8714 3.9048 1.2002 -3.9075 2.4936 2.9906 -1.7341 -3.8453 2.6019 -3.6495 0.6167 3.8294 -0.1148 2.9955 -3.6979 -0.5388 -1.8456 -1.0603 0.0311 2.8368 -2.7312 0.0653 
0.3975 3.9185 -1.6605 2.1511 2.3241 -1.458 0.7933 2.9934 -1.8993 -1.7742 -3.477 1.2058 -3.9857 1.2712 0.009 -2.9099 0.0943 2.996 -0.6889 1.1375 3.008 0.9695 -2.6607 -3.1935 -3.001 2.6762 0.0155 3.2106 -1.8829 -1.7632 -0.7845 -3.5268 0.9452 2.2943 -1.5204 -3.716 -4.0203 -0.0126 2.6164 2.3821 1.1432 -3.9385 -0.4497 1.0918 1.3316 0.1564 -1.2418 1.5543 3.7148 0.1286 -3.5712 -1.3993 1.9814 -2.8224 -1.054 2.3148 2.3414 2.1127 -0.455 -1.442 -1.6764 0.2923 2.2438 3.7934 2.2214 3.031 -2.9561 0.518 1.395 1.8335 1.1331 -3.7451 1.5037 -2.5117 1.3086 3.3358 -0.777 -2.6706 -2.2178 -0.8807 1.6938 0.8133 3.6714 -3.4661 0.0007 0.9458 3.8998 3.9022 1.1927 -3.9188 2.5208 3.0054 -1.74 -3.8339 2.57 -3.6308 0.5908 3.8275 -0.1352 2.978 -3.6851 -0.5333 -1.8189 -1.0404 0.0025 2.8295 -2.7335 0.0896 
0.4339 3.9071 -1.6644 2.1823 2.3543 -1.4347 0.7905 3.0145 -1.8963 -1.7833 -3.4919 1.1958 -3.9979 1.2779 0.0211 -2.9333 0.0809 3.0028 -0.6851 1.1256 2.9989 0.9739 -2.6576 -3.2052 -3.0193 2.6617 0.0115 3.1881 -1.883 -1.7666 -0.8164 -3.4869 0.9508 2.2662 -1.5288 -3.713 -4.0276 -0.0188 2.6295 2.3815 1.1357 -3.9277 -0.4701 1.0954 1.3291 0.1647 -1.2365 1.5813 3.7236 0.1362 -3.5768 -1.4108 1.9923 -2.7841 -1.0533 2.2969 2.3691 2.1462 -0.4563 -1.4723 -1.6989 0.2767 2.2256 3.7853 2.2413 3.0786 -3.0086 0.5074 1.3785 1.8496 1.1345 -3.7447 1.4737 -2.511 1.2936 3.3665 -0.7795 -2.6802 -2.2362 -0.8644 1.701 0.8058 3.6683 -3.4395 0.009 0.9142 3.9284 3.8983 1.1856 -3.9299 2.5475 3.0203 -1.7459 -3.8223 2.5382 -3.6109 0.5648 3.8258 -0.1556 2.9671 -3.6737 -0.5288 -1.7922 -1.0205 -0.024 2.8219 -2.7344 0.1157 
0.4703 3.8957 -1.6683 2.2131 2.3843 -1.4123 0.7878 3.0357 -1.8931 -1.7925 -3.5067 1.185 -4.011 1.2843 0.0334 -2.9567 0.0675 3.0095 -0.681 1.114 2.9897 0.9813 -2.6542 -3.2173 -3.0359 2.6472 0.0076 3.166 -1.883 -1.7698 -0.8475 -3.4463 0.9569 2.2381 -1.5373 -3.7099 -4.035 -0.0242 2.6426 2.3809 1.1285 -3.9178 -0.4957 1.0993 1.3264 0.1732 -1.2311 1.6089 3.7323 0.1437 -3.5768 -1.4222 2.004 -2.7456 -1.0527 2.2786 2.3969 2.1796 -0.458 -1.5026 -1.7216 0.2611 2.2031 3.7703 2.261 3.1263 -3.061 0.4965 1.3626 1.866 1.1359 -3.7447 1.4439 -2.51 1.2786 3.3971 -0.7819 -2.6899 -2.2548 -0.8481 1.7079 0.798 3.6652 -3.413 0.0149 0.8822 3.957 3.8931 1.1788 -3.941 2.5738 3.0352 -1.7518 -3.8106 2.5064 -3.5897 0.5385 3.8242 -0.176 2.9602 -3.6638 -0.5254 -1.7654 -1.0006 -0.0465 2.8141 -2.7342 0.1432 
0.5065 3.8843 -1.6724 2.2436 2.4141 -1.3914 0.7846 3.057 -1.8898 -1.8017 -3.5208 1.1735 -4.0254 1.2904 0.0459 -2.9799 0.0541 3.0162 -0.6765 1.1025 2.9809 0.9919 -2.6507 -3.2298 -3.0506 2.6326 0.0038 3.1448 -1.8827 -1.7728 -0.8771 -3.4051 0.9633 2.2099 -1.5459 -3.7069 -4.0426 -0.0287 2.6558 2.3803 1.122 -3.9086 -0.5273 1.1037 1.3234 0.1817 -1.2256 1.6369 3.7411 0.1512 -3.5732 -1.4336 2.0162 -2.7071 -1.0521 2.2598 2.4247 2.2131 -0.4597 -1.5329 -1.7446 0.2457 2.1785 3.7506 2.2799 3.1743 -3.1135 0.4851 1.347 1.8825 1.1372 -3.7452 1.4152 -2.5088 1.2638 3.4277 -0.7842 -2.6995 -2.2736 -0.8318 1.7147 0.7897 3.6622 -3.3866 0.0177 0.8501 3.9856 3.8869 1.1723 -3.9518 2.5995 3.0501 -1.7577 -3.7989 2.4747 -3.5672 0.5123 3.8226 -0.1964 2.9549 -3.655 -0.523 -1.7387 -0.9805 -0.0637 2.8059 -2.7329 0.1715 
0.5427 3.8728 -1.6766 2.2738 2.4438 -1.3729 0.7792 3.0784 -1.8864 -1.8112 -3.5338 1.1617 -4.0417 1.2963 0.0587 -3.0024 0.0405 3.0229 -0.6718 1.0912 2.9726 1.0055 -2.6471 -3.2425 -3.0632 2.618 0.0 3.1256 -1.8822 -1.7756 -0.9044 -3.3636 0.9698 2.1817 -1.5548 -3.7039 -4.0503 -0.0325 2.6691 2.3796 1.1167 -3.8996 -0.5646 1.1084 1.32 0.1901 -1.2201 1.6654 3.75 0.1587 -3.5679 -1.4449 2.0287 -2.6683 -1.0514 2.2401 2.4525 2.2466 -0.4614 -1.563 -1.7677 0.2305 2.1531 3.7283 2.297 3.2225 -3.1667 0.4731 1.3317 1.8991 1.1384 -3.7466 1.3893 -2.5074 1.249 3.4583 -0.7866 -2.7089 -2.2927 -0.8155 1.7213 0.7804 3.6593 -3.3602 0.0178 0.8177 4.0139 3.8797 1.1659 -3.9626 2.6246 3.065 -1.7636 -3.7872 2.443 -3.5436 0.4861 3.8207 -0.2168 2.9502 -3.6472 -0.5213 -1.7119 -0.9604 -0.0758 2.7976 -2.7306 0.2002 
